date,channel,device,sessions,users,pageviews,bounce_rate,conversions,revenue
2024-01-01,Direct,Desktop,509,398,1005,0.384,16,800.8
2024-01-01,Direct,Mobile,548,469,1696,0.49,10,588.45
2024-01-01,Direct,Tablet,99,79,222,0.417,3,201.87
2024-01-01,Email,Desktop,158,135,493,0.331,7,414.79
2024-01-01,Email,Mobile,212,165,455,0.451,7,387.84
2024-01-01,Email,Tablet,31,26,67,0.396,1,73.41
2024-01-01,Organic Search,Desktop,859,675,1984,0.385,27,1947.6
2024-01-01,Organic Search,Mobile,895,710,2128,0.495,13,1104.13
2024-01-01,Organic Search,Tablet,164,137,324,0.304,3,184.47
2024-01-01,Paid Search,Desktop,385,287,1131,0.35,16,1077.29
2024-01-01,Paid Search,Mobile,541,435,1305,0.442,13,664.21
2024-01-01,Paid Search,Tablet,68,58,127,0.405,2,105.4
2024-01-01,Referral,Desktop,140,116,314,0.309,4,256.79
2024-01-01,Referral,Mobile,184,148,580,0.409,4,336.19
2024-01-01,Referral,Tablet,24,19,70,0.361,1,75.95
2024-01-01,Social,Desktop,357,296,1052,0.309,6,441.13
2024-01-01,Social,Mobile,417,321,1239,0.44,4,222.86
2024-01-01,Social,Tablet,67,53,159,0.345,1,79.6
2024-01-02,Direct,Desktop,389,309,751,0.314,13,868.59
2024-01-02,Direct,Mobile,462,365,886,0.422,9,535.86
2024-01-02,Direct,Tablet,98,79,269,0.356,2,150.5
2024-01-02,Email,Desktop,174,137,470,0.37,9,593.31
2024-01-02,Email,Mobile,182,150,388,0.405,6,329.09
2024-01-02,Email,Tablet,29,23,60,0.341,1,55.34
2024-01-02,Organic Search,Desktop,653,519,1484,0.385,17,945.97
2024-01-02,Organic Search,Mobile,876,730,2412,0.427,12,773.02
2024-01-02,Organic Search,Tablet,136,112,430,0.345,3,246.68
2024-01-02,Paid Search,Desktop,373,304,806,0.35,14,1192.39
2024-01-02,Paid Search,Mobile,559,466,1764,0.514,14,1189.67
2024-01-02,Paid Search,Tablet,83,64,202,0.386,3,166.5
2024-01-02,Referral,Desktop,155,122,349,0.401,5,393.89
2024-01-02,Referral,Mobile,154,119,347,0.445,3,236.64
2024-01-02,Referral,Tablet,25,20,67,0.313,0,0.0
2024-01-02,Social,Desktop,302,254,615,0.352,4,286.83
2024-01-02,Social,Mobile,461,368,943,0.454,5,352.27
2024-01-02,Social,Tablet,64,51,156,0.321,1,84.17
2024-01-03,Direct,Desktop,437,356,848,0.305,13,842.44
2024-01-03,Direct,Mobile,593,489,1195,0.404,14,802.59
2024-01-03,Direct,Tablet,77,60,161,0.361,2,123.99
2024-01-03,Email,Desktop,168,144,476,0.328,9,698.37
2024-01-03,Email,Mobile,195,158,416,0.45,7,350.19
2024-01-03,Email,Tablet,32,27,70,0.339,1,52.25
2024-01-03,Organic Search,Desktop,659,490,1485,0.396,18,1136.85
2024-01-03,Organic Search,Mobile,807,636,2291,0.45,11,710.34
2024-01-03,Organic Search,Tablet,159,123,319,0.381,3,262.77
2024-01-03,Paid Search,Desktop,376,308,1032,0.312,17,1014.24
2024-01-03,Paid Search,Mobile,561,440,1588,0.412,14,924.31
2024-01-03,Paid Search,Tablet,89,66,218,0.309,3,263.24
2024-01-03,Referral,Desktop,124,96,275,0.415,4,245.96
2024-01-03,Referral,Mobile,175,134,481,0.454,3,165.69
2024-01-03,Referral,Tablet,24,19,46,0.338,1,70.42
2024-01-03,Social,Desktop,384,316,1123,0.328,5,298.69
2024-01-03,Social,Mobile,371,275,823,0.496,3,210.47
2024-01-03,Social,Tablet,59,50,140,0.404,1,50.48
2024-01-04,Direct,Desktop,405,305,1269,0.359,17,1339.06
2024-01-04,Direct,Mobile,614,508,1127,0.449,12,1022.25
2024-01-04,Direct,Tablet,83,63,193,0.324,2,158.25
2024-01-04,Email,Desktop,149,112,360,0.399,7,605.25
2024-01-04,Email,Mobile,217,164,518,0.483,8,478.65
2024-01-04,Email,Tablet,30,24,90,0.369,1,67.85
2024-01-04,Organic Search,Desktop,793,605,2065,0.408,25,1501.74
2024-01-04,Organic Search,Mobile,885,673,2232,0.448,12,623.08
2024-01-04,Organic Search,Tablet,143,119,435,0.331,3,160.35
2024-01-04,Paid Search,Desktop,455,369,939,0.37,22,1060.61
2024-01-04,Paid Search,Mobile,543,437,1258,0.502,16,1298.54
2024-01-04,Paid Search,Tablet,76,59,210,0.332,2,108.59
2024-01-04,Referral,Desktop,147,109,400,0.372,4,260.69
2024-01-04,Referral,Mobile,187,143,496,0.494,4,238.95
2024-01-04,Referral,Tablet,26,20,80,0.377,1,54.87
2024-01-04,Social,Desktop,388,293,756,0.373,6,447.93
2024-01-04,Social,Mobile,429,333,836,0.442,4,306.48
2024-01-04,Social,Tablet,59,50,128,0.35,1,73.4
2024-01-05,Direct,Desktop,479,379,1156,0.304,15,1175.18
2024-01-05,Direct,Mobile,622,533,1552,0.447,14,1108.29
2024-01-05,Direct,Tablet,92,74,221,0.317,3,262.02
2024-01-05,Email,Desktop,186,141,346,0.377,9,461.29
2024-01-05,Email,Mobile,216,166,496,0.405,6,470.72
2024-01-05,Email,Tablet,34,27,72,0.385,1,63.21
2024-01-05,Organic Search,Desktop,779,640,2221,0.394,21,1194.42
2024-01-05,Organic Search,Mobile,836,628,1729,0.469,11,687.55
2024-01-05,Organic Search,Tablet,161,133,350,0.369,3,171.9
2024-01-05,Paid Search,Desktop,396,328,1128,0.316,16,1158.26
2024-01-05,Paid Search,Mobile,528,404,1177,0.458,14,1145.79
2024-01-05,Paid Search,Tablet,86,68,235,0.327,2,96.32
2024-01-05,Referral,Desktop,132,110,251,0.303,3,200.23
2024-01-05,Referral,Mobile,150,129,397,0.41,3,170.31
2024-01-05,Referral,Tablet,27,23,84,0.353,1,65.99
2024-01-05,Social,Desktop,384,289,1192,0.41,5,301.57
2024-01-05,Social,Mobile,375,290,1182,0.477,4,262.42
2024-01-05,Social,Tablet,64,51,128,0.338,1,72.05
2024-01-06,Direct,Desktop,354,269,1097,0.396,12,673.98
2024-01-06,Direct,Mobile,437,339,1028,0.477,11,834.92
2024-01-06,Direct,Tablet,70,56,139,0.346,2,126.3
2024-01-06,Email,Desktop,141,117,314,0.362,6,305.42
2024-01-06,Email,Mobile,140,110,411,0.492,5,244.21
2024-01-06,Email,Tablet,29,24,66,0.326,1,61.87
2024-01-06,Organic Search,Desktop,570,424,1261,0.339,13,848.16
2024-01-06,Organic Search,Mobile,757,616,2313,0.43,11,637.82
2024-01-06,Organic Search,Tablet,112,87,297,0.407,3,156.3
2024-01-06,Paid Search,Desktop,367,311,1035,0.366,13,1064.68
2024-01-06,Paid Search,Mobile,367,291,947,0.416,8,604.06
2024-01-06,Paid Search,Tablet,69,52,145,0.338,2,172.86
2024-01-06,Referral,Desktop,93,70,258,0.342,2,159.59
2024-01-06,Referral,Mobile,133,109,376,0.488,3,185.76
2024-01-06,Referral,Tablet,23,17,53,0.408,0,0.0
2024-01-06,Social,Desktop,262,221,667,0.398,3,202.53
2024-01-06,Social,Mobile,361,302,951,0.452,3,193.67
2024-01-06,Social,Tablet,59,49,164,0.306,1,67.34
2024-01-07,Direct,Desktop,399,315,818,0.379,15,1243.28
2024-01-07,Direct,Mobile,395,329,1242,0.501,9,788.41
2024-01-07,Direct,Tablet,64,55,185,0.369,2,171.06
2024-01-07,Email,Desktop,138,108,262,0.324,7,547.32
2024-01-07,Email,Mobile,136,107,355,0.511,4,317.52
2024-01-07,Email,Tablet,22,17,65,0.407,1,84.67
2024-01-07,Organic Search,Desktop,642,537,1947,0.385,16,1298.93
2024-01-07,Organic Search,Mobile,634,485,1795,0.416,9,556.19
2024-01-07,Organic Search,Tablet,109,91,302,0.317,2,140.31
2024-01-07,Paid Search,Desktop,363,289,840,0.418,18,1057.94
2024-01-07,Paid Search,Mobile,391,301,769,0.429,11,882.56
2024-01-07,Paid Search,Tablet,72,57,218,0.376,2,103.19
2024-01-07,Referral,Desktop,121,95,247,0.405,4,346.88
2024-01-07,Referral,Mobile,124,96,257,0.448,2,150.51
2024-01-07,Referral,Tablet,19,15,36,0.405,0,0.0
2024-01-07,Social,Desktop,280,233,864,0.359,5,333.37
2024-01-07,Social,Mobile,362,302,741,0.466,4,273.11
2024-01-07,Social,Tablet,45,34,135,0.304,0,0.0
2024-01-08,Direct,Desktop,430,347,1131,0.314,14,817.27
2024-01-08,Direct,Mobile,543,414,1702,0.453,11,706.88
2024-01-08,Direct,Tablet,89,69,162,0.334,2,157.65
2024-01-08,Email,Desktop,162,131,386,0.405,7,359.4
2024-01-08,Email,Mobile,178,150,392,0.457,5,251.52
2024-01-08,Email,Tablet,32,24,69,0.317,1,52.74
2024-01-08,Organic Search,Desktop,763,633,1782,0.379,16,785.06
2024-01-08,Organic Search,Mobile,838,650,2061,0.497,14,890.08
2024-01-08,Organic Search,Tablet,130,108,243,0.391,3,176.36
2024-01-08,Paid Search,Desktop,374,305,738,0.332,13,874.57
2024-01-08,Paid Search,Mobile,492,367,1456,0.428,13,928.08
2024-01-08,Paid Search,Tablet,75,59,176,0.394,2,131.61
2024-01-08,Referral,Desktop,141,108,415,0.374,4,263.26
2024-01-08,Referral,Mobile,164,131,296,0.474,3,189.15
2024-01-08,Referral,Tablet,26,21,47,0.32,1,58.14
2024-01-08,Social,Desktop,306,228,608,0.366,4,259.46
2024-01-08,Social,Mobile,419,337,1169,0.433,3,225.71
2024-01-08,Social,Tablet,56,45,173,0.397,1,61.98
2024-01-09,Direct,Desktop,445,357,1289,0.37,14,711.89
2024-01-09,Direct,Mobile,495,387,1067,0.414,10,795.85
2024-01-09,Direct,Tablet,97,82,275,0.357,3,169.77
2024-01-09,Email,Desktop,184,147,553,0.405,10,630.33
2024-01-09,Email,Mobile,213,177,594,0.498,6,347.93
2024-01-09,Email,Tablet,32,24,73,0.358,1,66.63
2024-01-09,Organic Search,Desktop,724,618,2185,0.389,22,1486.97
2024-01-09,Organic Search,Mobile,856,701,2350,0.515,15,1044.47
2024-01-09,Organic Search,Tablet,135,108,294,0.326,3,246.03
2024-01-09,Paid Search,Desktop,416,308,1307,0.317,19,1264.99
2024-01-09,Paid Search,Mobile,547,409,1059,0.499,11,586.73
2024-01-09,Paid Search,Tablet,77,62,239,0.411,2,165.82
2024-01-09,Referral,Desktop,124,94,326,0.376,5,310.38
2024-01-09,Referral,Mobile,150,127,408,0.484,3,150.74
2024-01-09,Referral,Tablet,28,21,79,0.304,1,66.32
2024-01-09,Social,Desktop,327,262,727,0.413,5,419.45
2024-01-09,Social,Mobile,434,330,1067,0.495,4,283.91
2024-01-09,Social,Tablet,63,49,185,0.412,1,74.21
2024-01-10,Direct,Desktop,397,317,930,0.302,15,1267.7
2024-01-10,Direct,Mobile,614,458,1112,0.466,13,883.88
2024-01-10,Direct,Tablet,84,71,261,0.342,2,120.25
2024-01-10,Email,Desktop,183,157,527,0.4,11,646.95
2024-01-10,Email,Mobile,208,174,550,0.502,6,324.19
2024-01-10,Email,Tablet,34,28,89,0.334,1,86.78
2024-01-10,Organic Search,Desktop,665,530,2068,0.368,14,1005.09
2024-01-10,Organic Search,Mobile,1020,815,2839,0.452,18,1111.71
2024-01-10,Organic Search,Tablet,151,127,295,0.35,3,260.9
2024-01-10,Paid Search,Desktop,418,311,966,0.415,21,1638.32
2024-01-10,Paid Search,Mobile,457,390,1221,0.437,11,670.34
2024-01-10,Paid Search,Tablet,86,68,246,0.337,3,155.08
2024-01-10,Referral,Desktop,142,118,260,0.394,5,258.88
2024-01-10,Referral,Mobile,142,118,405,0.501,3,263.17
2024-01-10,Referral,Tablet,29,23,64,0.417,1,58.67
2024-01-10,Social,Desktop,304,239,936,0.362,4,204.33
2024-01-10,Social,Mobile,421,347,965,0.472,4,329.02
2024-01-10,Social,Tablet,74,55,228,0.38,1,56.27
2024-01-11,Direct,Desktop,442,370,1298,0.383,17,1469.56
2024-01-11,Direct,Mobile,622,498,1989,0.478,12,862.22
2024-01-11,Direct,Tablet,93,75,217,0.405,3,245.81
2024-01-11,Email,Desktop,185,155,442,0.332,11,673.59
2024-01-11,Email,Mobile,227,185,495,0.49,6,448.02
2024-01-11,Email,Tablet,36,28,70,0.345,1,57.11
2024-01-11,Organic Search,Desktop,701,577,2183,0.336,20,1240.98
2024-01-11,Organic Search,Mobile,973,807,2554,0.483,12,995.52
2024-01-11,Organic Search,Tablet,138,116,258,0.42,2,152.58
2024-01-11,Paid Search,Desktop,376,301,1061,0.383,16,1287.86
2024-01-11,Paid Search,Mobile,563,426,1593,0.444,12,704.54
2024-01-11,Paid Search,Tablet,88,70,260,0.393,2,174.76
2024-01-11,Referral,Desktop,144,115,424,0.358,5,280.52
2024-01-11,Referral,Mobile,171,136,444,0.473,4,284.43
2024-01-11,Referral,Tablet,27,23,75,0.385,1,67.51
2024-01-11,Social,Desktop,358,294,884,0.307,6,402.02
2024-01-11,Social,Mobile,431,337,927,0.49,3,252.53
2024-01-11,Social,Tablet,72,54,204,0.414,1,50.36
2024-01-12,Direct,Desktop,527,449,1372,0.408,20,1583.39
2024-01-12,Direct,Mobile,485,381,903,0.441,10,595.01
2024-01-12,Direct,Tablet,87,70,170,0.391,2,169.26
2024-01-12,Email,Desktop,177,140,509,0.345,8,694.49
2024-01-12,Email,Mobile,202,171,574,0.477,6,341.23
2024-01-12,Email,Tablet,34,28,106,0.357,1,57.33
2024-01-12,Organic Search,Desktop,871,688,2495,0.327,25,2187.39
2024-01-12,Organic Search,Mobile,876,663,1780,0.434,16,1094.79
2024-01-12,Organic Search,Tablet,134,107,310,0.329,2,137.95
2024-01-12,Paid Search,Desktop,446,362,1257,0.342,22,1254.33
2024-01-12,Paid Search,Mobile,557,414,1076,0.415,15,1174.25
2024-01-12,Paid Search,Tablet,68,57,161,0.334,2,166.73
2024-01-12,Referral,Desktop,140,106,317,0.401,5,326.51
2024-01-12,Referral,Mobile,173,144,422,0.42,4,254.72
2024-01-12,Referral,Tablet,24,20,46,0.309,1,53.18
2024-01-12,Social,Desktop,327,252,765,0.385,4,289.22
2024-01-12,Social,Mobile,380,317,1142,0.453,4,213.92
2024-01-12,Social,Tablet,69,52,214,0.312,1,77.67
2024-01-13,Direct,Desktop,340,281,1016,0.35,12,906.95
2024-01-13,Direct,Mobile,455,385,1211,0.472,10,663.23
2024-01-13,Direct,Tablet,75,59,138,0.308,2,150.76
2024-01-13,Email,Desktop,134,111,282,0.418,8,446.76
2024-01-13,Email,Mobile,169,144,485,0.493,5,256.12
2024-01-13,Email,Tablet,28,23,89,0.385,1,79.11
2024-01-13,Organic Search,Desktop,681,575,2088,0.389,15,804.49
2024-01-13,Organic Search,Mobile,785,655,1529,0.475,13,1019.34
2024-01-13,Organic Search,Tablet,126,95,359,0.325,2,170.64
2024-01-13,Paid Search,Desktop,363,301,781,0.314,13,968.51
2024-01-13,Paid Search,Mobile,415,323,1273,0.462,9,742.24
2024-01-13,Paid Search,Tablet,59,50,113,0.357,2,155.49
2024-01-13,Referral,Desktop,115,90,352,0.311,4,240.29
2024-01-13,Referral,Mobile,120,101,384,0.48,2,102.57
2024-01-13,Referral,Tablet,23,19,67,0.302,0,0.0
2024-01-13,Social,Desktop,298,244,882,0.369,5,290.94
2024-01-13,Social,Mobile,278,232,594,0.493,2,162.31
2024-01-13,Social,Tablet,48,39,115,0.33,1,51.37
2024-01-14,Direct,Desktop,363,305,903,0.417,14,974.91
2024-01-14,Direct,Mobile,388,329,955,0.491,7,353.21
2024-01-14,Direct,Tablet,72,56,179,0.347,2,121.63
2024-01-14,Email,Desktop,127,107,231,0.387,8,601.03
2024-01-14,Email,Mobile,147,125,460,0.438,5,295.31
2024-01-14,Email,Tablet,29,22,52,0.327,1,55.37
2024-01-14,Organic Search,Desktop,645,546,1741,0.303,18,894.47
2024-01-14,Organic Search,Mobile,721,540,1510,0.516,13,907.42
2024-01-14,Organic Search,Tablet,124,94,279,0.366,2,137.74
2024-01-14,Paid Search,Desktop,289,222,751,0.37,12,1022.39
2024-01-14,Paid Search,Mobile,348,271,923,0.462,8,571.68
2024-01-14,Paid Search,Tablet,55,43,121,0.347,1,86.01
2024-01-14,Referral,Desktop,114,87,249,0.392,3,214.24
2024-01-14,Referral,Mobile,138,118,311,0.451,2,103.92
2024-01-14,Referral,Tablet,19,14,38,0.306,0,0.0
2024-01-14,Social,Desktop,300,229,934,0.312,5,323.36
2024-01-14,Social,Mobile,371,285,1147,0.404,3,259.04
2024-01-14,Social,Tablet,48,39,87,0.302,0,0.0
2024-01-15,Direct,Desktop,426,357,975,0.399,16,1040.7
2024-01-15,Direct,Mobile,470,368,1278,0.467,9,515.2
2024-01-15,Direct,Tablet,78,62,161,0.364,2,166.22
2024-01-15,Email,Desktop,172,146,517,0.408,10,481.44
2024-01-15,Email,Mobile,202,166,555,0.471,7,385.2
2024-01-15,Email,Tablet,36,30,82,0.355,1,61.81
2024-01-15,Organic Search,Desktop,764,640,2071,0.345,20,1579.37
2024-01-15,Organic Search,Mobile,982,741,2433,0.472,15,1056.94
2024-01-15,Organic Search,Tablet,155,126,448,0.336,3,158.37
2024-01-15,Paid Search,Desktop,476,357,1252,0.339,18,946.0
2024-01-15,Paid Search,Mobile,507,385,1042,0.505,12,640.57
2024-01-15,Paid Search,Tablet,72,61,177,0.375,2,153.01
2024-01-15,Referral,Desktop,118,100,275,0.376,4,329.13
2024-01-15,Referral,Mobile,170,132,406,0.404,4,315.26
2024-01-15,Referral,Tablet,25,21,58,0.396,1,60.04
2024-01-15,Social,Desktop,306,252,757,0.392,4,343.18
2024-01-15,Social,Mobile,428,341,775,0.503,4,198.13
2024-01-15,Social,Tablet,75,59,220,0.388,1,53.63
2024-01-16,Direct,Desktop,439,343,956,0.343,14,680.79
2024-01-16,Direct,Mobile,533,432,1123,0.503,13,838.41
2024-01-16,Direct,Tablet,80,61,244,0.344,2,115.85
2024-01-16,Email,Desktop,176,139,451,0.331,9,716.07
2024-01-16,Email,Mobile,219,184,687,0.506,8,436.21
2024-01-16,Email,Tablet,33,28,81,0.414,1,54.69
2024-01-16,Organic Search,Desktop,842,722,2279,0.382,26,1833.65
2024-01-16,Organic Search,Mobile,967,828,2164,0.486,16,1097.79
2024-01-16,Organic Search,Tablet,134,114,255,0.414,2,145.24
2024-01-16,Paid Search,Desktop,411,316,784,0.376,15,1254.46
2024-01-16,Paid Search,Mobile,555,458,1182,0.473,14,1200.82
2024-01-16,Paid Search,Tablet,73,59,222,0.363,2,114.57
2024-01-16,Referral,Desktop,138,110,318,0.393,5,426.0
2024-01-16,Referral,Mobile,182,150,484,0.41,4,262.35
2024-01-16,Referral,Tablet,29,25,53,0.42,1,67.9
2024-01-16,Social,Desktop,387,327,1026,0.342,7,462.17
2024-01-16,Social,Mobile,426,358,1051,0.512,4,286.59
2024-01-16,Social,Tablet,56,45,118,0.372,1,84.24
2024-01-17,Direct,Desktop,393,335,1086,0.31,15,901.37
2024-01-17,Direct,Mobile,619,491,1261,0.481,11,668.04
2024-01-17,Direct,Tablet,89,76,171,0.35,3,207.51
2024-01-17,Email,Desktop,180,137,325,0.337,10,619.51
2024-01-17,Email,Mobile,194,165,596,0.455,6,514.11
2024-01-17,Email,Tablet,32,27,63,0.407,1,82.62
2024-01-17,Organic Search,Desktop,839,633,1524,0.362,18,891.05
2024-01-17,Organic Search,Mobile,964,794,1997,0.425,16,1275.63
2024-01-17,Organic Search,Tablet,132,101,311,0.388,3,231.69
2024-01-17,Paid Search,Desktop,365,290,838,0.327,18,1402.1
2024-01-17,Paid Search,Mobile,550,445,1542,0.455,14,772.52
2024-01-17,Paid Search,Tablet,81,68,234,0.307,2,123.67
2024-01-17,Referral,Desktop,138,107,306,0.38,5,395.88
2024-01-17,Referral,Mobile,157,135,416,0.432,3,163.14
2024-01-17,Referral,Tablet,25,21,71,0.367,1,71.9
2024-01-17,Social,Desktop,356,290,943,0.325,5,375.38
2024-01-17,Social,Mobile,400,304,1228,0.457,4,343.75
2024-01-17,Social,Tablet,75,57,205,0.395,1,54.16
2024-01-18,Direct,Desktop,514,442,1205,0.33,17,968.61
2024-01-18,Direct,Mobile,557,464,1641,0.413,13,981.54
2024-01-18,Direct,Tablet,95,80,188,0.371,2,104.94
2024-01-18,Email,Desktop,148,118,461,0.311,7,550.43
2024-01-18,Email,Mobile,174,139,452,0.508,6,503.16
2024-01-18,Email,Tablet,30,22,74,0.331,1,79.41
2024-01-18,Organic Search,Desktop,698,597,1316,0.366,20,1536.4
2024-01-18,Organic Search,Mobile,815,665,1931,0.434,11,597.81
2024-01-18,Organic Search,Tablet,147,125,327,0.353,3,225.02
2024-01-18,Paid Search,Desktop,361,308,1008,0.347,16,1016.9
2024-01-18,Paid Search,Mobile,505,391,920,0.427,13,813.42
2024-01-18,Paid Search,Tablet,80,67,214,0.371,3,148.72
2024-01-18,Referral,Desktop,126,100,291,0.302,4,226.85
2024-01-18,Referral,Mobile,145,110,323,0.495,2,173.45
2024-01-18,Referral,Tablet,23,19,56,0.352,1,67.61
2024-01-18,Social,Desktop,294,239,623,0.32,5,428.87
2024-01-18,Social,Mobile,448,356,1130,0.452,4,217.19
2024-01-18,Social,Tablet,67,57,152,0.3,1,76.08
2024-01-19,Direct,Desktop,499,376,1568,0.357,19,914.42
2024-01-19,Direct,Mobile,497,393,1231,0.51,12,657.43
2024-01-19,Direct,Tablet,94,72,288,0.375,2,141.81
2024-01-19,Email,Desktop,181,138,516,0.353,8,472.06
2024-01-19,Email,Mobile,199,152,537,0.467,6,417.81
2024-01-19,Email,Tablet,29,23,73,0.32,1,85.06
2024-01-19,Organic Search,Desktop,677,572,1679,0.403,20,1589.81
2024-01-19,Organic Search,Mobile,979,738,2445,0.407,16,1321.93
2024-01-19,Organic Search,Tablet,160,132,456,0.393,3,228.56
2024-01-19,Paid Search,Desktop,473,386,1151,0.391,18,1101.44
2024-01-19,Paid Search,Mobile,444,368,943,0.449,12,1041.97
2024-01-19,Paid Search,Tablet,82,67,253,0.337,3,150.53
2024-01-19,Referral,Desktop,136,115,299,0.415,4,312.16
2024-01-19,Referral,Mobile,154,114,440,0.474,3,170.48
2024-01-19,Referral,Tablet,25,20,61,0.326,1,63.01
2024-01-19,Social,Desktop,329,255,1051,0.387,5,337.39
2024-01-19,Social,Mobile,427,319,792,0.504,4,305.78
2024-01-19,Social,Tablet,71,58,216,0.357,1,73.06
2024-01-20,Direct,Desktop,354,299,1129,0.379,12,1007.56
2024-01-20,Direct,Mobile,412,306,1100,0.447,9,683.79
2024-01-20,Direct,Tablet,74,62,184,0.308,2,147.5
2024-01-20,Email,Desktop,152,119,346,0.385,9,584.69
2024-01-20,Email,Mobile,180,149,546,0.4,5,282.99
2024-01-20,Email,Tablet,26,20,73,0.315,1,65.79
2024-01-20,Organic Search,Desktop,606,512,1280,0.379,16,1199.68
2024-01-20,Organic Search,Mobile,826,665,2082,0.437,14,1151.94
2024-01-20,Organic Search,Tablet,105,80,324,0.325,2,99.87
2024-01-20,Paid Search,Desktop,314,269,752,0.341,14,1001.95
2024-01-20,Paid Search,Mobile,355,271,685,0.416,10,627.35
2024-01-20,Paid Search,Tablet,74,62,138,0.355,2,117.22
2024-01-20,Referral,Desktop,123,92,334,0.411,3,176.51
2024-01-20,Referral,Mobile,138,116,388,0.462,3,162.13
2024-01-20,Referral,Tablet,18,14,37,0.32,0,0.0
2024-01-20,Social,Desktop,277,236,828,0.354,4,301.63
2024-01-20,Social,Mobile,293,230,814,0.451,3,245.58
2024-01-20,Social,Tablet,60,49,118,0.412,1,58.39
2024-01-21,Direct,Desktop,330,275,821,0.325,10,764.23
2024-01-21,Direct,Mobile,475,373,1453,0.439,11,538.37
2024-01-21,Direct,Tablet,68,56,177,0.371,2,170.9
2024-01-21,Email,Desktop,155,126,470,0.357,9,774.08
2024-01-21,Email,Mobile,147,112,273,0.509,5,340.67
2024-01-21,Email,Tablet,26,21,62,0.319,1,59.28
2024-01-21,Organic Search,Desktop,569,436,1321,0.37,17,1484.09
2024-01-21,Organic Search,Mobile,772,591,2049,0.481,14,852.67
2024-01-21,Organic Search,Tablet,109,85,318,0.4,2,117.45
2024-01-21,Paid Search,Desktop,389,331,881,0.366,15,923.89
2024-01-21,Paid Search,Mobile,355,268,739,0.4,8,464.39
2024-01-21,Paid Search,Tablet,67,55,137,0.31,2,136.3
2024-01-21,Referral,Desktop,100,74,195,0.366,3,220.84
2024-01-21,Referral,Mobile,143,112,418,0.419,2,164.77
2024-01-21,Referral,Tablet,22,18,67,0.321,1,63.58
2024-01-21,Social,Desktop,310,231,650,0.358,5,263.63
2024-01-21,Social,Mobile,327,264,993,0.428,3,228.96
2024-01-21,Social,Tablet,59,45,130,0.323,1,48.05
2024-01-22,Direct,Desktop,445,338,1359,0.33,14,1053.03
2024-01-22,Direct,Mobile,527,402,980,0.46,13,784.43
2024-01-22,Direct,Tablet,98,73,218,0.398,2,139.63
2024-01-22,Email,Desktop,161,124,320,0.376,10,726.48
2024-01-22,Email,Mobile,204,161,449,0.438,6,519.6
2024-01-22,Email,Tablet,37,28,118,0.312,1,80.54
2024-01-22,Organic Search,Desktop,845,702,2383,0.39,21,1596.5
2024-01-22,Organic Search,Mobile,909,725,2650,0.404,12,650.19
2024-01-22,Organic Search,Tablet,125,94,297,0.33,3,171.64
2024-01-22,Paid Search,Desktop,476,361,1419,0.4,24,1811.97
2024-01-22,Paid Search,Mobile,578,449,1364,0.472,14,868.55
2024-01-22,Paid Search,Tablet,69,53,175,0.375,3,201.41
2024-01-22,Referral,Desktop,122,99,333,0.381,4,347.58
2024-01-22,Referral,Mobile,162,134,312,0.481,3,171.01
2024-01-22,Referral,Tablet,23,19,45,0.405,1,54.88
2024-01-22,Social,Desktop,379,316,1056,0.369,5,337.2
2024-01-22,Social,Mobile,434,335,946,0.456,4,327.58
2024-01-22,Social,Tablet,64,49,154,0.344,1,79.16
2024-01-23,Direct,Desktop,468,394,1446,0.375,18,940.42
2024-01-23,Direct,Mobile,603,506,1653,0.42,15,1074.16
2024-01-23,Direct,Tablet,85,64,154,0.378,2,148.33
2024-01-23,Email,Desktop,148,117,363,0.321,7,518.18
2024-01-23,Email,Mobile,231,178,632,0.422,8,542.83
2024-01-23,Email,Tablet,28,21,87,0.358,1,81.11
2024-01-23,Organic Search,Desktop,820,647,2316,0.366,25,1504.75
2024-01-23,Organic Search,Mobile,998,757,2674,0.496,16,1155.37
2024-01-23,Organic Search,Tablet,129,98,244,0.328,2,153.01
2024-01-23,Paid Search,Desktop,382,301,1204,0.325,14,1043.93
2024-01-23,Paid Search,Mobile,530,438,1308,0.47,12,810.35
2024-01-23,Paid Search,Tablet,71,55,143,0.366,2,165.53
2024-01-23,Referral,Desktop,140,109,342,0.332,4,335.98
2024-01-23,Referral,Mobile,184,142,482,0.422,3,169.3
2024-01-23,Referral,Tablet,30,24,69,0.361,1,65.98
2024-01-23,Social,Desktop,338,257,801,0.393,5,317.89
2024-01-23,Social,Mobile,441,337,813,0.515,4,257.99
2024-01-23,Social,Tablet,69,55,209,0.311,1,79.52
2024-01-24,Direct,Desktop,464,361,1121,0.309,16,887.44
2024-01-24,Direct,Mobile,556,470,1701,0.451,10,820.41
2024-01-24,Direct,Tablet,84,71,219,0.415,2,167.45
2024-01-24,Email,Desktop,158,125,393,0.331,7,450.58
2024-01-24,Email,Mobile,204,165,385,0.519,5,241.18
2024-01-24,Email,Tablet,33,26,90,0.391,1,53.46
2024-01-24,Organic Search,Desktop,836,668,2176,0.393,21,1400.58
2024-01-24,Organic Search,Mobile,940,785,2299,0.497,14,837.14
2024-01-24,Organic Search,Tablet,131,109,267,0.354,3,224.44
2024-01-24,Paid Search,Desktop,455,377,1018,0.318,21,1725.33
2024-01-24,Paid Search,Mobile,449,357,1059,0.45,13,890.71
2024-01-24,Paid Search,Tablet,82,69,165,0.349,3,255.85
2024-01-24,Referral,Desktop,150,124,441,0.392,4,220.37
2024-01-24,Referral,Mobile,181,140,545,0.452,3,171.73
2024-01-24,Referral,Tablet,27,22,61,0.383,1,64.22
2024-01-24,Social,Desktop,348,260,834,0.343,5,265.07
2024-01-24,Social,Mobile,456,352,1060,0.502,4,346.54
2024-01-24,Social,Tablet,67,53,211,0.353,1,85.22
2024-01-25,Direct,Desktop,494,398,906,0.411,17,1124.8
2024-01-25,Direct,Mobile,562,460,1751,0.406,10,704.11
2024-01-25,Direct,Tablet,98,74,286,0.317,2,126.44
2024-01-25,Email,Desktop,148,120,424,0.325,8,565.32
2024-01-25,Email,Mobile,204,165,584,0.449,7,465.15
2024-01-25,Email,Tablet,37,29,76,0.352,1,63.62
2024-01-25,Organic Search,Desktop,775,621,1438,0.409,16,862.65
2024-01-25,Organic Search,Mobile,840,643,2615,0.487,12,690.45
2024-01-25,Organic Search,Tablet,130,97,374,0.349,2,104.29
2024-01-25,Paid Search,Desktop,461,373,915,0.327,23,1891.87
2024-01-25,Paid Search,Mobile,560,476,1136,0.482,13,759.9
2024-01-25,Paid Search,Tablet,93,72,209,0.4,3,250.89
2024-01-25,Referral,Desktop,125,107,232,0.386,4,263.46
2024-01-25,Referral,Mobile,171,147,367,0.49,3,145.73
2024-01-25,Referral,Tablet,27,20,86,0.397,1,75.98
2024-01-25,Social,Desktop,320,266,899,0.343,4,291.22
2024-01-25,Social,Mobile,357,285,966,0.508,3,157.76
2024-01-25,Social,Tablet,62,48,191,0.343,1,78.62
2024-01-26,Direct,Desktop,477,377,1370,0.401,20,1530.63
2024-01-26,Direct,Mobile,546,410,1533,0.5,11,762.82
2024-01-26,Direct,Tablet,81,61,218,0.405,2,136.65
2024-01-26,Email,Desktop,163,139,413,0.404,7,551.24
2024-01-26,Email,Mobile,185,138,559,0.411,5,354.82
2024-01-26,Email,Tablet,32,25,85,0.304,1,49.93
2024-01-26,Organic Search,Desktop,876,658,2472,0.361,24,1595.99
2024-01-26,Organic Search,Mobile,960,730,2503,0.472,13,705.49
2024-01-26,Organic Search,Tablet,141,120,390,0.385,3,207.14
2024-01-26,Paid Search,Desktop,399,315,1034,0.355,16,834.35
2024-01-26,Paid Search,Mobile,495,387,971,0.465,13,655.54
2024-01-26,Paid Search,Tablet,74,56,174,0.345,2,135.78
2024-01-26,Referral,Desktop,148,112,466,0.33,4,261.16
2024-01-26,Referral,Mobile,142,114,266,0.424,2,121.14
2024-01-26,Referral,Tablet,27,20,52,0.406,1,70.32
2024-01-26,Social,Desktop,371,288,1045,0.309,6,339.32
2024-01-26,Social,Mobile,453,373,1108,0.43,5,281.18
2024-01-26,Social,Tablet,75,60,187,0.411,1,50.71
2024-01-27,Direct,Desktop,369,283,688,0.342,11,879.19
2024-01-27,Direct,Mobile,431,336,1275,0.443,9,701.92
2024-01-27,Direct,Tablet,75,57,219,0.314,2,156.61
2024-01-27,Email,Desktop,125,100,243,0.315,7,415.75
2024-01-27,Email,Mobile,167,137,366,0.452,4,212.27
2024-01-27,Email,Tablet,24,19,75,0.38,1,59.72
2024-01-27,Organic Search,Desktop,566,461,1398,0.37,17,1130.06
2024-01-27,Organic Search,Mobile,721,551,1916,0.428,10,771.31
2024-01-27,Organic Search,Tablet,130,100,271,0.331,2,121.65
2024-01-27,Paid Search,Desktop,387,302,850,0.324,13,956.01
2024-01-27,Paid Search,Mobile,442,380,1323,0.509,12,769.62
2024-01-27,Paid Search,Tablet,59,45,181,0.371,1,62.3
2024-01-27,Referral,Desktop,113,86,317,0.36,4,325.12
2024-01-27,Referral,Mobile,146,117,386,0.429,3,158.04
2024-01-27,Referral,Tablet,23,19,46,0.315,1,55.65
2024-01-27,Social,Desktop,284,237,868,0.407,4,247.86
2024-01-27,Social,Mobile,362,283,876,0.471,4,248.73
2024-01-27,Social,Tablet,51,40,104,0.395,1,49.06
2024-01-28,Direct,Desktop,317,249,674,0.42,12,898.68
2024-01-28,Direct,Mobile,442,359,1269,0.408,9,660.87
2024-01-28,Direct,Tablet,66,50,187,0.315,1,71.42
2024-01-28,Email,Desktop,143,121,303,0.356,6,406.0
2024-01-28,Email,Mobile,185,155,544,0.43,7,474.42
2024-01-28,Email,Tablet,27,22,78,0.405,1,68.43
2024-01-28,Organic Search,Desktop,614,504,1206,0.364,19,1303.18
2024-01-28,Organic Search,Mobile,847,670,1996,0.453,15,1043.64
2024-01-28,Organic Search,Tablet,106,89,318,0.413,2,108.55
2024-01-28,Paid Search,Desktop,305,233,720,0.403,11,727.72
2024-01-28,Paid Search,Mobile,450,348,1185,0.506,11,802.6
2024-01-28,Paid Search,Tablet,65,55,157,0.359,2,168.06
2024-01-28,Referral,Desktop,109,83,315,0.404,3,241.39
2024-01-28,Referral,Mobile,147,126,366,0.504,3,148.17
2024-01-28,Referral,Tablet,19,15,53,0.343,0,0.0
2024-01-28,Social,Desktop,252,207,703,0.363,3,188.84
2024-01-28,Social,Mobile,306,235,951,0.513,3,254.91
2024-01-28,Social,Tablet,50,38,122,0.393,1,54.46
2024-01-29,Direct,Desktop,437,327,807,0.394,15,1274.34
2024-01-29,Direct,Mobile,611,492,1386,0.467,14,1089.88
2024-01-29,Direct,Tablet,80,60,172,0.377,2,146.91
2024-01-29,Email,Desktop,169,127,440,0.371,10,493.82
2024-01-29,Email,Mobile,231,194,523,0.493,7,402.0
2024-01-29,Email,Tablet,28,23,64,0.352,1,82.41
2024-01-29,Organic Search,Desktop,862,647,2000,0.415,26,1505.3
2024-01-29,Organic Search,Mobile,1019,851,2246,0.414,18,1250.08
2024-01-29,Organic Search,Tablet,131,103,329,0.316,2,139.6
2024-01-29,Paid Search,Desktop,404,316,1036,0.327,16,989.64
2024-01-29,Paid Search,Mobile,503,379,1047,0.403,13,986.79
2024-01-29,Paid Search,Tablet,79,67,226,0.338,2,102.01
2024-01-29,Referral,Desktop,154,120,491,0.335,5,295.64
2024-01-29,Referral,Mobile,175,150,520,0.408,4,282.71
2024-01-29,Referral,Tablet,27,23,81,0.365,1,55.31
2024-01-29,Social,Desktop,365,292,699,0.373,5,384.52
2024-01-29,Social,Mobile,393,296,962,0.416,4,329.82
2024-01-29,Social,Tablet,76,57,202,0.303,1,71.25
2024-01-30,Direct,Desktop,434,338,1080,0.413,14,1144.23
2024-01-30,Direct,Mobile,501,395,1338,0.411,12,944.55
2024-01-30,Direct,Tablet,76,61,172,0.411,2,150.17
2024-01-30,Email,Desktop,148,121,364,0.406,9,603.71
2024-01-30,Email,Mobile,198,155,482,0.48,7,405.78
2024-01-30,Email,Tablet,28,22,78,0.385,1,69.92
2024-01-30,Organic Search,Desktop,773,586,2247,0.363,17,1313.79
2024-01-30,Organic Search,Mobile,1010,776,2155,0.475,16,1333.03
2024-01-30,Organic Search,Tablet,129,99,407,0.403,2,125.8
2024-01-30,Paid Search,Desktop,459,386,950,0.357,20,1253.33
2024-01-30,Paid Search,Mobile,476,369,904,0.402,14,1077.37
2024-01-30,Paid Search,Tablet,83,70,197,0.419,2,132.07
2024-01-30,Referral,Desktop,123,93,334,0.408,4,253.44
2024-01-30,Referral,Mobile,142,120,426,0.408,3,219.57
2024-01-30,Referral,Tablet,26,20,79,0.313,1,74.13
2024-01-30,Social,Desktop,340,252,1034,0.342,5,323.11
2024-01-30,Social,Mobile,387,290,762,0.51,4,268.7
2024-01-30,Social,Tablet,69,58,168,0.371,1,50.56
2024-01-31,Direct,Desktop,442,339,821,0.339,18,1057.99
2024-01-31,Direct,Mobile,606,510,1873,0.479,11,720.57
2024-01-31,Direct,Tablet,101,77,263,0.317,2,132.88
2024-01-31,Email,Desktop,173,144,459,0.369,11,615.29
2024-01-31,Email,Mobile,218,167,615,0.429,5,285.72
2024-01-31,Email,Tablet,36,31,85,0.415,1,56.69
2024-01-31,Organic Search,Desktop,860,739,2670,0.314,25,1558.06
2024-01-31,Organic Search,Mobile,1052,887,2748,0.445,17,1106.17
2024-01-31,Organic Search,Tablet,136,107,369,0.353,3,157.42
2024-01-31,Paid Search,Desktop,415,350,1227,0.365,17,944.23
2024-01-31,Paid Search,Mobile,527,435,952,0.471,15,952.36
2024-01-31,Paid Search,Tablet,78,62,216,0.354,2,163.08
2024-01-31,Referral,Desktop,141,112,312,0.377,5,286.43
2024-01-31,Referral,Mobile,150,117,294,0.519,3,233.57
2024-01-31,Referral,Tablet,27,23,60,0.35,1,69.83
2024-01-31,Social,Desktop,371,312,747,0.379,4,201.57
2024-01-31,Social,Mobile,451,383,868,0.493,4,316.63
2024-01-31,Social,Tablet,71,56,195,0.335,1,65.75
2024-02-01,Direct,Desktop,470,349,1483,0.379,19,1002.34
2024-02-01,Direct,Mobile,515,387,1166,0.403,12,1006.48
2024-02-01,Direct,Tablet,81,64,257,0.408,2,142.83
2024-02-01,Email,Desktop,153,122,410,0.378,9,661.42
2024-02-01,Email,Mobile,185,144,485,0.447,5,384.53
2024-02-01,Email,Tablet,33,26,70,0.321,1,84.14
2024-02-01,Organic Search,Desktop,836,629,2671,0.41,19,1024.87
2024-02-01,Organic Search,Mobile,923,704,1995,0.482,17,1318.49
2024-02-01,Organic Search,Tablet,163,138,464,0.376,4,299.68
2024-02-01,Paid Search,Desktop,392,335,1029,0.403,15,1009.75
2024-02-01,Paid Search,Mobile,472,377,1111,0.467,12,1050.97
2024-02-01,Paid Search,Tablet,79,63,148,0.325,3,255.01
2024-02-01,Referral,Desktop,123,105,334,0.42,3,248.36
2024-02-01,Referral,Mobile,153,116,390,0.512,3,234.73
2024-02-01,Referral,Tablet,25,21,60,0.393,0,0.0
2024-02-01,Social,Desktop,315,250,856,0.309,5,257.28
2024-02-01,Social,Mobile,457,392,996,0.458,4,222.12
2024-02-01,Social,Tablet,59,44,109,0.301,1,80.92
2024-02-02,Direct,Desktop,421,346,873,0.384,15,1158.28
2024-02-02,Direct,Mobile,531,427,1203,0.444,10,544.04
2024-02-02,Direct,Tablet,89,67,272,0.318,2,109.21
2024-02-02,Email,Desktop,184,142,402,0.32,10,838.77
2024-02-02,Email,Mobile,178,141,336,0.419,5,430.01
2024-02-02,Email,Tablet,30,23,93,0.365,1,66.83
2024-02-02,Organic Search,Desktop,811,673,2205,0.399,18,1301.0
2024-02-02,Organic Search,Mobile,912,694,2293,0.501,15,1105.62
2024-02-02,Organic Search,Tablet,149,117,292,0.365,3,219.62
2024-02-02,Paid Search,Desktop,369,302,1099,0.342,15,763.09
2024-02-02,Paid Search,Mobile,452,388,1242,0.461,10,586.45
2024-02-02,Paid Search,Tablet,81,67,151,0.382,3,231.85
2024-02-02,Referral,Desktop,151,115,389,0.31,5,437.73
2024-02-02,Referral,Mobile,155,124,334,0.463,3,235.57
2024-02-02,Referral,Tablet,25,21,69,0.358,0,0.0
2024-02-02,Social,Desktop,389,315,875,0.348,7,372.57
2024-02-02,Social,Mobile,375,292,1132,0.459,3,162.11
2024-02-02,Social,Tablet,59,47,138,0.341,1,81.62
2024-02-03,Direct,Desktop,374,298,779,0.34,11,964.42
2024-02-03,Direct,Mobile,390,307,1008,0.478,8,686.12
2024-02-03,Direct,Tablet,82,68,191,0.368,2,152.08
2024-02-03,Email,Desktop,128,99,277,0.417,8,595.12
2024-02-03,Email,Mobile,184,142,561,0.418,6,328.89
2024-02-03,Email,Tablet,23,19,42,0.375,1,54.21
2024-02-03,Organic Search,Desktop,582,455,1455,0.301,14,738.35
2024-02-03,Organic Search,Mobile,756,579,2231,0.408,10,666.02
2024-02-03,Organic Search,Tablet,104,79,227,0.385,2,143.82
2024-02-03,Paid Search,Desktop,312,233,973,0.413,15,907.24
2024-02-03,Paid Search,Mobile,349,289,966,0.473,9,691.63
2024-02-03,Paid Search,Tablet,72,56,224,0.414,3,204.45
2024-02-03,Referral,Desktop,110,86,300,0.416,3,158.79
2024-02-03,Referral,Mobile,118,96,285,0.471,3,251.67
2024-02-03,Referral,Tablet,22,17,44,0.33,0,0.0
2024-02-03,Social,Desktop,264,201,795,0.408,3,209.25
2024-02-03,Social,Mobile,343,269,974,0.498,3,202.69
2024-02-03,Social,Tablet,51,39,121,0.328,1,70.04
2024-02-04,Direct,Desktop,418,324,1045,0.329,16,869.28
2024-02-04,Direct,Mobile,411,310,934,0.431,7,572.33
2024-02-04,Direct,Tablet,81,66,210,0.371,2,105.65
2024-02-04,Email,Desktop,122,92,371,0.341,7,349.34
2024-02-04,Email,Mobile,151,125,279,0.481,5,265.38
2024-02-04,Email,Tablet,27,22,51,0.401,1,52.9
2024-02-04,Organic Search,Desktop,613,514,1793,0.402,13,975.41
2024-02-04,Organic Search,Mobile,677,566,1389,0.404,12,1002.75
2024-02-04,Organic Search,Tablet,123,105,292,0.402,2,154.47
2024-02-04,Paid Search,Desktop,304,248,828,0.318,11,792.49
2024-02-04,Paid Search,Mobile,377,318,1147,0.488,11,613.38
2024-02-04,Paid Search,Tablet,60,48,141,0.38,2,145.34
2024-02-04,Referral,Desktop,113,84,356,0.405,4,285.49
2024-02-04,Referral,Mobile,129,110,397,0.454,2,108.52
2024-02-04,Referral,Tablet,19,14,58,0.363,0,0.0
2024-02-04,Social,Desktop,256,198,573,0.342,4,331.73
2024-02-04,Social,Mobile,381,307,909,0.438,3,207.4
2024-02-04,Social,Tablet,54,46,124,0.321,1,85.92
2024-02-05,Direct,Desktop,519,414,1548,0.415,15,1126.71
2024-02-05,Direct,Mobile,558,426,1131,0.416,10,737.18
2024-02-05,Direct,Tablet,92,69,276,0.326,2,163.39
2024-02-05,Email,Desktop,194,145,394,0.379,8,596.01
2024-02-05,Email,Mobile,206,171,487,0.451,6,293.84
2024-02-05,Email,Tablet,33,25,100,0.306,1,78.64
2024-02-05,Organic Search,Desktop,859,663,1839,0.309,26,1508.45
2024-02-05,Organic Search,Mobile,892,701,2493,0.5,12,865.37
2024-02-05,Organic Search,Tablet,170,146,353,0.408,3,254.36
2024-02-05,Paid Search,Desktop,430,346,1089,0.411,17,1452.6
2024-02-05,Paid Search,Mobile,531,429,1036,0.435,12,730.58
2024-02-05,Paid Search,Tablet,91,72,223,0.408,3,252.75
2024-02-05,Referral,Desktop,120,97,321,0.419,4,348.2
2024-02-05,Referral,Mobile,182,148,344,0.511,3,201.6
2024-02-05,Referral,Tablet,26,20,71,0.359,1,63.79
2024-02-05,Social,Desktop,355,281,963,0.373,5,265.85
2024-02-05,Social,Mobile,408,315,1059,0.5,4,323.6
2024-02-05,Social,Tablet,61,46,113,0.334,1,82.45
2024-02-06,Direct,Desktop,444,371,1123,0.381,18,1210.41
2024-02-06,Direct,Mobile,604,489,1201,0.509,12,847.94
2024-02-06,Direct,Tablet,85,72,203,0.354,2,137.89
2024-02-06,Email,Desktop,146,117,429,0.312,7,339.94
2024-02-06,Email,Mobile,192,145,590,0.485,7,383.86
2024-02-06,Email,Tablet,32,25,87,0.356,1,49.46
2024-02-06,Organic Search,Desktop,721,555,1536,0.35,20,1332.54
2024-02-06,Organic Search,Mobile,915,691,2781,0.438,15,997.95
2024-02-06,Organic Search,Tablet,155,118,405,0.392,3,240.47
2024-02-06,Paid Search,Desktop,411,307,1146,0.374,15,1235.34
2024-02-06,Paid Search,Mobile,507,418,919,0.461,13,1036.09
2024-02-06,Paid Search,Tablet,74,56,216,0.412,2,155.41
2024-02-06,Referral,Desktop,143,106,400,0.308,5,266.87
2024-02-06,Referral,Mobile,177,131,554,0.425,3,237.22
2024-02-06,Referral,Tablet,26,21,55,0.364,1,61.83
2024-02-06,Social,Desktop,393,317,988,0.321,6,395.98
2024-02-06,Social,Mobile,439,347,1325,0.402,3,227.89
2024-02-06,Social,Tablet,69,55,159,0.303,1,70.98
2024-02-07,Direct,Desktop,469,372,1417,0.328,18,1099.1
2024-02-07,Direct,Mobile,567,436,1677,0.442,12,830.28
2024-02-07,Direct,Tablet,94,77,242,0.334,2,148.17
2024-02-07,Email,Desktop,152,130,296,0.36,9,535.27
2024-02-07,Email,Mobile,198,163,566,0.461,5,413.04
2024-02-07,Email,Tablet,30,23,73,0.385,1,78.57
2024-02-07,Organic Search,Desktop,883,697,2411,0.336,20,1719.17
2024-02-07,Organic Search,Mobile,1026,872,2193,0.455,15,886.47
2024-02-07,Organic Search,Tablet,169,135,379,0.383,4,300.7
2024-02-07,Paid Search,Desktop,397,326,1003,0.31,15,1300.41
2024-02-07,Paid Search,Mobile,514,432,1549,0.457,11,690.73
2024-02-07,Paid Search,Tablet,81,62,200,0.396,3,207.4
2024-02-07,Referral,Desktop,131,104,406,0.355,5,303.86
2024-02-07,Referral,Mobile,169,127,427,0.51,3,205.63
2024-02-07,Referral,Tablet,29,24,81,0.389,1,77.06
2024-02-07,Social,Desktop,322,259,583,0.308,5,303.56
2024-02-07,Social,Mobile,465,397,1299,0.509,4,346.66
2024-02-07,Social,Tablet,59,46,112,0.304,1,85.89
2024-02-08,Direct,Desktop,439,354,1065,0.35,13,1058.65
2024-02-08,Direct,Mobile,521,438,1257,0.422,12,757.78
2024-02-08,Direct,Tablet,87,74,239,0.36,2,140.19
2024-02-08,Email,Desktop,161,137,505,0.407,7,402.38
2024-02-08,Email,Mobile,212,182,536,0.497,5,341.27
2024-02-08,Email,Tablet,37,30,85,0.413,2,146.49
2024-02-08,Organic Search,Desktop,767,657,1944,0.324,23,1291.89
2024-02-08,Organic Search,Mobile,811,626,1566,0.51,15,992.9
2024-02-08,Organic Search,Tablet,139,115,345,0.368,3,261.47
2024-02-08,Paid Search,Desktop,488,388,1260,0.351,22,1310.9
2024-02-08,Paid Search,Mobile,491,366,1000,0.463,12,981.67
2024-02-08,Paid Search,Tablet,94,80,195,0.408,3,184.23
2024-02-08,Referral,Desktop,125,107,398,0.399,4,261.92
2024-02-08,Referral,Mobile,162,135,364,0.515,2,117.17
2024-02-08,Referral,Tablet,30,26,62,0.36,1,60.28
2024-02-08,Social,Desktop,312,243,655,0.316,4,271.67
2024-02-08,Social,Mobile,392,312,1179,0.423,4,292.82
2024-02-08,Social,Tablet,62,48,153,0.372,1,65.51
2024-02-09,Direct,Desktop,417,324,1198,0.326,14,1001.97
2024-02-09,Direct,Mobile,576,495,1493,0.52,11,567.27
2024-02-09,Direct,Tablet,77,57,246,0.306,2,126.2
2024-02-09,Email,Desktop,160,121,433,0.309,8,594.03
2024-02-09,Email,Mobile,198,169,381,0.402,5,332.25
2024-02-09,Email,Tablet,34,28,70,0.387,1,60.55
2024-02-09,Organic Search,Desktop,719,556,1464,0.359,22,1395.29
2024-02-09,Organic Search,Mobile,984,764,2152,0.485,15,854.29
2024-02-09,Organic Search,Tablet,165,133,420,0.319,3,176.13
2024-02-09,Paid Search,Desktop,396,329,989,0.328,18,1249.57
2024-02-09,Paid Search,Mobile,589,464,1195,0.508,12,1010.87
2024-02-09,Paid Search,Tablet,91,77,226,0.388,2,152.88
2024-02-09,Referral,Desktop,138,104,425,0.413,4,283.64
2024-02-09,Referral,Mobile,160,123,376,0.433,3,173.14
2024-02-09,Referral,Tablet,30,24,72,0.375,1,56.36
2024-02-09,Social,Desktop,300,242,731,0.414,4,299.22
2024-02-09,Social,Mobile,422,363,885,0.403,4,212.9
2024-02-09,Social,Tablet,76,61,233,0.329,1,85.91
2024-02-10,Direct,Desktop,328,259,806,0.343,11,861.39
2024-02-10,Direct,Mobile,509,402,1548,0.457,10,674.67
2024-02-10,Direct,Tablet,76,57,231,0.391,2,100.82
2024-02-10,Email,Desktop,152,114,324,0.413,8,569.55
2024-02-10,Email,Mobile,172,134,519,0.426,5,320.56
2024-02-10,Email,Tablet,28,21,74,0.416,1,85.48
2024-02-10,Organic Search,Desktop,637,496,1597,0.38,16,944.6
2024-02-10,Organic Search,Mobile,758,628,1913,0.437,13,1117.81
2024-02-10,Organic Search,Tablet,132,112,260,0.395,2,98.98
2024-02-10,Paid Search,Desktop,318,259,1001,0.331,15,833.76
2024-02-10,Paid Search,Mobile,366,284,840,0.441,8,568.05
2024-02-10,Paid Search,Tablet,60,46,121,0.364,2,102.39
2024-02-10,Referral,Desktop,121,92,379,0.343,4,238.06
2024-02-10,Referral,Mobile,139,115,398,0.425,3,252.46
2024-02-10,Referral,Tablet,21,16,64,0.333,0,0.0
2024-02-10,Social,Desktop,292,244,744,0.397,4,313.98
2024-02-10,Social,Mobile,322,262,889,0.431,3,207.27
2024-02-10,Social,Tablet,57,44,106,0.33,1,69.59
2024-02-11,Direct,Desktop,326,255,852,0.328,11,553.25
2024-02-11,Direct,Mobile,444,329,1172,0.44,11,743.06
2024-02-11,Direct,Tablet,65,55,192,0.361,2,154.66
2024-02-11,Email,Desktop,143,106,410,0.312,8,388.89
2024-02-11,Email,Mobile,166,127,499,0.44,5,298.01
2024-02-11,Email,Tablet,27,22,68,0.396,1,52.85
2024-02-11,Organic Search,Desktop,537,413,1191,0.42,13,1092.51
2024-02-11,Organic Search,Mobile,791,673,2107,0.437,10,615.7
2024-02-11,Organic Search,Tablet,126,96,384,0.363,2,155.03
2024-02-11,Paid Search,Desktop,369,278,1040,0.371,13,765.98
2024-02-11,Paid Search,Mobile,453,349,1402,0.48,14,896.5
2024-02-11,Paid Search,Tablet,70,58,220,0.417,2,169.63
2024-02-11,Referral,Desktop,109,83,317,0.326,3,209.27
2024-02-11,Referral,Mobile,137,116,283,0.411,2,121.7
2024-02-11,Referral,Tablet,21,16,62,0.349,0,0.0
2024-02-11,Social,Desktop,306,227,712,0.35,5,374.19
2024-02-11,Social,Mobile,326,275,728,0.496,3,159.43
2024-02-11,Social,Tablet,50,41,149,0.347,1,82.1
2024-02-12,Direct,Desktop,428,331,1308,0.314,13,846.35
2024-02-12,Direct,Mobile,544,464,1347,0.472,12,598.95
2024-02-12,Direct,Tablet,97,79,227,0.361,2,121.8
2024-02-12,Email,Desktop,178,152,378,0.342,11,942.4
2024-02-12,Email,Mobile,231,199,739,0.477,7,376.38
2024-02-12,Email,Tablet,30,26,81,0.405,1,63.76
2024-02-12,Organic Search,Desktop,776,652,2311,0.414,18,1575.78
2024-02-12,Organic Search,Mobile,803,650,1708,0.463,15,786.93
2024-02-12,Organic Search,Tablet,141,118,418,0.357,3,209.32
2024-02-12,Paid Search,Desktop,392,316,786,0.381,18,917.09
2024-02-12,Paid Search,Mobile,468,397,923,0.516,11,544.8
2024-02-12,Paid Search,Tablet,92,79,257,0.302,3,221.34
2024-02-12,Referral,Desktop,136,103,402,0.341,5,437.05
2024-02-12,Referral,Mobile,189,141,461,0.511,3,160.62
2024-02-12,Referral,Tablet,25,20,80,0.308,0,0.0
2024-02-12,Social,Desktop,378,322,978,0.418,6,504.89
2024-02-12,Social,Mobile,380,285,810,0.514,4,310.46
2024-02-12,Social,Tablet,75,56,217,0.333,1,82.29
2024-02-13,Direct,Desktop,416,353,1033,0.306,16,1229.16
2024-02-13,Direct,Mobile,534,438,1048,0.498,10,583.98
2024-02-13,Direct,Tablet,76,60,159,0.406,2,138.36
2024-02-13,Email,Desktop,152,129,377,0.385,7,414.41
2024-02-13,Email,Mobile,189,151,465,0.512,5,384.24
2024-02-13,Email,Tablet,29,22,72,0.35,1,52.77
2024-02-13,Organic Search,Desktop,694,566,1717,0.31,19,1040.56
2024-02-13,Organic Search,Mobile,1041,796,2324,0.488,18,945.82
2024-02-13,Organic Search,Tablet,137,111,293,0.304,2,136.91
2024-02-13,Paid Search,Desktop,407,324,892,0.368,18,1216.75
2024-02-13,Paid Search,Mobile,464,345,1387,0.49,12,713.61
2024-02-13,Paid Search,Tablet,83,69,190,0.413,2,131.82
2024-02-13,Referral,Desktop,141,105,368,0.412,5,334.7
2024-02-13,Referral,Mobile,183,153,394,0.486,4,262.79
2024-02-13,Referral,Tablet,29,24,89,0.357,1,61.85
2024-02-13,Social,Desktop,309,233,593,0.393,4,319.39
2024-02-13,Social,Mobile,421,322,933,0.47,4,213.04
2024-02-13,Social,Tablet,62,51,132,0.399,1,52.65
2024-02-14,Direct,Desktop,430,340,977,0.333,15,1237.16
2024-02-14,Direct,Mobile,576,472,1221,0.484,10,518.03
2024-02-14,Direct,Tablet,83,70,239,0.406,2,135.29
2024-02-14,Email,Desktop,168,143,469,0.395,8,674.96
2024-02-14,Email,Mobile,213,183,596,0.44,6,359.43
2024-02-14,Email,Tablet,29,23,78,0.342,1,77.15
2024-02-14,Organic Search,Desktop,776,633,2207,0.414,19,1529.26
2024-02-14,Organic Search,Mobile,963,716,2581,0.413,15,736.51
2024-02-14,Organic Search,Tablet,128,104,246,0.372,2,129.79
2024-02-14,Paid Search,Desktop,466,377,1363,0.416,20,1526.89
2024-02-14,Paid Search,Mobile,475,400,905,0.449,13,1103.47
2024-02-14,Paid Search,Tablet,74,59,171,0.327,2,103.35
2024-02-14,Referral,Desktop,124,93,261,0.376,4,222.03
2024-02-14,Referral,Mobile,153,131,310,0.498,2,158.51
2024-02-14,Referral,Tablet,25,19,67,0.356,1,64.17
2024-02-14,Social,Desktop,395,339,1254,0.405,6,465.3
2024-02-14,Social,Mobile,401,317,994,0.496,4,332.53
2024-02-14,Social,Tablet,76,60,225,0.34,1,75.98
2024-02-15,Direct,Desktop,487,390,1543,0.339,17,976.82
2024-02-15,Direct,Mobile,540,437,1522,0.455,12,994.74
2024-02-15,Direct,Tablet,91,78,174,0.32,2,163.77
2024-02-15,Email,Desktop,195,167,460,0.396,9,545.21
2024-02-15,Email,Mobile,232,196,435,0.51,8,500.81
2024-02-15,Email,Tablet,36,30,90,0.369,1,62.2
2024-02-15,Organic Search,Desktop,883,668,2592,0.397,19,1102.04
2024-02-15,Organic Search,Mobile,1034,839,1918,0.504,17,1013.11
2024-02-15,Organic Search,Tablet,160,130,298,0.327,3,158.63
2024-02-15,Paid Search,Desktop,479,359,1102,0.344,17,1126.45
2024-02-15,Paid Search,Mobile,448,382,941,0.409,14,978.22
2024-02-15,Paid Search,Tablet,78,65,244,0.313,3,199.81
2024-02-15,Referral,Desktop,156,130,418,0.416,5,348.17
2024-02-15,Referral,Mobile,157,132,433,0.497,3,218.92
2024-02-15,Referral,Tablet,28,24,82,0.413,1,74.07
2024-02-15,Social,Desktop,333,259,948,0.345,5,414.49
2024-02-15,Social,Mobile,378,284,703,0.483,3,181.76
2024-02-15,Social,Tablet,73,57,155,0.347,1,50.96
2024-02-16,Direct,Desktop,425,365,1337,0.342,15,812.74
2024-02-16,Direct,Mobile,511,422,1198,0.454,10,545.69
2024-02-16,Direct,Tablet,89,75,274,0.351,2,101.93
2024-02-16,Email,Desktop,178,151,377,0.314,10,496.68
2024-02-16,Email,Mobile,210,158,636,0.487,6,455.05
2024-02-16,Email,Tablet,34,28,108,0.409,1,54.75
2024-02-16,Organic Search,Desktop,799,687,1766,0.307,20,1030.72
2024-02-16,Organic Search,Mobile,960,726,2420,0.414,15,820.32
2024-02-16,Organic Search,Tablet,132,112,264,0.413,2,122.83
2024-02-16,Paid Search,Desktop,497,375,1305,0.385,21,1815.46
2024-02-16,Paid Search,Mobile,439,354,943,0.41,13,1135.92
2024-02-16,Paid Search,Tablet,87,72,185,0.35,3,159.59
2024-02-16,Referral,Desktop,147,125,344,0.312,4,256.56
2024-02-16,Referral,Mobile,174,135,399,0.497,3,164.34
2024-02-16,Referral,Tablet,28,21,58,0.391,1,49.19
2024-02-16,Social,Desktop,363,277,708,0.326,5,351.42
2024-02-16,Social,Mobile,367,300,843,0.467,3,195.03
2024-02-16,Social,Tablet,58,48,143,0.371,1,69.89
2024-02-17,Direct,Desktop,384,328,1089,0.355,16,1090.72
2024-02-17,Direct,Mobile,385,324,1178,0.494,9,532.68
2024-02-17,Direct,Tablet,64,49,183,0.315,2,153.07
2024-02-17,Email,Desktop,130,108,323,0.361,7,352.21
2024-02-17,Email,Mobile,153,129,325,0.437,5,297.59
2024-02-17,Email,Tablet,25,19,78,0.415,1,63.94
2024-02-17,Organic Search,Desktop,681,554,1656,0.374,21,1556.76
2024-02-17,Organic Search,Mobile,669,522,1735,0.511,12,829.64
2024-02-17,Organic Search,Tablet,126,96,338,0.379,3,236.1
2024-02-17,Paid Search,Desktop,341,254,1047,0.353,15,1279.74
2024-02-17,Paid Search,Mobile,465,396,1134,0.484,13,981.02
2024-02-17,Paid Search,Tablet,69,59,173,0.322,2,170.52
2024-02-17,Referral,Desktop,108,81,343,0.358,4,299.93
2024-02-17,Referral,Mobile,119,91,361,0.49,2,159.13
2024-02-17,Referral,Tablet,19,14,34,0.312,0,0.0
2024-02-17,Social,Desktop,241,193,623,0.338,3,205.22
2024-02-17,Social,Mobile,294,250,925,0.426,2,138.09
2024-02-17,Social,Tablet,54,40,148,0.384,1,77.15
2024-02-18,Direct,Desktop,431,371,938,0.419,18,1254.41
2024-02-18,Direct,Mobile,431,343,1333,0.481,9,545.67
2024-02-18,Direct,Tablet,63,54,124,0.4,2,96.98
2024-02-18,Email,Desktop,125,95,291,0.397,7,346.46
2024-02-18,Email,Mobile,168,129,355,0.442,5,370.89
2024-02-18,Email,Tablet,26,19,72,0.313,1,62.4
2024-02-18,Organic Search,Desktop,725,567,2105,0.415,15,799.47
2024-02-18,Organic Search,Mobile,762,651,1515,0.502,14,1073.7
2024-02-18,Organic Search,Tablet,122,91,387,0.354,2,175.85
2024-02-18,Paid Search,Desktop,317,265,782,0.415,12,939.05
2024-02-18,Paid Search,Mobile,472,370,948,0.405,11,592.72
2024-02-18,Paid Search,Tablet,67,57,204,0.386,2,117.03
2024-02-18,Referral,Desktop,102,86,282,0.382,3,234.62
2024-02-18,Referral,Mobile,152,121,400,0.5,3,245.64
2024-02-18,Referral,Tablet,22,17,46,0.331,0,0.0
2024-02-18,Social,Desktop,256,195,703,0.37,3,167.98
2024-02-18,Social,Mobile,345,293,966,0.518,3,193.58
2024-02-18,Social,Tablet,52,41,145,0.419,1,51.75
2024-02-19,Direct,Desktop,535,418,1587,0.365,17,1396.22
2024-02-19,Direct,Mobile,598,497,1167,0.409,15,1313.6
2024-02-19,Direct,Tablet,85,67,223,0.4,2,175.2
2024-02-19,Email,Desktop,167,140,471,0.319,10,770.86
2024-02-19,Email,Mobile,230,184,497,0.41,6,455.8
2024-02-19,Email,Tablet,29,24,87,0.319,1,67.0
2024-02-19,Organic Search,Desktop,778,609,2170,0.41,17,1157.34
2024-02-19,Organic Search,Mobile,889,663,1804,0.44,17,985.92
2024-02-19,Organic Search,Tablet,138,108,434,0.352,2,110.89
2024-02-19,Paid Search,Desktop,395,337,931,0.327,16,792.54
2024-02-19,Paid Search,Mobile,571,438,1271,0.501,16,1242.29
2024-02-19,Paid Search,Tablet,90,77,241,0.303,3,149.19
2024-02-19,Referral,Desktop,163,139,355,0.416,5,302.55
2024-02-19,Referral,Mobile,179,145,341,0.403,3,171.85
2024-02-19,Referral,Tablet,30,23,63,0.378,1,66.4
2024-02-19,Social,Desktop,314,266,978,0.366,5,246.23
2024-02-19,Social,Mobile,460,346,1432,0.416,5,308.87
2024-02-19,Social,Tablet,73,58,231,0.418,1,51.41
2024-02-20,Direct,Desktop,525,405,1346,0.371,20,1252.27
2024-02-20,Direct,Mobile,560,462,1693,0.481,11,558.84
2024-02-20,Direct,Tablet,101,79,283,0.328,3,203.61
2024-02-20,Email,Desktop,196,148,450,0.384,11,769.21
2024-02-20,Email,Mobile,179,146,425,0.438,5,418.4
2024-02-20,Email,Tablet,38,29,113,0.35,1,75.49
2024-02-20,Organic Search,Desktop,696,573,1562,0.412,18,1559.45
2024-02-20,Organic Search,Mobile,817,688,1898,0.4,10,585.11
2024-02-20,Organic Search,Tablet,153,123,322,0.377,3,173.48
2024-02-20,Paid Search,Desktop,481,393,1401,0.325,22,1858.64
2024-02-20,Paid Search,Mobile,523,422,1251,0.451,15,1224.79
2024-02-20,Paid Search,Tablet,93,70,276,0.337,3,170.52
2024-02-20,Referral,Desktop,161,136,421,0.382,6,411.84
2024-02-20,Referral,Mobile,184,156,347,0.427,3,239.81
2024-02-20,Referral,Tablet,28,21,57,0.327,1,52.93
2024-02-20,Social,Desktop,320,252,763,0.361,4,286.53
2024-02-20,Social,Mobile,459,381,1142,0.435,4,278.83
2024-02-20,Social,Tablet,66,57,202,0.324,1,55.32
2024-02-21,Direct,Desktop,422,356,931,0.338,17,1183.07
2024-02-21,Direct,Mobile,639,507,1166,0.409,14,993.82
2024-02-21,Direct,Tablet,102,81,276,0.42,2,121.75
2024-02-21,Email,Desktop,197,149,478,0.366,12,878.74
2024-02-21,Email,Mobile,206,159,442,0.487,7,433.48
2024-02-21,Email,Tablet,29,22,67,0.321,1,68.53
2024-02-21,Organic Search,Desktop,816,658,2598,0.376,24,1411.6
2024-02-21,Organic Search,Mobile,960,797,3070,0.493,14,1110.61
2024-02-21,Organic Search,Tablet,162,120,401,0.342,4,338.49
2024-02-21,Paid Search,Desktop,431,329,1212,0.396,22,1899.87
2024-02-21,Paid Search,Mobile,582,460,1274,0.447,18,1297.21
2024-02-21,Paid Search,Tablet,73,57,170,0.353,2,174.41
2024-02-21,Referral,Desktop,142,110,267,0.333,4,231.25
2024-02-21,Referral,Mobile,175,147,353,0.457,4,274.53
2024-02-21,Referral,Tablet,28,22,53,0.323,1,63.49
2024-02-21,Social,Desktop,318,239,800,0.342,4,345.28
2024-02-21,Social,Mobile,474,403,1109,0.48,5,360.73
2024-02-21,Social,Tablet,73,58,141,0.323,1,48.19
2024-02-22,Direct,Desktop,501,379,1588,0.312,21,1501.78
2024-02-22,Direct,Mobile,594,471,1141,0.401,14,786.09
2024-02-22,Direct,Tablet,88,66,248,0.332,2,132.96
2024-02-22,Email,Desktop,190,158,511,0.339,8,658.81
2024-02-22,Email,Mobile,213,181,637,0.462,5,249.83
2024-02-22,Email,Tablet,33,27,98,0.373,1,79.24
2024-02-22,Organic Search,Desktop,710,604,2083,0.36,21,1293.93
2024-02-22,Organic Search,Mobile,1052,836,3093,0.449,13,1136.51
2024-02-22,Organic Search,Tablet,145,118,373,0.361,3,177.88
2024-02-22,Paid Search,Desktop,493,417,1230,0.343,24,1688.96
2024-02-22,Paid Search,Mobile,581,475,1297,0.487,17,1381.47
2024-02-22,Paid Search,Tablet,91,69,224,0.401,3,158.36
2024-02-22,Referral,Desktop,158,126,440,0.362,5,397.86
2024-02-22,Referral,Mobile,192,152,522,0.475,4,221.36
2024-02-22,Referral,Tablet,26,20,76,0.325,1,48.96
2024-02-22,Social,Desktop,395,320,1253,0.405,5,373.94
2024-02-22,Social,Mobile,371,285,963,0.493,4,311.99
2024-02-22,Social,Tablet,58,47,132,0.346,1,56.61
2024-02-23,Direct,Desktop,520,432,1524,0.385,22,1379.21
2024-02-23,Direct,Mobile,518,418,1315,0.484,11,778.52
2024-02-23,Direct,Tablet,90,68,224,0.382,2,165.04
2024-02-23,Email,Desktop,182,155,575,0.417,11,736.85
2024-02-23,Email,Mobile,224,177,662,0.472,8,539.41
2024-02-23,Email,Tablet,38,29,113,0.381,1,69.56
2024-02-23,Organic Search,Desktop,684,512,1696,0.381,15,1081.0
2024-02-23,Organic Search,Mobile,900,773,1624,0.491,17,940.33
2024-02-23,Organic Search,Tablet,143,110,274,0.337,2,114.44
2024-02-23,Paid Search,Desktop,396,311,1142,0.34,18,1372.82
2024-02-23,Paid Search,Mobile,576,468,1448,0.491,15,989.46
2024-02-23,Paid Search,Tablet,78,65,240,0.349,3,246.63
2024-02-23,Referral,Desktop,149,125,430,0.341,5,264.7
2024-02-23,Referral,Mobile,175,146,401,0.475,4,263.01
2024-02-23,Referral,Tablet,25,21,74,0.419,1,60.5
2024-02-23,Social,Desktop,334,266,935,0.404,5,396.48
2024-02-23,Social,Mobile,419,320,1160,0.488,4,307.87
2024-02-23,Social,Tablet,64,52,133,0.413,1,82.82
2024-02-24,Direct,Desktop,404,315,1054,0.303,13,745.59
2024-02-24,Direct,Mobile,419,344,1213,0.405,9,573.95
2024-02-24,Direct,Tablet,68,54,135,0.348,2,121.18
2024-02-24,Email,Desktop,140,117,278,0.396,7,508.51
2024-02-24,Email,Mobile,144,120,458,0.517,4,280.68
2024-02-24,Email,Tablet,23,19,68,0.398,1,70.98
2024-02-24,Organic Search,Desktop,590,445,1404,0.323,15,927.12
2024-02-24,Organic Search,Mobile,820,685,1767,0.479,15,1223.88
2024-02-24,Organic Search,Tablet,132,111,318,0.309,3,262.69
2024-02-24,Paid Search,Desktop,390,295,1186,0.389,15,1221.19
2024-02-24,Paid Search,Mobile,474,396,1279,0.496,12,820.5
2024-02-24,Paid Search,Tablet,74,60,227,0.32,2,99.37
2024-02-24,Referral,Desktop,104,86,302,0.301,4,270.17
2024-02-24,Referral,Mobile,117,90,331,0.469,2,114.52
2024-02-24,Referral,Tablet,20,16,36,0.4,0,0.0
2024-02-24,Social,Desktop,273,214,851,0.33,4,295.83
2024-02-24,Social,Mobile,379,291,1121,0.515,3,161.44
2024-02-24,Social,Tablet,49,39,101,0.399,1,61.11
2024-02-25,Direct,Desktop,373,310,738,0.317,14,784.65
2024-02-25,Direct,Mobile,401,331,767,0.446,10,751.44
2024-02-25,Direct,Tablet,83,62,168,0.31,2,114.91
2024-02-25,Email,Desktop,141,116,388,0.318,7,382.64
2024-02-25,Email,Mobile,182,150,557,0.466,6,381.01
2024-02-25,Email,Tablet,27,21,81,0.389,1,84.1
2024-02-25,Organic Search,Desktop,665,560,1582,0.381,19,1503.32
2024-02-25,Organic Search,Mobile,689,521,1631,0.433,13,903.74
2024-02-25,Organic Search,Tablet,112,95,308,0.396,2,155.66
2024-02-25,Paid Search,Desktop,392,322,799,0.361,14,1129.84
2024-02-25,Paid Search,Mobile,437,365,1144,0.448,11,534.51
2024-02-25,Paid Search,Tablet,67,54,200,0.368,2,124.55
2024-02-25,Referral,Desktop,107,84,331,0.416,3,182.82
2024-02-25,Referral,Mobile,151,117,309,0.436,2,175.22
2024-02-25,Referral,Tablet,23,18,67,0.372,1,85.14
2024-02-25,Social,Desktop,300,249,617,0.394,4,259.88
2024-02-25,Social,Mobile,388,312,1052,0.458,4,263.44
2024-02-25,Social,Tablet,54,46,101,0.355,1,63.35
2024-02-26,Direct,Desktop,484,397,1075,0.326,16,1288.58
2024-02-26,Direct,Mobile,573,447,1576,0.408,12,901.93
2024-02-26,Direct,Tablet,97,76,178,0.357,2,166.89
2024-02-26,Email,Desktop,170,141,340,0.352,7,483.41
2024-02-26,Email,Mobile,213,160,633,0.436,6,428.72
2024-02-26,Email,Tablet,36,28,92,0.391,1,68.51
2024-02-26,Organic Search,Desktop,905,740,2787,0.411,23,1562.78
2024-02-26,Organic Search,Mobile,976,753,2565,0.499,17,1400.42
2024-02-26,Organic Search,Tablet,129,101,371,0.359,2,148.83
2024-02-26,Paid Search,Desktop,498,404,1555,0.407,18,991.5
2024-02-26,Paid Search,Mobile,501,371,1489,0.447,14,896.75
2024-02-26,Paid Search,Tablet,88,70,247,0.358,2,163.05
2024-02-26,Referral,Desktop,154,117,360,0.341,4,321.28
2024-02-26,Referral,Mobile,169,125,531,0.445,3,196.62
2024-02-26,Referral,Tablet,24,19,52,0.39,0,0.0
2024-02-26,Social,Desktop,402,340,912,0.33,7,538.31
2024-02-26,Social,Mobile,436,327,869,0.407,4,223.26
2024-02-26,Social,Tablet,61,51,134,0.321,1,84.08
2024-02-27,Direct,Desktop,546,465,1403,0.394,20,1416.66
2024-02-27,Direct,Mobile,609,482,1252,0.401,11,932.66
2024-02-27,Direct,Tablet,98,76,206,0.402,3,190.8
2024-02-27,Email,Desktop,188,150,597,0.419,8,546.02
2024-02-27,Email,Mobile,189,146,416,0.481,6,381.24
2024-02-27,Email,Tablet,35,28,85,0.393,1,86.76
2024-02-27,Organic Search,Desktop,832,691,2437,0.38,18,1344.6
2024-02-27,Organic Search,Mobile,896,708,2634,0.475,15,1247.83
2024-02-27,Organic Search,Tablet,138,106,422,0.338,2,103.65
2024-02-27,Paid Search,Desktop,502,407,1504,0.343,23,1561.42
2024-02-27,Paid Search,Mobile,552,442,1347,0.454,17,1442.99
2024-02-27,Paid Search,Tablet,86,68,211,0.341,3,233.2
2024-02-27,Referral,Desktop,139,112,360,0.308,4,325.47
2024-02-27,Referral,Mobile,149,115,304,0.448,2,124.12
2024-02-27,Referral,Tablet,24,18,76,0.413,1,49.0
2024-02-27,Social,Desktop,367,295,1069,0.34,5,383.19
2024-02-27,Social,Mobile,421,348,892,0.497,4,298.58
2024-02-27,Social,Tablet,64,53,119,0.349,1,70.53
2024-02-28,Direct,Desktop,441,360,885,0.33,13,1040.68
2024-02-28,Direct,Mobile,609,467,1330,0.443,12,598.27
2024-02-28,Direct,Tablet,103,86,225,0.307,2,174.66
2024-02-28,Email,Desktop,159,136,345,0.312,9,499.3
2024-02-28,Email,Mobile,187,146,520,0.473,6,324.85
2024-02-28,Email,Tablet,38,32,94,0.367,2,109.12
2024-02-28,Organic Search,Desktop,909,768,2482,0.395,21,1472.24
2024-02-28,Organic Search,Mobile,864,667,2120,0.518,16,914.93
2024-02-28,Organic Search,Tablet,134,110,378,0.345,2,103.76
2024-02-28,Paid Search,Desktop,386,326,1004,0.403,15,915.97
2024-02-28,Paid Search,Mobile,462,392,1256,0.493,13,1128.84
2024-02-28,Paid Search,Tablet,86,64,155,0.316,3,189.59
2024-02-28,Referral,Desktop,141,112,284,0.305,5,359.74
2024-02-28,Referral,Mobile,162,135,335,0.416,4,303.27
2024-02-28,Referral,Tablet,31,27,83,0.32,1,79.17
2024-02-28,Social,Desktop,362,279,827,0.403,5,420.18
2024-02-28,Social,Mobile,362,268,865,0.407,3,219.66
2024-02-28,Social,Tablet,71,53,196,0.331,1,62.12
2024-02-29,Direct,Desktop,429,345,1091,0.402,16,915.27
2024-02-29,Direct,Mobile,539,446,1352,0.44,10,666.18
2024-02-29,Direct,Tablet,88,69,277,0.335,2,102.27
2024-02-29,Email,Desktop,159,135,387,0.306,8,394.27
2024-02-29,Email,Mobile,193,149,373,0.453,7,532.62
2024-02-29,Email,Tablet,33,25,96,0.419,1,73.36
2024-02-29,Organic Search,Desktop,900,768,2754,0.318,21,1689.77
2024-02-29,Organic Search,Mobile,888,694,2655,0.432,13,949.58
2024-02-29,Organic Search,Tablet,161,121,458,0.34,3,218.04
2024-02-29,Paid Search,Desktop,449,358,1227,0.328,21,1817.12
2024-02-29,Paid Search,Mobile,468,392,1022,0.449,11,554.97
2024-02-29,Paid Search,Tablet,88,72,273,0.326,3,146.34
2024-02-29,Referral,Desktop,148,112,298,0.395,5,339.71
2024-02-29,Referral,Mobile,181,153,438,0.466,4,271.6
2024-02-29,Referral,Tablet,26,20,57,0.353,1,60.34
2024-02-29,Social,Desktop,403,335,1175,0.304,7,364.26
2024-02-29,Social,Mobile,472,354,908,0.457,4,325.25
2024-02-29,Social,Tablet,61,48,119,0.327,1,83.03
2024-03-01,Direct,Desktop,524,433,1261,0.344,22,1518.16
2024-03-01,Direct,Mobile,505,408,1539,0.415,11,726.93
2024-03-01,Direct,Tablet,92,68,269,0.335,3,232.07
2024-03-01,Email,Desktop,169,125,481,0.405,9,632.88
2024-03-01,Email,Mobile,235,182,570,0.496,8,609.4
2024-03-01,Email,Tablet,30,24,93,0.365,1,49.57
2024-03-01,Organic Search,Desktop,910,769,2517,0.362,20,1411.63
2024-03-01,Organic Search,Mobile,912,727,2445,0.497,15,888.06
2024-03-01,Organic Search,Tablet,158,119,344,0.373,3,184.44
2024-03-01,Paid Search,Desktop,487,413,1222,0.304,23,1708.0
2024-03-01,Paid Search,Mobile,500,385,1124,0.488,13,895.67
2024-03-01,Paid Search,Tablet,84,63,243,0.332,2,134.26
2024-03-01,Referral,Desktop,131,110,325,0.417,4,312.25
2024-03-01,Referral,Mobile,171,143,409,0.483,3,261.32
2024-03-01,Referral,Tablet,28,24,88,0.355,1,85.54
2024-03-01,Social,Desktop,396,321,1257,0.304,5,292.16
2024-03-01,Social,Mobile,420,319,761,0.434,4,343.58
2024-03-01,Social,Tablet,75,59,205,0.315,1,76.75
2024-03-02,Direct,Desktop,403,304,1069,0.321,16,835.64
2024-03-02,Direct,Mobile,507,379,1546,0.494,9,778.83
2024-03-02,Direct,Tablet,65,56,179,0.306,2,103.9
2024-03-02,Email,Desktop,123,92,344,0.393,5,306.69
2024-03-02,Email,Mobile,192,150,500,0.504,5,299.57
2024-03-02,Email,Tablet,23,18,69,0.331,1,64.93
2024-03-02,Organic Search,Desktop,578,471,1570,0.32,15,1178.06
2024-03-02,Organic Search,Mobile,669,547,1699,0.401,9,731.5
2024-03-02,Organic Search,Tablet,133,101,276,0.367,3,212.51
2024-03-02,Paid Search,Desktop,315,262,635,0.378,11,773.63
2024-03-02,Paid Search,Mobile,403,307,1053,0.444,9,671.14
2024-03-02,Paid Search,Tablet,71,55,207,0.316,3,249.29
2024-03-02,Referral,Desktop,118,92,291,0.362,3,216.52
2024-03-02,Referral,Mobile,156,124,427,0.415,3,146.03
2024-03-02,Referral,Tablet,25,19,56,0.33,1,64.3
2024-03-02,Social,Desktop,250,207,547,0.358,4,277.48
2024-03-02,Social,Mobile,298,224,944,0.445,3,144.95
2024-03-02,Social,Tablet,59,48,143,0.39,1,52.47
2024-03-03,Direct,Desktop,417,349,1000,0.325,16,859.82
2024-03-03,Direct,Mobile,461,345,1279,0.409,9,509.71
2024-03-03,Direct,Tablet,77,57,229,0.391,2,172.54
2024-03-03,Email,Desktop,148,120,278,0.378,8,410.97
2024-03-03,Email,Mobile,171,128,339,0.446,6,439.7
2024-03-03,Email,Tablet,27,21,72,0.323,1,78.85
2024-03-03,Organic Search,Desktop,614,485,1739,0.386,16,1162.46
2024-03-03,Organic Search,Mobile,784,661,1897,0.493,10,818.08
2024-03-03,Organic Search,Tablet,119,96,331,0.375,2,169.1
2024-03-03,Paid Search,Desktop,319,269,973,0.39,16,1174.69
2024-03-03,Paid Search,Mobile,374,288,1044,0.472,11,850.39
2024-03-03,Paid Search,Tablet,68,57,166,0.301,2,122.3
2024-03-03,Referral,Desktop,108,91,278,0.376,3,251.66
2024-03-03,Referral,Mobile,136,116,251,0.453,3,253.59
2024-03-03,Referral,Tablet,21,18,54,0.316,0,0.0
2024-03-03,Social,Desktop,264,222,725,0.401,4,315.25
2024-03-03,Social,Mobile,377,321,1069,0.416,3,147.85
2024-03-03,Social,Tablet,60,50,153,0.409,1,53.11
2024-03-04,Direct,Desktop,518,435,1319,0.327,15,846.99
2024-03-04,Direct,Mobile,565,435,1111,0.469,11,544.03
2024-03-04,Direct,Tablet,99,75,249,0.416,2,137.79
2024-03-04,Email,Desktop,153,119,389,0.371,8,678.68
2024-03-04,Email,Mobile,209,157,379,0.435,7,470.4
2024-03-04,Email,Tablet,31,24,60,0.39,1,75.95
2024-03-04,Organic Search,Desktop,749,584,1391,0.371,19,1195.24
2024-03-04,Organic Search,Mobile,832,653,1603,0.513,14,913.25
2024-03-04,Organic Search,Tablet,140,116,385,0.341,3,192.35
2024-03-04,Paid Search,Desktop,408,329,973,0.41,20,1171.59
2024-03-04,Paid Search,Mobile,456,380,1193,0.462,10,576.15
2024-03-04,Paid Search,Tablet,79,59,155,0.322,2,171.6
2024-03-04,Referral,Desktop,131,108,288,0.378,4,231.64
2024-03-04,Referral,Mobile,196,161,356,0.482,4,326.23
2024-03-04,Referral,Tablet,27,21,68,0.364,1,58.89
2024-03-04,Social,Desktop,375,311,955,0.336,5,361.82
2024-03-04,Social,Mobile,476,398,1437,0.413,4,304.1
2024-03-04,Social,Tablet,62,51,154,0.331,1,50.86
2024-03-05,Direct,Desktop,480,398,873,0.351,15,1243.14
2024-03-05,Direct,Mobile,521,439,1663,0.471,10,483.9
2024-03-05,Direct,Tablet,96,72,200,0.375,2,136.81
2024-03-05,Email,Desktop,188,146,395,0.373,11,712.1
2024-03-05,Email,Mobile,215,182,645,0.486,6,413.26
2024-03-05,Email,Tablet,36,31,111,0.36,1,57.1
2024-03-05,Organic Search,Desktop,830,713,2539,0.41,24,1967.52
2024-03-05,Organic Search,Mobile,1011,768,2896,0.509,18,916.01
2024-03-05,Organic Search,Tablet,136,112,263,0.42,3,216.97
2024-03-05,Paid Search,Desktop,478,380,1427,0.404,21,1446.21
2024-03-05,Paid Search,Mobile,450,380,1100,0.432,11,950.49
2024-03-05,Paid Search,Tablet,87,71,221,0.414,2,143.68
2024-03-05,Referral,Desktop,156,121,372,0.383,4,277.8
2024-03-05,Referral,Mobile,182,150,496,0.497,4,338.13
2024-03-05,Referral,Tablet,24,21,48,0.382,0,0.0
2024-03-05,Social,Desktop,391,299,788,0.413,7,591.18
2024-03-05,Social,Mobile,436,352,956,0.459,4,196.83
2024-03-05,Social,Tablet,78,66,167,0.396,1,53.61
2024-03-06,Direct,Desktop,535,446,1387,0.41,22,1906.96
2024-03-06,Direct,Mobile,487,406,1136,0.512,11,732.82
2024-03-06,Direct,Tablet,93,77,279,0.339,2,139.11
2024-03-06,Email,Desktop,161,125,501,0.349,7,336.75
2024-03-06,Email,Mobile,212,157,587,0.476,6,416.7
2024-03-06,Email,Tablet,30,25,95,0.361,1,86.58
2024-03-06,Organic Search,Desktop,682,510,1254,0.357,21,1347.45
2024-03-06,Organic Search,Mobile,958,816,1754,0.404,17,878.88
2024-03-06,Organic Search,Tablet,149,113,450,0.402,3,201.67
2024-03-06,Paid Search,Desktop,472,367,1437,0.33,22,1089.63
2024-03-06,Paid Search,Mobile,447,352,1192,0.494,13,934.81
2024-03-06,Paid Search,Tablet,86,72,185,0.387,3,183.69
2024-03-06,Referral,Desktop,133,111,395,0.39,5,438.11
2024-03-06,Referral,Mobile,181,137,345,0.407,3,165.88
2024-03-06,Referral,Tablet,29,23,73,0.382,1,79.9
2024-03-06,Social,Desktop,357,283,783,0.344,5,377.67
2024-03-06,Social,Mobile,389,308,1234,0.451,4,320.89
2024-03-06,Social,Tablet,65,53,190,0.325,1,54.67
2024-03-07,Direct,Desktop,433,369,935,0.354,14,1137.18
2024-03-07,Direct,Mobile,595,482,1250,0.473,13,855.11
2024-03-07,Direct,Tablet,91,69,198,0.387,2,150.17
2024-03-07,Email,Desktop,186,144,355,0.304,10,769.67
2024-03-07,Email,Mobile,210,172,668,0.496,7,365.51
2024-03-07,Email,Tablet,36,30,87,0.417,1,83.45
2024-03-07,Organic Search,Desktop,721,551,2009,0.348,16,1348.27
2024-03-07,Organic Search,Mobile,930,750,2212,0.415,13,641.37
2024-03-07,Organic Search,Tablet,136,108,311,0.355,2,151.08
2024-03-07,Paid Search,Desktop,389,304,1038,0.302,18,1121.47
2024-03-07,Paid Search,Mobile,458,359,1244,0.505,13,1013.45
2024-03-07,Paid Search,Tablet,86,65,207,0.403,3,234.92
2024-03-07,Referral,Desktop,137,111,395,0.365,5,298.3
2024-03-07,Referral,Mobile,168,128,470,0.443,4,286.5
2024-03-07,Referral,Tablet,27,22,77,0.308,1,57.62
2024-03-07,Social,Desktop,325,252,859,0.352,5,245.54
2024-03-07,Social,Mobile,366,283,1099,0.471,4,281.39
2024-03-07,Social,Tablet,64,52,117,0.413,1,57.82
2024-03-08,Direct,Desktop,493,418,953,0.327,15,1292.97
2024-03-08,Direct,Mobile,537,419,1153,0.474,13,953.6
2024-03-08,Direct,Tablet,82,66,214,0.378,2,131.9
2024-03-08,Email,Desktop,154,130,321,0.365,7,405.67
2024-03-08,Email,Mobile,187,145,386,0.456,6,335.63
2024-03-08,Email,Tablet,29,23,53,0.315,1,60.71
2024-03-08,Organic Search,Desktop,743,620,1707,0.334,22,1880.88
2024-03-08,Organic Search,Mobile,996,765,2611,0.512,19,1177.26
2024-03-08,Organic Search,Tablet,139,103,347,0.391,2,101.09
2024-03-08,Paid Search,Desktop,503,414,953,0.301,19,933.87
2024-03-08,Paid Search,Mobile,595,494,1256,0.49,13,726.46
2024-03-08,Paid Search,Tablet,78,66,198,0.309,3,167.56
2024-03-08,Referral,Desktop,125,100,304,0.304,3,198.82
2024-03-08,Referral,Mobile,163,131,499,0.455,3,183.87
2024-03-08,Referral,Tablet,29,22,67,0.325,1,61.86
2024-03-08,Social,Desktop,308,261,838,0.369,5,318.89
2024-03-08,Social,Mobile,471,380,1084,0.481,5,329.69
2024-03-08,Social,Tablet,76,64,220,0.315,1,48.5
2024-03-09,Direct,Desktop,419,324,1017,0.338,14,1217.32
2024-03-09,Direct,Mobile,525,447,1232,0.421,11,934.95
2024-03-09,Direct,Tablet,76,60,223,0.357,2,150.61
2024-03-09,Email,Desktop,133,103,294,0.324,8,601.78
2024-03-09,Email,Mobile,192,165,575,0.496,7,587.35
2024-03-09,Email,Tablet,24,19,67,0.397,1,74.68
2024-03-09,Organic Search,Desktop,637,537,1510,0.339,15,943.77
2024-03-09,Organic Search,Mobile,827,634,2168,0.518,12,847.26
2024-03-09,Organic Search,Tablet,106,85,225,0.387,2,163.11
2024-03-09,Paid Search,Desktop,311,233,779,0.399,14,991.91
2024-03-09,Paid Search,Mobile,425,323,1220,0.404,12,708.79
2024-03-09,Paid Search,Tablet,77,60,175,0.301,3,194.69
2024-03-09,Referral,Desktop,103,88,264,0.375,3,261.45
2024-03-09,Referral,Mobile,145,123,349,0.427,3,263.04
2024-03-09,Referral,Tablet,19,16,52,0.404,0,0.0
2024-03-09,Social,Desktop,277,223,779,0.352,4,248.62
2024-03-09,Social,Mobile,331,252,991,0.402,3,226.83
2024-03-09,Social,Tablet,55,46,120,0.37,1,48.99
2024-03-10,Direct,Desktop,421,342,1160,0.309,12,1027.64
2024-03-10,Direct,Mobile,491,407,1063,0.424,9,702.67
2024-03-10,Direct,Tablet,69,57,150,0.312,2,156.12
2024-03-10,Email,Desktop,162,133,516,0.318,7,511.25
2024-03-10,Email,Mobile,169,144,415,0.437,6,293.94
2024-03-10,Email,Tablet,29,22,85,0.399,1,61.84
2024-03-10,Organic Search,Desktop,700,598,1544,0.373,16,1153.82
2024-03-10,Organic Search,Mobile,662,555,1402,0.443,12,972.07
2024-03-10,Organic Search,Tablet,118,95,376,0.343,2,128.41
2024-03-10,Paid Search,Desktop,351,287,1097,0.383,15,846.45
2024-03-10,Paid Search,Mobile,402,307,816,0.44,9,458.64
2024-03-10,Paid Search,Tablet,62,51,176,0.389,2,116.4
2024-03-10,Referral,Desktop,111,89,314,0.402,4,324.38
2024-03-10,Referral,Mobile,154,120,305,0.517,3,196.06
2024-03-10,Referral,Tablet,21,16,53,0.331,0,0.0
2024-03-10,Social,Desktop,274,204,838,0.403,4,195.03
2024-03-10,Social,Mobile,392,303,1004,0.495,4,284.23
2024-03-10,Social,Tablet,47,36,110,0.314,0,0.0
2024-03-11,Direct,Desktop,450,362,1077,0.304,19,1554.66
2024-03-11,Direct,Mobile,609,455,1821,0.457,13,748.29
2024-03-11,Direct,Tablet,84,67,209,0.337,3,262.16
2024-03-11,Email,Desktop,195,160,545,0.349,11,825.22
2024-03-11,Email,Mobile,239,191,666,0.518,8,664.8
2024-03-11,Email,Tablet,38,29,95,0.332,2,125.24
2024-03-11,Organic Search,Desktop,816,605,1612,0.381,18,1459.02
2024-03-11,Organic Search,Mobile,913,703,2628,0.46,17,825.43
2024-03-11,Organic Search,Tablet,131,104,395,0.399,3,259.95
2024-03-11,Paid Search,Desktop,410,343,1074,0.323,20,1281.94
2024-03-11,Paid Search,Mobile,519,387,1184,0.478,14,816.75
2024-03-11,Paid Search,Tablet,82,64,222,0.417,3,147.56
2024-03-11,Referral,Desktop,162,137,411,0.352,5,405.03
2024-03-11,Referral,Mobile,161,128,397,0.427,3,226.94
2024-03-11,Referral,Tablet,25,21,55,0.416,1,76.79
2024-03-11,Social,Desktop,395,309,913,0.324,6,339.67
2024-03-11,Social,Mobile,406,310,745,0.463,3,192.32
2024-03-11,Social,Tablet,66,56,128,0.36,1,56.61
2024-03-12,Direct,Desktop,484,385,1303,0.342,15,1047.93
2024-03-12,Direct,Mobile,595,486,1871,0.452,13,703.7
2024-03-12,Direct,Tablet,81,62,182,0.323,2,152.32
2024-03-12,Email,Desktop,164,136,466,0.311,10,560.6
2024-03-12,Email,Mobile,200,162,566,0.45,5,425.6
2024-03-12,Email,Tablet,32,26,93,0.312,1,85.73
2024-03-12,Organic Search,Desktop,688,558,1506,0.332,19,1064.89
2024-03-12,Organic Search,Mobile,1008,820,2865,0.509,14,800.89
2024-03-12,Organic Search,Tablet,136,110,354,0.39,2,130.54
2024-03-12,Paid Search,Desktop,427,333,1000,0.373,17,1169.29
2024-03-12,Paid Search,Mobile,453,371,1328,0.518,10,668.49
2024-03-12,Paid Search,Tablet,81,69,227,0.411,2,122.14
2024-03-12,Referral,Desktop,132,104,342,0.343,4,325.4
2024-03-12,Referral,Mobile,187,145,502,0.437,4,297.33
2024-03-12,Referral,Tablet,28,21,68,0.307,1,84.94
2024-03-12,Social,Desktop,366,305,982,0.334,6,309.92
2024-03-12,Social,Mobile,397,321,972,0.464,4,264.97
2024-03-12,Social,Tablet,62,47,182,0.376,1,54.75
2024-03-13,Direct,Desktop,457,339,1121,0.31,19,1290.73
2024-03-13,Direct,Mobile,503,396,1088,0.47,12,824.94
2024-03-13,Direct,Tablet,99,82,270,0.356,3,259.85
2024-03-13,Email,Desktop,158,132,477,0.419,7,423.37
2024-03-13,Email,Mobile,217,176,401,0.506,8,687.94
2024-03-13,Email,Tablet,35,28,81,0.386,1,83.75
2024-03-13,Organic Search,Desktop,790,660,1612,0.411,22,1632.49
2024-03-13,Organic Search,Mobile,982,807,2634,0.502,13,1025.63
2024-03-13,Organic Search,Tablet,136,103,268,0.357,2,154.77
2024-03-13,Paid Search,Desktop,417,352,805,0.39,18,937.24
2024-03-13,Paid Search,Mobile,510,422,1591,0.45,12,942.08
2024-03-13,Paid Search,Tablet,91,74,217,0.409,3,218.96
2024-03-13,Referral,Desktop,142,120,315,0.347,4,297.16
2024-03-13,Referral,Mobile,194,150,444,0.488,4,303.19
2024-03-13,Referral,Tablet,24,18,69,0.399,0,0.0
2024-03-13,Social,Desktop,350,282,676,0.38,5,419.32
2024-03-13,Social,Mobile,371,296,1117,0.454,3,169.28
2024-03-13,Social,Tablet,70,59,193,0.344,1,85.49
2024-03-14,Direct,Desktop,507,382,960,0.392,15,1225.74
2024-03-14,Direct,Mobile,543,445,1574,0.51,13,1065.18
2024-03-14,Direct,Tablet,94,79,274,0.319,3,171.69
2024-03-14,Email,Desktop,160,137,412,0.368,8,492.27
2024-03-14,Email,Mobile,218,170,424,0.424,6,363.57
2024-03-14,Email,Tablet,33,26,69,0.402,1,70.9
2024-03-14,Organic Search,Desktop,889,698,2364,0.386,27,1312.09
2024-03-14,Organic Search,Mobile,1018,831,2334,0.428,14,979.83
2024-03-14,Organic Search,Tablet,162,132,510,0.37,3,230.4
2024-03-14,Paid Search,Desktop,477,371,996,0.301,19,1538.13
2024-03-14,Paid Search,Mobile,511,427,1632,0.418,10,495.32
2024-03-14,Paid Search,Tablet,85,65,240,0.351,3,228.66
2024-03-14,Referral,Desktop,143,118,424,0.384,4,329.17
2024-03-14,Referral,Mobile,186,160,539,0.417,3,181.89
2024-03-14,Referral,Tablet,28,21,88,0.315,1,59.28
2024-03-14,Social,Desktop,345,293,1069,0.399,6,509.36
2024-03-14,Social,Mobile,443,372,1365,0.426,5,270.28
2024-03-14,Social,Tablet,65,49,120,0.319,1,84.03
2024-03-15,Direct,Desktop,463,391,933,0.302,16,884.93
2024-03-15,Direct,Mobile,566,452,1286,0.402,14,821.11
2024-03-15,Direct,Tablet,101,77,278,0.333,3,200.13
2024-03-15,Email,Desktop,169,131,425,0.396,9,718.2
2024-03-15,Email,Mobile,221,169,399,0.46,6,342.13
2024-03-15,Email,Tablet,33,27,102,0.381,1,66.22
2024-03-15,Organic Search,Desktop,895,745,2086,0.349,20,983.23
2024-03-15,Organic Search,Mobile,1001,761,3199,0.505,18,888.59
2024-03-15,Organic Search,Tablet,131,105,324,0.393,2,99.98
2024-03-15,Paid Search,Desktop,468,363,966,0.359,20,1153.64
2024-03-15,Paid Search,Mobile,509,409,992,0.518,15,1277.31
2024-03-15,Paid Search,Tablet,76,57,155,0.36,2,117.48
2024-03-15,Referral,Desktop,159,120,314,0.339,4,242.68
2024-03-15,Referral,Mobile,193,157,401,0.456,3,220.98
2024-03-15,Referral,Tablet,25,20,68,0.368,1,70.57
2024-03-15,Social,Desktop,388,292,1241,0.419,5,415.86
2024-03-15,Social,Mobile,410,351,980,0.414,3,211.97
2024-03-15,Social,Tablet,59,50,181,0.387,1,57.64
2024-03-16,Direct,Desktop,385,321,1165,0.389,14,691.9
2024-03-16,Direct,Mobile,476,365,1404,0.518,9,787.34
2024-03-16,Direct,Tablet,74,58,199,0.363,2,120.22
2024-03-16,Email,Desktop,129,99,356,0.367,6,494.94
2024-03-16,Email,Mobile,180,134,564,0.452,5,435.43
2024-03-16,Email,Tablet,23,18,50,0.395,1,59.21
2024-03-16,Organic Search,Desktop,723,620,1655,0.41,17,1122.77
2024-03-16,Organic Search,Mobile,874,739,2493,0.479,16,1318.87
2024-03-16,Organic Search,Tablet,127,108,229,0.414,2,116.17
2024-03-16,Paid Search,Desktop,407,311,965,0.412,19,944.54
2024-03-16,Paid Search,Mobile,379,307,807,0.413,8,634.03
2024-03-16,Paid Search,Tablet,65,53,135,0.389,2,171.56
2024-03-16,Referral,Desktop,132,104,409,0.357,5,424.83
2024-03-16,Referral,Mobile,124,98,366,0.519,2,150.3
2024-03-16,Referral,Tablet,19,15,37,0.403,0,0.0
2024-03-16,Social,Desktop,315,259,802,0.391,5,415.33
2024-03-16,Social,Mobile,334,250,929,0.493,3,263.92
2024-03-16,Social,Tablet,63,54,186,0.405,1,57.4
2024-03-17,Direct,Desktop,442,375,1087,0.331,15,1316.71
2024-03-17,Direct,Mobile,512,423,1381,0.47,10,526.93
2024-03-17,Direct,Tablet,70,59,186,0.331,2,164.29
2024-03-17,Email,Desktop,124,96,257,0.335,6,509.51
2024-03-17,Email,Mobile,190,145,392,0.407,5,346.2
2024-03-17,Email,Tablet,28,21,75,0.37,1,72.7
2024-03-17,Organic Search,Desktop,580,444,1050,0.397,14,873.11
2024-03-17,Organic Search,Mobile,659,552,1961,0.439,12,843.34
2024-03-17,Organic Search,Tablet,111,93,295,0.397,2,171.73
2024-03-17,Paid Search,Desktop,356,296,1051,0.344,14,1117.46
2024-03-17,Paid Search,Mobile,397,328,775,0.457,11,955.72
2024-03-17,Paid Search,Tablet,75,57,209,0.411,3,252.43
2024-03-17,Referral,Desktop,120,90,223,0.389,4,229.4
2024-03-17,Referral,Mobile,150,121,302,0.421,3,236.77
2024-03-17,Referral,Tablet,22,17,50,0.369,0,0.0
2024-03-17,Social,Desktop,272,208,868,0.363,4,210.0
2024-03-17,Social,Mobile,381,287,889,0.44,3,227.9
2024-03-17,Social,Tablet,53,43,97,0.304,1,54.92
2024-03-18,Direct,Desktop,439,355,956,0.372,18,1198.38
2024-03-18,Direct,Mobile,620,490,1758,0.45,12,961.97
2024-03-18,Direct,Tablet,80,62,234,0.362,2,164.64
2024-03-18,Email,Desktop,165,123,468,0.306,9,458.03
2024-03-18,Email,Mobile,236,179,719,0.508,8,536.39
2024-03-18,Email,Tablet,32,27,94,0.33,1,60.29
2024-03-18,Organic Search,Desktop,741,618,1701,0.395,23,1316.22
2024-03-18,Organic Search,Mobile,851,662,1586,0.44,11,709.86
2024-03-18,Organic Search,Tablet,161,125,364,0.356,3,150.84
2024-03-18,Paid Search,Desktop,497,424,1090,0.331,18,1039.52
2024-03-18,Paid Search,Mobile,521,415,1595,0.497,12,1030.23
2024-03-18,Paid Search,Tablet,75,59,147,0.403,2,152.22
2024-03-18,Referral,Desktop,166,138,307,0.357,5,335.4
2024-03-18,Referral,Mobile,161,136,400,0.487,3,202.28
2024-03-18,Referral,Tablet,27,20,70,0.341,1,74.03
2024-03-18,Social,Desktop,408,350,784,0.404,6,342.72
2024-03-18,Social,Mobile,413,308,1136,0.413,4,313.39
2024-03-18,Social,Tablet,74,63,133,0.39,1,76.96
2024-03-19,Direct,Desktop,472,390,1334,0.403,17,889.88
2024-03-19,Direct,Mobile,615,487,1366,0.413,15,966.65
2024-03-19,Direct,Tablet,87,71,185,0.393,2,107.85
2024-03-19,Email,Desktop,164,122,410,0.354,10,631.34
2024-03-19,Email,Mobile,230,175,468,0.517,6,470.03
2024-03-19,Email,Tablet,35,29,91,0.373,1,75.03
2024-03-19,Organic Search,Desktop,860,656,2219,0.417,22,1221.78
2024-03-19,Organic Search,Mobile,884,721,1929,0.447,13,763.02
2024-03-19,Organic Search,Tablet,159,126,330,0.394,4,262.89
2024-03-19,Paid Search,Desktop,461,365,853,0.369,22,1390.47
2024-03-19,Paid Search,Mobile,553,438,1231,0.411,14,807.73
2024-03-19,Paid Search,Tablet,87,73,266,0.402,3,195.98
2024-03-19,Referral,Desktop,160,122,419,0.407,6,408.11
2024-03-19,Referral,Mobile,161,124,344,0.419,3,158.88
2024-03-19,Referral,Tablet,31,25,64,0.386,1,74.12
2024-03-19,Social,Desktop,355,282,701,0.313,5,338.06
2024-03-19,Social,Mobile,486,395,1173,0.436,4,326.78
2024-03-19,Social,Tablet,66,54,182,0.408,1,51.86
2024-03-20,Direct,Desktop,486,376,1301,0.412,16,1374.24
2024-03-20,Direct,Mobile,543,460,1571,0.41,11,572.61
2024-03-20,Direct,Tablet,103,89,236,0.412,3,198.74
2024-03-20,Email,Desktop,204,167,533,0.366,9,644.27
2024-03-20,Email,Mobile,210,173,497,0.425,6,368.7
2024-03-20,Email,Tablet,33,26,62,0.334,1,48.09
2024-03-20,Organic Search,Desktop,796,592,2343,0.308,22,1902.72
2024-03-20,Organic Search,Mobile,1029,873,1922,0.478,18,1037.38
2024-03-20,Organic Search,Tablet,168,128,420,0.381,3,214.7
2024-03-20,Paid Search,Desktop,414,328,1151,0.333,20,1614.98
2024-03-20,Paid Search,Mobile,579,476,1069,0.421,12,672.25
2024-03-20,Paid Search,Tablet,95,77,291,0.307,3,217.85
2024-03-20,Referral,Desktop,156,117,300,0.328,5,327.27
2024-03-20,Referral,Mobile,174,137,348,0.41,3,207.84
2024-03-20,Referral,Tablet,27,22,69,0.38,1,74.09
2024-03-20,Social,Desktop,376,292,838,0.415,5,437.06
2024-03-20,Social,Mobile,456,382,891,0.517,5,298.01
2024-03-20,Social,Tablet,76,61,162,0.349,1,62.68
2024-03-21,Direct,Desktop,447,379,926,0.41,15,963.51
2024-03-21,Direct,Mobile,585,495,1378,0.467,12,803.99
2024-03-21,Direct,Tablet,88,67,236,0.408,2,174.19
2024-03-21,Email,Desktop,197,157,550,0.394,10,759.57
2024-03-21,Email,Mobile,197,166,560,0.499,7,426.91
2024-03-21,Email,Tablet,30,25,70,0.355,1,59.81
2024-03-21,Organic Search,Desktop,747,620,1375,0.315,17,854.07
2024-03-21,Organic Search,Mobile,1104,922,3284,0.478,20,1092.55
2024-03-21,Organic Search,Tablet,161,134,306,0.319,3,216.78
2024-03-21,Paid Search,Desktop,397,329,824,0.351,18,1164.94
2024-03-21,Paid Search,Mobile,597,478,1740,0.488,17,1046.44
2024-03-21,Paid Search,Tablet,92,73,267,0.312,3,255.51
2024-03-21,Referral,Desktop,155,132,457,0.407,4,205.16
2024-03-21,Referral,Mobile,184,152,414,0.461,3,214.99
2024-03-21,Referral,Tablet,29,24,75,0.341,1,83.1
2024-03-21,Social,Desktop,340,267,689,0.316,4,238.16
2024-03-21,Social,Mobile,422,319,1173,0.451,4,218.62
2024-03-21,Social,Tablet,72,62,192,0.339,1,76.26
2024-03-22,Direct,Desktop,438,357,1081,0.346,14,1039.61
2024-03-22,Direct,Mobile,621,503,1672,0.434,11,745.82
2024-03-22,Direct,Tablet,86,64,251,0.341,2,122.45
2024-03-22,Email,Desktop,158,131,405,0.368,7,356.08
2024-03-22,Email,Mobile,190,154,530,0.417,5,255.67
2024-03-22,Email,Tablet,34,27,62,0.412,1,78.53
2024-03-22,Organic Search,Desktop,896,761,1833,0.339,23,1308.92
2024-03-22,Organic Search,Mobile,1027,791,3207,0.43,18,1414.33
2024-03-22,Organic Search,Tablet,145,116,277,0.366,3,172.92
2024-03-22,Paid Search,Desktop,457,355,956,0.41,18,1169.93
2024-03-22,Paid Search,Mobile,459,376,1176,0.445,14,689.85
2024-03-22,Paid Search,Tablet,80,61,239,0.396,2,104.67
2024-03-22,Referral,Desktop,146,123,428,0.399,5,416.64
2024-03-22,Referral,Mobile,198,166,456,0.499,3,186.11
2024-03-22,Referral,Tablet,24,20,46,0.333,0,0.0
2024-03-22,Social,Desktop,362,279,657,0.411,6,490.19
2024-03-22,Social,Mobile,421,315,1090,0.463,4,215.39
2024-03-22,Social,Tablet,61,48,171,0.406,1,50.74
2024-03-23,Direct,Desktop,350,298,974,0.362,12,767.29
2024-03-23,Direct,Mobile,511,415,966,0.487,9,491.17
2024-03-23,Direct,Tablet,65,50,142,0.419,1,83.85
2024-03-23,Email,Desktop,148,111,278,0.328,8,657.0
2024-03-23,Email,Mobile,161,129,330,0.46,5,327.62
2024-03-23,Email,Tablet,26,22,60,0.39,1,74.74
2024-03-23,Organic Search,Desktop,587,449,1770,0.311,18,1183.8
2024-03-23,Organic Search,Mobile,872,704,2683,0.476,11,753.41
2024-03-23,Organic Search,Tablet,139,109,410,0.332,3,262.76
2024-03-23,Paid Search,Desktop,376,313,677,0.384,16,1070.88
2024-03-23,Paid Search,Mobile,397,321,1064,0.436,12,982.5
2024-03-23,Paid Search,Tablet,78,61,183,0.303,2,139.12
2024-03-23,Referral,Desktop,102,86,286,0.388,4,295.27
2024-03-23,Referral,Mobile,120,95,366,0.414,2,122.52
2024-03-23,Referral,Tablet,22,18,40,0.316,0,0.0
2024-03-23,Social,Desktop,322,253,954,0.325,6,354.78
2024-03-23,Social,Mobile,310,265,937,0.402,3,213.0
2024-03-23,Social,Tablet,54,44,152,0.324,1,78.23
2024-03-24,Direct,Desktop,332,251,1050,0.322,11,834.29
2024-03-24,Direct,Mobile,500,372,1313,0.47,12,960.63
2024-03-24,Direct,Tablet,75,63,240,0.375,2,110.02
2024-03-24,Email,Desktop,136,113,303,0.334,8,488.9
2024-03-24,Email,Mobile,181,155,471,0.476,6,458.91
2024-03-24,Email,Tablet,27,23,58,0.373,1,82.03
2024-03-24,Organic Search,Desktop,692,554,2180,0.381,17,1035.3
2024-03-24,Organic Search,Mobile,754,645,1520,0.405,14,686.17
2024-03-24,Organic Search,Tablet,112,87,279,0.369,2,162.02
2024-03-24,Paid Search,Desktop,325,261,718,0.312,12,603.05
2024-03-24,Paid Search,Mobile,405,317,1172,0.437,11,565.2
2024-03-24,Paid Search,Tablet,61,45,156,0.345,2,121.21
2024-03-24,Referral,Desktop,105,88,299,0.375,4,231.6
2024-03-24,Referral,Mobile,122,96,290,0.425,2,132.03
2024-03-24,Referral,Tablet,25,21,45,0.313,1,74.42
2024-03-24,Social,Desktop,323,250,777,0.303,4,302.12
2024-03-24,Social,Mobile,354,267,1064,0.401,4,291.41
2024-03-24,Social,Tablet,64,50,152,0.383,1,67.33
2024-03-25,Direct,Desktop,486,363,1200,0.32,18,1017.43
2024-03-25,Direct,Mobile,626,533,1490,0.504,14,1053.75
2024-03-25,Direct,Tablet,99,79,237,0.412,2,98.01
2024-03-25,Email,Desktop,152,128,342,0.336,7,470.25
2024-03-25,Email,Mobile,241,191,743,0.43,8,391.44
2024-03-25,Email,Tablet,31,26,85,0.305,1,80.85
2024-03-25,Organic Search,Desktop,763,615,1401,0.389,24,1948.33
2024-03-25,Organic Search,Mobile,1051,866,2253,0.42,19,1606.33
2024-03-25,Organic Search,Tablet,177,146,362,0.317,3,237.12
2024-03-25,Paid Search,Desktop,425,365,1278,0.377,15,1201.77
2024-03-25,Paid Search,Mobile,461,371,1007,0.505,11,785.57
2024-03-25,Paid Search,Tablet,80,66,204,0.419,2,171.92
2024-03-25,Referral,Desktop,142,121,294,0.346,5,321.68
2024-03-25,Referral,Mobile,199,154,489,0.512,4,225.63
2024-03-25,Referral,Tablet,27,22,61,0.307,1,53.65
2024-03-25,Social,Desktop,354,279,856,0.359,6,319.13
2024-03-25,Social,Mobile,380,318,952,0.472,4,211.25
2024-03-25,Social,Tablet,75,56,159,0.381,1,74.64
2024-03-26,Direct,Desktop,507,384,1485,0.355,15,1142.96
2024-03-26,Direct,Mobile,564,421,1307,0.453,14,901.93
2024-03-26,Direct,Tablet,100,82,310,0.398,3,224.36
2024-03-26,Email,Desktop,192,162,606,0.368,10,606.41
2024-03-26,Email,Mobile,218,162,417,0.493,7,610.04
2024-03-26,Email,Tablet,34,26,96,0.344,1,77.42
2024-03-26,Organic Search,Desktop,924,784,2018,0.38,22,1229.2
2024-03-26,Organic Search,Mobile,913,686,1961,0.518,12,818.54
2024-03-26,Organic Search,Tablet,167,132,492,0.353,3,258.22
2024-03-26,Paid Search,Desktop,486,370,1065,0.364,19,1047.04
2024-03-26,Paid Search,Mobile,548,463,1360,0.513,11,884.33
2024-03-26,Paid Search,Tablet,92,68,211,0.373,3,171.98
2024-03-26,Referral,Desktop,130,111,262,0.371,4,308.09
2024-03-26,Referral,Mobile,180,149,350,0.513,3,261.78
2024-03-26,Referral,Tablet,30,23,76,0.417,1,69.23
2024-03-26,Social,Desktop,312,236,814,0.404,4,309.52
2024-03-26,Social,Mobile,501,387,1105,0.42,5,319.03
2024-03-26,Social,Tablet,72,57,138,0.333,1,81.25
2024-03-27,Direct,Desktop,419,345,1132,0.311,16,1327.2
2024-03-27,Direct,Mobile,638,532,1252,0.508,11,788.14
2024-03-27,Direct,Tablet,91,77,243,0.38,2,172.0
2024-03-27,Email,Desktop,195,164,579,0.412,11,564.39
2024-03-27,Email,Mobile,228,191,701,0.414,6,514.66
2024-03-27,Email,Tablet,38,32,93,0.323,1,76.82
2024-03-27,Organic Search,Desktop,757,563,2118,0.331,23,1772.81
2024-03-27,Organic Search,Mobile,887,745,2027,0.428,12,954.42
2024-03-27,Organic Search,Tablet,146,108,336,0.321,2,97.15
2024-03-27,Paid Search,Desktop,383,306,938,0.356,15,1143.67
2024-03-27,Paid Search,Mobile,571,446,1729,0.442,14,1202.59
2024-03-27,Paid Search,Tablet,92,68,207,0.386,3,246.15
2024-03-27,Referral,Desktop,151,125,465,0.374,5,423.6
2024-03-27,Referral,Mobile,179,133,467,0.505,3,256.43
2024-03-27,Referral,Tablet,31,25,77,0.384,1,80.71
2024-03-27,Social,Desktop,397,337,1007,0.366,5,322.94
2024-03-27,Social,Mobile,383,313,1103,0.5,4,317.81
2024-03-27,Social,Tablet,65,53,202,0.349,1,77.43
2024-03-28,Direct,Desktop,492,408,960,0.398,15,1114.0
2024-03-28,Direct,Mobile,566,428,1809,0.448,10,559.13
2024-03-28,Direct,Tablet,92,74,249,0.335,2,133.31
2024-03-28,Email,Desktop,180,145,427,0.325,8,391.41
2024-03-28,Email,Mobile,232,184,536,0.423,6,396.93
2024-03-28,Email,Tablet,35,30,73,0.351,2,132.49
2024-03-28,Organic Search,Desktop,754,593,2332,0.341,21,1664.28
2024-03-28,Organic Search,Mobile,848,696,1624,0.421,13,1029.93
2024-03-28,Organic Search,Tablet,169,137,322,0.385,3,230.85
2024-03-28,Paid Search,Desktop,412,338,1104,0.361,17,1291.39
2024-03-28,Paid Search,Mobile,569,424,1429,0.486,15,774.88
2024-03-28,Paid Search,Tablet,85,71,172,0.302,2,172.52
2024-03-28,Referral,Desktop,142,120,444,0.301,5,393.64
2024-03-28,Referral,Mobile,187,149,507,0.509,3,166.99
2024-03-28,Referral,Tablet,29,24,73,0.322,1,71.53
2024-03-28,Social,Desktop,352,272,672,0.407,5,295.76
2024-03-28,Social,Mobile,458,373,997,0.433,5,373.13
2024-03-28,Social,Tablet,74,58,196,0.414,1,62.83
2024-03-29,Direct,Desktop,437,345,1322,0.407,17,1287.61
2024-03-29,Direct,Mobile,500,404,1336,0.492,9,524.37
2024-03-29,Direct,Tablet,93,73,170,0.364,2,155.7
2024-03-29,Email,Desktop,173,138,489,0.402,9,650.92
2024-03-29,Email,Mobile,241,193,752,0.476,7,394.75
2024-03-29,Email,Tablet,38,31,91,0.31,1,68.23
2024-03-29,Organic Search,Desktop,840,654,1900,0.413,18,984.18
2024-03-29,Organic Search,Mobile,975,745,2935,0.517,17,1045.85
2024-03-29,Organic Search,Tablet,137,102,311,0.321,3,237.04
2024-03-29,Paid Search,Desktop,482,408,1044,0.32,22,1235.23
2024-03-29,Paid Search,Mobile,466,383,1390,0.515,13,637.73
2024-03-29,Paid Search,Tablet,92,71,173,0.417,3,149.49
2024-03-29,Referral,Desktop,142,112,305,0.399,4,268.07
2024-03-29,Referral,Mobile,168,136,516,0.494,4,305.41
2024-03-29,Referral,Tablet,30,24,55,0.3,1,76.47
2024-03-29,Social,Desktop,371,292,946,0.397,5,338.4
2024-03-29,Social,Mobile,477,367,1021,0.512,4,331.04
2024-03-29,Social,Tablet,61,47,153,0.37,1,54.56
2024-03-30,Direct,Desktop,347,265,982,0.384,11,666.63
2024-03-30,Direct,Mobile,399,309,786,0.458,10,538.02
2024-03-30,Direct,Tablet,85,63,255,0.42,2,130.56
2024-03-30,Email,Desktop,123,92,386,0.404,6,349.09
2024-03-30,Email,Mobile,164,141,465,0.414,6,417.19
2024-03-30,Email,Tablet,28,22,89,0.354,1,74.4
2024-03-30,Organic Search,Desktop,583,466,1376,0.4,15,758.58
2024-03-30,Organic Search,Mobile,887,760,2129,0.493,16,976.27
2024-03-30,Organic Search,Tablet,132,98,257,0.328,3,258.21
2024-03-30,Paid Search,Desktop,372,293,967,0.403,16,877.44
2024-03-30,Paid Search,Mobile,449,383,1186,0.43,13,930.54
2024-03-30,Paid Search,Tablet,60,47,161,0.387,2,165.13
2024-03-30,Referral,Desktop,115,90,238,0.347,4,192.88
2024-03-30,Referral,Mobile,128,101,336,0.506,2,165.85
2024-03-30,Referral,Tablet,19,16,51,0.42,0,0.0
2024-03-30,Social,Desktop,318,252,663,0.374,5,251.36
2024-03-30,Social,Mobile,309,251,859,0.421,3,190.75
2024-03-30,Social,Tablet,52,42,121,0.343,0,0.0
2024-03-31,Direct,Desktop,407,307,1034,0.307,15,738.18
2024-03-31,Direct,Mobile,407,317,993,0.471,9,567.24
2024-03-31,Direct,Tablet,84,63,209,0.398,2,117.85
2024-03-31,Email,Desktop,130,98,337,0.372,6,438.57
2024-03-31,Email,Mobile,149,110,409,0.484,5,277.27
2024-03-31,Email,Tablet,25,20,53,0.327,1,54.91
2024-03-31,Organic Search,Desktop,608,464,1286,0.379,13,797.77
2024-03-31,Organic Search,Mobile,765,613,1567,0.502,13,669.6
2024-03-31,Organic Search,Tablet,126,100,282,0.398,3,237.18
2024-03-31,Paid Search,Desktop,409,335,1240,0.388,16,1032.22
2024-03-31,Paid Search,Mobile,453,361,1427,0.485,10,857.75
2024-03-31,Paid Search,Tablet,73,59,136,0.383,2,143.49
2024-03-31,Referral,Desktop,123,92,335,0.397,4,323.97
2024-03-31,Referral,Mobile,127,95,277,0.445,2,169.18
2024-03-31,Referral,Tablet,22,19,59,0.373,1,57.62
2024-03-31,Social,Desktop,297,224,581,0.309,5,276.55
2024-03-31,Social,Mobile,356,279,810,0.495,3,151.17
2024-03-31,Social,Tablet,51,41,94,0.398,1,79.36
2024-04-01,Direct,Desktop,452,368,1013,0.313,15,833.33
2024-04-01,Direct,Mobile,595,512,1856,0.488,13,864.72
2024-04-01,Direct,Tablet,107,80,282,0.367,3,158.61
2024-04-01,Email,Desktop,177,145,509,0.389,10,854.52
2024-04-01,Email,Mobile,223,171,581,0.414,7,435.24
2024-04-01,Email,Tablet,35,28,91,0.384,1,72.77
2024-04-01,Organic Search,Desktop,909,683,2199,0.349,20,1279.33
2024-04-01,Organic Search,Mobile,884,659,2775,0.519,13,1001.68
2024-04-01,Organic Search,Tablet,169,134,446,0.335,3,241.65
2024-04-01,Paid Search,Desktop,416,330,850,0.312,18,1100.81
2024-04-01,Paid Search,Mobile,494,407,978,0.506,12,726.35
2024-04-01,Paid Search,Tablet,93,72,273,0.379,3,187.02
2024-04-01,Referral,Desktop,149,125,413,0.305,5,426.44
2024-04-01,Referral,Mobile,152,128,383,0.408,3,198.68
2024-04-01,Referral,Tablet,29,25,93,0.415,1,52.54
2024-04-01,Social,Desktop,387,291,875,0.325,6,384.55
2024-04-01,Social,Mobile,413,307,1281,0.426,3,197.7
2024-04-01,Social,Tablet,64,51,176,0.347,1,49.49
2024-04-02,Direct,Desktop,434,373,873,0.309,15,1017.25
2024-04-02,Direct,Mobile,524,390,1258,0.402,12,749.92
2024-04-02,Direct,Tablet,88,74,236,0.344,3,244.65
2024-04-02,Email,Desktop,160,126,388,0.384,7,347.9
2024-04-02,Email,Mobile,208,167,403,0.503,6,472.8
2024-04-02,Email,Tablet,32,24,65,0.318,1,68.09
2024-04-02,Organic Search,Desktop,747,614,2206,0.386,16,828.95
2024-04-02,Organic Search,Mobile,966,750,2002,0.495,13,704.79
2024-04-02,Organic Search,Tablet,145,117,412,0.309,3,183.99
2024-04-02,Paid Search,Desktop,433,340,1255,0.339,21,1727.86
2024-04-02,Paid Search,Mobile,472,363,1208,0.42,14,882.61
2024-04-02,Paid Search,Tablet,98,73,185,0.329,4,234.91
2024-04-02,Referral,Desktop,128,108,310,0.37,4,206.55
2024-04-02,Referral,Mobile,199,160,525,0.457,3,212.72
2024-04-02,Referral,Tablet,25,19,66,0.417,1,49.21
2024-04-02,Social,Desktop,388,290,1065,0.359,6,378.92
2024-04-02,Social,Mobile,419,358,1258,0.423,3,214.17
2024-04-02,Social,Tablet,79,66,241,0.38,1,80.56
2024-04-03,Direct,Desktop,451,373,1395,0.355,16,872.21
2024-04-03,Direct,Mobile,555,424,1237,0.464,13,1141.76
2024-04-03,Direct,Tablet,95,77,202,0.329,2,128.35
2024-04-03,Email,Desktop,202,160,377,0.371,10,789.04
2024-04-03,Email,Mobile,246,196,760,0.495,8,416.87
2024-04-03,Email,Tablet,35,28,79,0.307,1,65.81
2024-04-03,Organic Search,Desktop,734,617,1421,0.313,17,1312.68
2024-04-03,Organic Search,Mobile,904,755,1876,0.427,15,1064.28
2024-04-03,Organic Search,Tablet,177,150,419,0.34,4,319.98
2024-04-03,Paid Search,Desktop,427,316,1152,0.336,16,809.92
2024-04-03,Paid Search,Mobile,516,413,1493,0.433,11,546.52
2024-04-03,Paid Search,Tablet,96,76,244,0.414,4,333.59
2024-04-03,Referral,Desktop,133,106,350,0.342,4,262.87
2024-04-03,Referral,Mobile,202,153,412,0.432,4,239.08
2024-04-03,Referral,Tablet,26,20,61,0.409,1,58.74
2024-04-03,Social,Desktop,393,336,737,0.329,5,301.97
2024-04-03,Social,Mobile,387,293,1209,0.411,3,172.9
2024-04-03,Social,Tablet,67,56,198,0.383,1,82.4
2024-04-04,Direct,Desktop,495,375,1180,0.34,16,844.21
2024-04-04,Direct,Mobile,640,516,1372,0.483,12,1001.55
2024-04-04,Direct,Tablet,107,84,305,0.377,3,221.6
2024-04-04,Email,Desktop,158,133,428,0.34,7,506.97
2024-04-04,Email,Mobile,195,159,475,0.508,6,318.9
2024-04-04,Email,Tablet,38,32,77,0.391,2,139.57
2024-04-04,Organic Search,Desktop,854,651,1849,0.39,26,1456.51
2024-04-04,Organic Search,Mobile,911,727,2128,0.441,13,982.11
2024-04-04,Organic Search,Tablet,146,111,355,0.357,3,155.22
2024-04-04,Paid Search,Desktop,453,385,1181,0.38,18,887.95
2024-04-04,Paid Search,Mobile,589,450,1627,0.468,17,1208.05
2024-04-04,Paid Search,Tablet,81,66,251,0.388,2,112.01
2024-04-04,Referral,Desktop,165,141,477,0.38,6,372.85
2024-04-04,Referral,Mobile,172,141,483,0.469,3,185.34
2024-04-04,Referral,Tablet,32,26,86,0.352,1,73.25
2024-04-04,Social,Desktop,346,272,827,0.409,5,317.75
2024-04-04,Social,Mobile,422,335,1252,0.495,4,285.63
2024-04-04,Social,Tablet,79,63,208,0.363,1,52.17
2024-04-05,Direct,Desktop,533,422,1145,0.303,22,1777.21
2024-04-05,Direct,Mobile,548,471,1500,0.409,12,694.6
2024-04-05,Direct,Tablet,99,80,203,0.331,2,132.29
2024-04-05,Email,Desktop,207,172,453,0.417,12,604.04
2024-04-05,Email,Mobile,229,170,568,0.473,8,578.11
2024-04-05,Email,Tablet,39,33,105,0.381,1,70.4
2024-04-05,Organic Search,Desktop,879,677,2204,0.311,25,1465.9
2024-04-05,Organic Search,Mobile,921,771,1888,0.405,12,876.08
2024-04-05,Organic Search,Tablet,136,108,257,0.307,2,175.79
2024-04-05,Paid Search,Desktop,393,323,743,0.354,19,1016.3
2024-04-05,Paid Search,Mobile,606,489,1554,0.467,15,729.44
2024-04-05,Paid Search,Tablet,89,70,250,0.304,2,111.33
2024-04-05,Referral,Desktop,158,128,311,0.393,6,404.01
2024-04-05,Referral,Mobile,152,115,357,0.404,3,259.96
2024-04-05,Referral,Tablet,26,20,58,0.368,1,61.43
2024-04-05,Social,Desktop,317,235,842,0.346,4,241.04
2024-04-05,Social,Mobile,410,327,1072,0.488,4,253.51
2024-04-05,Social,Tablet,79,64,232,0.302,1,76.92
2024-04-06,Direct,Desktop,372,276,986,0.342,14,1008.82
2024-04-06,Direct,Mobile,534,457,1671,0.485,11,810.85
2024-04-06,Direct,Tablet,68,57,149,0.371,2,160.78
2024-04-06,Email,Desktop,141,113,271,0.322,8,483.44
2024-04-06,Email,Mobile,197,161,507,0.498,6,372.75
2024-04-06,Email,Tablet,26,21,73,0.34,1,70.38
2024-04-06,Organic Search,Desktop,752,568,1717,0.415,20,1309.21
2024-04-06,Organic Search,Mobile,741,565,1591,0.413,14,761.86
2024-04-06,Organic Search,Tablet,119,99,256,0.388,3,214.64
2024-04-06,Paid Search,Desktop,387,317,1190,0.41,17,944.98
2024-04-06,Paid Search,Mobile,458,343,1372,0.504,11,571.31
2024-04-06,Paid Search,Tablet,64,54,167,0.348,2,120.58
2024-04-06,Referral,Desktop,124,94,241,0.374,5,422.97
2024-04-06,Referral,Mobile,146,118,416,0.419,2,153.25
2024-04-06,Referral,Tablet,25,19,56,0.396,0,0.0
2024-04-06,Social,Desktop,253,213,609,0.369,4,241.92
2024-04-06,Social,Mobile,311,252,845,0.415,3,151.71
2024-04-06,Social,Tablet,50,38,148,0.328,0,0.0
2024-04-07,Direct,Desktop,408,322,1129,0.372,14,877.14
2024-04-07,Direct,Mobile,481,409,1183,0.467,10,753.01
2024-04-07,Direct,Tablet,75,63,199,0.366,2,136.22
2024-04-07,Email,Desktop,159,122,411,0.333,9,710.45
2024-04-07,Email,Mobile,191,142,576,0.404,6,491.88
2024-04-07,Email,Tablet,26,20,63,0.308,1,78.96
2024-04-07,Organic Search,Desktop,753,594,1616,0.343,18,887.72
2024-04-07,Organic Search,Mobile,822,681,1832,0.408,15,1226.85
2024-04-07,Organic Search,Tablet,143,116,297,0.351,3,164.01
2024-04-07,Paid Search,Desktop,356,295,673,0.329,15,1128.94
2024-04-07,Paid Search,Mobile,393,317,1213,0.491,11,770.39
2024-04-07,Paid Search,Tablet,79,59,170,0.368,2,111.39
2024-04-07,Referral,Desktop,108,88,289,0.412,4,294.36
2024-04-07,Referral,Mobile,159,136,382,0.419,3,210.26
2024-04-07,Referral,Tablet,24,20,62,0.374,1,57.61
2024-04-07,Social,Desktop,303,239,755,0.309,5,248.85
2024-04-07,Social,Mobile,384,317,766,0.428,4,263.05
2024-04-07,Social,Tablet,59,47,142,0.312,1,67.98
2024-04-08,Direct,Desktop,511,379,1053,0.331,15,832.4
2024-04-08,Direct,Mobile,573,462,1399,0.463,11,934.2
2024-04-08,Direct,Tablet,105,85,282,0.331,2,152.47
2024-04-08,Email,Desktop,162,136,435,0.414,9,485.42
2024-04-08,Email,Mobile,216,175,602,0.479,7,536.19
2024-04-08,Email,Tablet,33,26,64,0.314,1,81.83
2024-04-08,Organic Search,Desktop,926,764,2331,0.305,29,1650.87
2024-04-08,Organic Search,Mobile,844,685,1719,0.503,14,1163.17
2024-04-08,Organic Search,Tablet,172,142,383,0.38,3,229.23
2024-04-08,Paid Search,Desktop,390,324,1176,0.372,20,1684.75
2024-04-08,Paid Search,Mobile,517,420,1035,0.499,11,613.68
2024-04-08,Paid Search,Tablet,99,79,258,0.412,4,303.56
2024-04-08,Referral,Desktop,130,106,406,0.342,4,277.96
2024-04-08,Referral,Mobile,153,124,288,0.405,3,162.45
2024-04-08,Referral,Tablet,29,24,60,0.323,1,81.27
2024-04-08,Social,Desktop,330,246,962,0.356,5,259.58
2024-04-08,Social,Mobile,408,309,982,0.447,3,160.72
2024-04-08,Social,Tablet,66,56,170,0.347,1,84.05
2024-04-09,Direct,Desktop,496,387,1059,0.383,18,1556.22
2024-04-09,Direct,Mobile,568,437,1236,0.423,11,632.07
2024-04-09,Direct,Tablet,82,69,209,0.322,2,160.15
2024-04-09,Email,Desktop,159,131,356,0.356,7,468.71
2024-04-09,Email,Mobile,200,163,584,0.432,6,502.52
2024-04-09,Email,Tablet,34,27,63,0.316,1,60.57
2024-04-09,Organic Search,Desktop,809,618,2534,0.416,25,1836.9
2024-04-09,Organic Search,Mobile,1075,921,2005,0.484,18,1168.98
2024-04-09,Organic Search,Tablet,146,123,349,0.398,3,244.74
2024-04-09,Paid Search,Desktop,437,368,1011,0.412,22,1722.06
2024-04-09,Paid Search,Mobile,573,478,1752,0.469,12,918.6
2024-04-09,Paid Search,Tablet,82,61,240,0.39,2,101.38
2024-04-09,Referral,Desktop,156,123,391,0.326,6,381.99
2024-04-09,Referral,Mobile,175,143,400,0.405,4,280.86
2024-04-09,Referral,Tablet,29,24,58,0.351,1,76.04
2024-04-09,Social,Desktop,392,303,1148,0.383,6,483.53
2024-04-09,Social,Mobile,393,311,804,0.429,3,198.39
2024-04-09,Social,Tablet,78,62,183,0.365,1,77.39
2024-04-10,Direct,Desktop,470,350,929,0.361,14,1211.51
2024-04-10,Direct,Mobile,587,468,1389,0.401,13,829.31
2024-04-10,Direct,Tablet,100,81,290,0.399,2,167.62
2024-04-10,Email,Desktop,173,144,521,0.345,8,480.42
2024-04-10,Email,Mobile,224,193,479,0.412,7,543.03
2024-04-10,Email,Tablet,36,30,109,0.325,1,85.39
2024-04-10,Organic Search,Desktop,832,714,2319,0.358,23,1928.96
2024-04-10,Organic Search,Mobile,1080,822,2377,0.452,17,1485.58
2024-04-10,Organic Search,Tablet,160,134,299,0.327,3,155.37
2024-04-10,Paid Search,Desktop,503,392,1516,0.323,23,1825.97
2024-04-10,Paid Search,Mobile,513,401,1208,0.48,14,1198.3
2024-04-10,Paid Search,Tablet,80,60,155,0.318,2,98.37
2024-04-10,Referral,Desktop,147,123,408,0.309,5,241.97
2024-04-10,Referral,Mobile,193,165,544,0.498,3,171.54
2024-04-10,Referral,Tablet,24,19,70,0.413,0,0.0
2024-04-10,Social,Desktop,409,304,1168,0.382,7,552.22
2024-04-10,Social,Mobile,425,332,985,0.507,4,315.92
2024-04-10,Social,Tablet,71,57,156,0.388,1,61.85
2024-04-11,Direct,Desktop,475,370,1262,0.318,14,750.1
2024-04-11,Direct,Mobile,550,468,1357,0.429,10,670.55
2024-04-11,Direct,Tablet,87,70,262,0.367,2,96.59
2024-04-11,Email,Desktop,179,149,485,0.314,9,436.1
2024-04-11,Email,Mobile,208,175,583,0.417,7,504.87
2024-04-11,Email,Tablet,38,31,121,0.395,1,52.48
2024-04-11,Organic Search,Desktop,808,643,1744,0.332,25,1233.46
2024-04-11,Organic Search,Mobile,1083,861,3457,0.474,20,1723.67
2024-04-11,Organic Search,Tablet,137,110,254,0.35,3,261.69
2024-04-11,Paid Search,Desktop,423,346,881,0.351,16,1361.47
2024-04-11,Paid Search,Mobile,565,434,1345,0.485,17,1028.22
2024-04-11,Paid Search,Tablet,86,71,267,0.333,3,146.72
2024-04-11,Referral,Desktop,170,140,462,0.418,5,258.88
2024-04-11,Referral,Mobile,153,125,460,0.482,3,235.93
2024-04-11,Referral,Tablet,30,25,64,0.409,1,60.73
2024-04-11,Social,Desktop,372,294,1013,0.34,5,263.1
2024-04-11,Social,Mobile,378,318,1115,0.475,3,147.19
2024-04-11,Social,Tablet,77,57,213,0.321,1,51.92
2024-04-12,Direct,Desktop,435,332,1315,0.389,17,1254.21
2024-04-12,Direct,Mobile,649,497,1844,0.425,12,1003.97
2024-04-12,Direct,Tablet,104,86,195,0.356,3,161.54
2024-04-12,Email,Desktop,196,161,369,0.316,10,741.91
2024-04-12,Email,Mobile,224,172,590,0.444,7,358.9
2024-04-12,Email,Tablet,30,22,60,0.345,1,59.02
2024-04-12,Organic Search,Desktop,871,746,2787,0.386,24,1329.0
2024-04-12,Organic Search,Mobile,1001,798,2783,0.501,19,1296.62
2024-04-12,Organic Search,Tablet,150,119,471,0.355,3,211.96
2024-04-12,Paid Search,Desktop,439,348,1173,0.347,20,1487.79
2024-04-12,Paid Search,Mobile,604,486,1408,0.417,15,895.23
2024-04-12,Paid Search,Tablet,88,75,261,0.403,3,148.9
2024-04-12,Referral,Desktop,155,131,398,0.378,4,254.4
2024-04-12,Referral,Mobile,163,128,322,0.415,3,245.19
2024-04-12,Referral,Tablet,29,24,72,0.416,1,85.67
2024-04-12,Social,Desktop,426,342,845,0.399,5,438.14
2024-04-12,Social,Mobile,392,298,779,0.426,4,337.66
2024-04-12,Social,Tablet,74,62,138,0.336,1,83.68
2024-04-13,Direct,Desktop,390,310,1043,0.301,14,1044.4
2024-04-13,Direct,Mobile,468,381,1279,0.403,8,544.22
2024-04-13,Direct,Tablet,83,63,241,0.336,2,111.92
2024-04-13,Email,Desktop,138,111,290,0.366,7,357.17
2024-04-13,Email,Mobile,160,123,309,0.428,5,420.87
2024-04-13,Email,Tablet,25,19,55,0.411,1,63.18
2024-04-13,Organic Search,Desktop,692,581,1383,0.408,21,1281.02
2024-04-13,Organic Search,Mobile,680,505,1455,0.518,10,705.55
2024-04-13,Organic Search,Tablet,114,89,265,0.413,2,107.35
2024-04-13,Paid Search,Desktop,386,312,883,0.367,15,1256.91
2024-04-13,Paid Search,Mobile,439,345,1121,0.476,13,866.9
2024-04-13,Paid Search,Tablet,73,55,170,0.399,2,109.59
2024-04-13,Referral,Desktop,104,81,320,0.36,3,213.37
2024-04-13,Referral,Mobile,123,98,267,0.461,3,200.13
2024-04-13,Referral,Tablet,22,19,52,0.347,0,0.0
2024-04-13,Social,Desktop,338,290,663,0.376,6,433.85
2024-04-13,Social,Mobile,388,308,1203,0.42,3,232.01
2024-04-13,Social,Tablet,53,40,115,0.347,1,73.63
2024-04-14,Direct,Desktop,424,336,924,0.409,15,1012.86
2024-04-14,Direct,Mobile,505,433,964,0.403,11,718.68
2024-04-14,Direct,Tablet,84,65,180,0.326,2,114.25
2024-04-14,Email,Desktop,129,103,389,0.333,8,419.68
2024-04-14,Email,Mobile,168,129,393,0.481,5,374.88
2024-04-14,Email,Tablet,29,22,61,0.318,1,60.76
2024-04-14,Organic Search,Desktop,688,523,1764,0.403,15,801.84
2024-04-14,Organic Search,Mobile,833,685,2236,0.513,13,780.84
2024-04-14,Organic Search,Tablet,112,85,229,0.334,2,104.33
2024-04-14,Paid Search,Desktop,311,254,676,0.345,14,797.21
2024-04-14,Paid Search,Mobile,484,369,1394,0.405,15,773.26
2024-04-14,Paid Search,Tablet,70,56,131,0.337,2,140.34
2024-04-14,Referral,Desktop,104,82,326,0.383,4,345.95
2024-04-14,Referral,Mobile,159,124,414,0.431,3,187.56
2024-04-14,Referral,Tablet,26,20,70,0.367,1,83.9
2024-04-14,Social,Desktop,255,209,642,0.4,4,206.67
2024-04-14,Social,Mobile,367,278,1015,0.506,3,217.42
2024-04-14,Social,Tablet,59,48,108,0.383,1,56.21
2024-04-15,Direct,Desktop,505,380,1611,0.323,20,1507.68
2024-04-15,Direct,Mobile,602,446,1390,0.445,15,755.23
2024-04-15,Direct,Tablet,83,62,158,0.324,2,96.53
2024-04-15,Email,Desktop,157,131,400,0.346,9,691.6
2024-04-15,Email,Mobile,188,161,359,0.507,6,316.28
2024-04-15,Email,Tablet,31,25,74,0.333,1,55.53
2024-04-15,Organic Search,Desktop,908,734,2514,0.418,25,1932.25
2024-04-15,Organic Search,Mobile,893,699,2111,0.482,12,739.49
2024-04-15,Organic Search,Tablet,172,136,376,0.385,4,283.84
2024-04-15,Paid Search,Desktop,503,399,1164,0.336,18,1436.69
2024-04-15,Paid Search,Mobile,545,408,1545,0.482,13,931.22
2024-04-15,Paid Search,Tablet,77,62,212,0.406,3,233.94
2024-04-15,Referral,Desktop,162,136,434,0.313,6,386.25
2024-04-15,Referral,Mobile,159,130,495,0.509,3,185.64
2024-04-15,Referral,Tablet,26,21,74,0.414,1,83.57
2024-04-15,Social,Desktop,387,305,717,0.303,7,481.23
2024-04-15,Social,Mobile,509,396,1370,0.413,4,201.65
2024-04-15,Social,Tablet,67,53,175,0.396,1,85.94
2024-04-16,Direct,Desktop,459,383,981,0.33,17,873.83
2024-04-16,Direct,Mobile,514,426,1375,0.471,11,871.28
2024-04-16,Direct,Tablet,102,85,256,0.419,2,175.45
2024-04-16,Email,Desktop,198,170,394,0.389,10,791.29
2024-04-16,Email,Mobile,194,154,466,0.512,5,241.41
2024-04-16,Email,Tablet,37,29,67,0.372,1,61.76
2024-04-16,Organic Search,Desktop,831,619,1719,0.377,19,1144.53
2024-04-16,Organic Search,Mobile,1015,753,2895,0.497,15,1148.49
2024-04-16,Organic Search,Tablet,151,120,280,0.412,2,167.03
2024-04-16,Paid Search,Desktop,407,343,1103,0.361,18,1146.49
2024-04-16,Paid Search,Mobile,516,387,1077,0.443,14,971.54
2024-04-16,Paid Search,Tablet,78,65,224,0.3,3,246.69
2024-04-16,Referral,Desktop,159,118,346,0.321,5,336.21
2024-04-16,Referral,Mobile,198,157,456,0.461,4,339.65
2024-04-16,Referral,Tablet,28,22,53,0.357,1,87.56
2024-04-16,Social,Desktop,375,293,694,0.353,6,371.45
2024-04-16,Social,Mobile,504,428,1567,0.439,4,211.49
2024-04-16,Social,Tablet,64,50,169,0.4,1,57.58
2024-04-17,Direct,Desktop,446,366,1394,0.39,15,912.22
2024-04-17,Direct,Mobile,524,417,1567,0.489,10,655.3
2024-04-17,Direct,Tablet,96,82,212,0.365,2,107.04
2024-04-17,Email,Desktop,195,152,364,0.398,11,955.4
2024-04-17,Email,Mobile,208,171,598,0.461,5,321.85
2024-04-17,Email,Tablet,31,25,73,0.393,1,48.21
2024-04-17,Organic Search,Desktop,743,575,1484,0.414,19,1071.58
2024-04-17,Organic Search,Mobile,967,822,2982,0.463,14,868.76
2024-04-17,Organic Search,Tablet,142,119,408,0.404,2,129.34
2024-04-17,Paid Search,Desktop,433,351,843,0.333,16,1022.49
2024-04-17,Paid Search,Mobile,515,439,1149,0.446,15,1303.04
2024-04-17,Paid Search,Tablet,83,68,176,0.378,3,248.05
2024-04-17,Referral,Desktop,168,125,529,0.374,5,419.77
2024-04-17,Referral,Mobile,181,140,473,0.513,3,192.13
2024-04-17,Referral,Tablet,28,23,87,0.328,1,57.15
2024-04-17,Social,Desktop,389,289,826,0.392,7,421.13
2024-04-17,Social,Mobile,486,379,1018,0.435,4,236.81
2024-04-17,Social,Tablet,63,53,175,0.363,1,56.47
2024-04-18,Direct,Desktop,544,466,1567,0.416,22,1080.09
2024-04-18,Direct,Mobile,575,428,1791,0.475,14,826.46
2024-04-18,Direct,Tablet,104,86,280,0.366,3,158.64
2024-04-18,Email,Desktop,201,150,398,0.372,10,814.4
2024-04-18,Email,Mobile,244,193,667,0.47,8,702.35
2024-04-18,Email,Tablet,35,26,81,0.417,1,56.72
2024-04-18,Organic Search,Desktop,897,762,1654,0.36,27,2025.31
2024-04-18,Organic Search,Mobile,1123,857,3051,0.49,19,1255.04
2024-04-18,Organic Search,Tablet,157,126,414,0.352,3,261.34
2024-04-18,Paid Search,Desktop,418,325,1079,0.333,16,968.95
2024-04-18,Paid Search,Mobile,478,368,1219,0.431,12,866.39
2024-04-18,Paid Search,Tablet,83,66,229,0.371,3,223.17
2024-04-18,Referral,Desktop,157,126,344,0.418,4,315.08
2024-04-18,Referral,Mobile,204,161,501,0.508,4,226.35
2024-04-18,Referral,Tablet,27,20,78,0.391,1,73.68
2024-04-18,Social,Desktop,427,342,1269,0.413,6,492.88
2024-04-18,Social,Mobile,487,372,1002,0.408,4,324.29
2024-04-18,Social,Tablet,77,64,205,0.39,1,50.9
2024-04-19,Direct,Desktop,507,390,965,0.37,18,1400.23
2024-04-19,Direct,Mobile,586,475,1867,0.469,10,711.05
2024-04-19,Direct,Tablet,81,63,179,0.314,2,130.61
2024-04-19,Email,Desktop,204,165,477,0.415,10,528.48
2024-04-19,Email,Mobile,219,169,474,0.496,8,617.86
2024-04-19,Email,Tablet,38,29,97,0.339,1,83.62
2024-04-19,Organic Search,Desktop,724,588,2260,0.368,20,1667.56
2024-04-19,Organic Search,Mobile,967,776,2442,0.5,18,1000.62
2024-04-19,Organic Search,Tablet,158,122,488,0.342,2,138.88
2024-04-19,Paid Search,Desktop,407,326,1226,0.396,17,1094.1
2024-04-19,Paid Search,Mobile,514,425,978,0.402,14,821.13
2024-04-19,Paid Search,Tablet,81,68,152,0.318,2,143.28
2024-04-19,Referral,Desktop,138,102,373,0.333,4,213.87
2024-04-19,Referral,Mobile,194,166,471,0.411,3,179.69
2024-04-19,Referral,Tablet,30,25,65,0.394,1,60.31
2024-04-19,Social,Desktop,367,278,1101,0.329,6,369.99
2024-04-19,Social,Mobile,416,317,1106,0.453,4,238.83
2024-04-19,Social,Tablet,61,45,162,0.418,1,77.08
2024-04-20,Direct,Desktop,416,310,1284,0.392,14,899.19
2024-04-20,Direct,Mobile,521,434,1653,0.49,10,510.66
2024-04-20,Direct,Tablet,75,57,173,0.325,2,109.83
2024-04-20,Email,Desktop,165,130,439,0.325,7,376.53
2024-04-20,Email,Mobile,167,134,321,0.476,6,520.19
2024-04-20,Email,Tablet,25,19,78,0.374,1,72.93
2024-04-20,Organic Search,Desktop,592,495,1794,0.376,16,858.77
2024-04-20,Organic Search,Mobile,725,581,1679,0.477,13,911.37
2024-04-20,Organic Search,Tablet,125,94,257,0.407,2,132.79
2024-04-20,Paid Search,Desktop,340,252,872,0.413,14,797.67
2024-04-20,Paid Search,Mobile,453,380,1434,0.497,10,571.63
2024-04-20,Paid Search,Tablet,78,61,193,0.419,2,160.72
2024-04-20,Referral,Desktop,122,95,257,0.37,4,254.73
2024-04-20,Referral,Mobile,159,132,449,0.415,3,181.96
2024-04-20,Referral,Tablet,23,18,72,0.338,1,61.69
2024-04-20,Social,Desktop,269,209,844,0.407,3,191.99
2024-04-20,Social,Mobile,318,248,983,0.407,3,176.96
2024-04-20,Social,Tablet,49,36,96,0.376,1,64.45
2024-04-21,Direct,Desktop,452,371,1399,0.346,15,1211.41
2024-04-21,Direct,Mobile,451,339,1018,0.515,11,758.16
2024-04-21,Direct,Tablet,75,58,183,0.41,2,146.4
2024-04-21,Email,Desktop,146,123,401,0.353,9,585.86
2024-04-21,Email,Mobile,189,156,515,0.511,6,522.24
2024-04-21,Email,Tablet,27,20,64,0.398,1,87.22
2024-04-21,Organic Search,Desktop,578,470,1811,0.384,15,747.7
2024-04-21,Organic Search,Mobile,879,728,2129,0.403,15,1100.93
2024-04-21,Organic Search,Tablet,114,88,243,0.304,2,110.38
2024-04-21,Paid Search,Desktop,409,317,746,0.323,14,1139.83
2024-04-21,Paid Search,Mobile,468,358,1404,0.471,12,684.63
2024-04-21,Paid Search,Tablet,79,65,173,0.39,3,229.42
2024-04-21,Referral,Desktop,132,110,287,0.306,4,228.57
2024-04-21,Referral,Mobile,142,106,258,0.459,2,167.76
2024-04-21,Referral,Tablet,25,20,80,0.3,1,48.78
2024-04-21,Social,Desktop,343,282,801,0.313,6,339.29
2024-04-21,Social,Mobile,400,304,1162,0.508,4,293.95
2024-04-21,Social,Tablet,64,52,131,0.345,1,69.44
2024-04-22,Direct,Desktop,547,432,1271,0.362,20,1574.86
2024-04-22,Direct,Mobile,548,434,1614,0.504,14,1093.45
2024-04-22,Direct,Tablet,82,68,260,0.365,2,166.32
2024-04-22,Email,Desktop,173,130,450,0.338,9,503.84
2024-04-22,Email,Mobile,236,180,570,0.407,7,341.95
2024-04-22,Email,Tablet,33,25,66,0.378,1,72.67
2024-04-22,Organic Search,Desktop,810,605,2438,0.363,19,931.75
2024-04-22,Organic Search,Mobile,930,774,2824,0.402,14,925.21
2024-04-22,Organic Search,Tablet,153,116,490,0.382,3,223.51
2024-04-22,Paid Search,Desktop,436,374,1029,0.391,22,1127.55
2024-04-22,Paid Search,Mobile,625,516,1899,0.491,16,884.75
2024-04-22,Paid Search,Tablet,89,72,214,0.383,2,110.61
2024-04-22,Referral,Desktop,147,112,311,0.324,4,273.03
2024-04-22,Referral,Mobile,189,146,417,0.492,4,272.98
2024-04-22,Referral,Tablet,25,19,68,0.346,1,60.21
2024-04-22,Social,Desktop,337,270,1043,0.308,6,433.0
2024-04-22,Social,Mobile,458,343,1430,0.474,4,330.22
2024-04-22,Social,Tablet,71,55,210,0.415,1,67.65
2024-04-23,Direct,Desktop,430,321,1180,0.389,16,1138.14
2024-04-23,Direct,Mobile,537,431,1172,0.511,12,975.98
2024-04-23,Direct,Tablet,89,71,210,0.408,2,151.72
2024-04-23,Email,Desktop,207,178,608,0.358,9,487.03
2024-04-23,Email,Mobile,234,188,605,0.478,7,582.36
2024-04-23,Email,Tablet,31,26,59,0.416,1,87.99
2024-04-23,Organic Search,Desktop,887,694,2613,0.33,25,1905.99
2024-04-23,Organic Search,Mobile,1058,868,2113,0.509,15,1088.79
2024-04-23,Organic Search,Tablet,152,131,391,0.361,3,151.33
2024-04-23,Paid Search,Desktop,430,363,1121,0.336,19,1353.37
2024-04-23,Paid Search,Mobile,526,404,1578,0.463,16,862.75
2024-04-23,Paid Search,Tablet,80,60,169,0.352,2,159.18
2024-04-23,Referral,Desktop,169,138,438,0.414,6,400.9
2024-04-23,Referral,Mobile,167,134,461,0.502,3,253.09
2024-04-23,Referral,Tablet,29,22,77,0.335,1,74.77
2024-04-23,Social,Desktop,424,343,952,0.399,7,597.11
2024-04-23,Social,Mobile,469,348,1140,0.42,3,214.47
2024-04-23,Social,Tablet,76,57,192,0.329,1,60.89
2024-04-24,Direct,Desktop,512,413,944,0.398,17,1160.06
2024-04-24,Direct,Mobile,584,470,1598,0.483,15,895.94
2024-04-24,Direct,Tablet,100,86,258,0.351,3,156.82
2024-04-24,Email,Desktop,172,137,344,0.398,8,428.6
2024-04-24,Email,Mobile,248,195,737,0.454,7,539.0
2024-04-24,Email,Tablet,39,33,124,0.356,1,68.09
2024-04-24,Organic Search,Desktop,886,759,2099,0.328,19,1293.09
2024-04-24,Organic Search,Mobile,958,719,2172,0.491,17,1148.6
2024-04-24,Organic Search,Tablet,160,130,319,0.358,3,200.57
2024-04-24,Paid Search,Desktop,455,344,1106,0.319,16,1400.81
2024-04-24,Paid Search,Mobile,464,392,1364,0.432,13,1084.0
2024-04-24,Paid Search,Tablet,94,80,176,0.333,3,184.24
2024-04-24,Referral,Desktop,128,106,238,0.327,4,284.51
2024-04-24,Referral,Mobile,171,141,522,0.51,3,183.97
2024-04-24,Referral,Tablet,31,23,84,0.36,1,79.64
2024-04-24,Social,Desktop,409,344,896,0.323,6,373.78
2024-04-24,Social,Mobile,385,307,930,0.411,3,189.66
2024-04-24,Social,Tablet,75,61,183,0.312,1,80.03
2024-04-25,Direct,Desktop,529,418,1377,0.304,16,1166.66
2024-04-25,Direct,Mobile,586,476,1292,0.416,12,782.65
2024-04-25,Direct,Tablet,107,85,309,0.386,3,174.55
2024-04-25,Email,Desktop,181,134,429,0.411,10,566.43
2024-04-25,Email,Mobile,216,168,467,0.481,8,515.62
2024-04-25,Email,Tablet,37,28,110,0.332,1,60.0
2024-04-25,Organic Search,Desktop,878,742,1674,0.407,22,1338.24
2024-04-25,Organic Search,Mobile,1029,841,2986,0.443,17,1209.92
2024-04-25,Organic Search,Tablet,162,125,479,0.3,3,176.48
2024-04-25,Paid Search,Desktop,455,355,1246,0.348,19,1112.07
2024-04-25,Paid Search,Mobile,484,359,1100,0.473,12,933.57
2024-04-25,Paid Search,Tablet,81,66,163,0.42,3,247.19
2024-04-25,Referral,Desktop,143,121,295,0.372,5,393.78
2024-04-25,Referral,Mobile,152,117,341,0.454,3,156.67
2024-04-25,Referral,Tablet,28,22,51,0.35,1,79.87
2024-04-25,Social,Desktop,377,301,764,0.332,6,385.24
2024-04-25,Social,Mobile,487,368,1394,0.405,4,288.49
2024-04-25,Social,Tablet,72,57,206,0.348,1,86.81
2024-04-26,Direct,Desktop,503,398,1008,0.398,18,980.92
2024-04-26,Direct,Mobile,641,508,1592,0.442,11,818.11
2024-04-26,Direct,Tablet,93,74,206,0.34,2,162.66
2024-04-26,Email,Desktop,203,173,375,0.41,12,884.7
2024-04-26,Email,Mobile,209,160,558,0.43,6,405.66
2024-04-26,Email,Tablet,33,27,81,0.315,1,60.93
2024-04-26,Organic Search,Desktop,739,565,1685,0.346,17,1103.72
2024-04-26,Organic Search,Mobile,966,796,2127,0.502,14,830.28
2024-04-26,Organic Search,Tablet,140,110,315,0.418,2,115.61
2024-04-26,Paid Search,Desktop,475,384,891,0.325,19,1443.12
2024-04-26,Paid Search,Mobile,475,371,1262,0.404,14,1169.58
2024-04-26,Paid Search,Tablet,92,71,294,0.34,3,189.23
2024-04-26,Referral,Desktop,144,113,307,0.301,5,274.49
2024-04-26,Referral,Mobile,184,141,499,0.42,3,191.17
2024-04-26,Referral,Tablet,31,23,94,0.409,1,66.15
2024-04-26,Social,Desktop,407,311,737,0.367,6,368.3
2024-04-26,Social,Mobile,461,360,1097,0.422,4,251.32
2024-04-26,Social,Tablet,79,60,157,0.398,1,54.56
2024-04-27,Direct,Desktop,351,263,847,0.329,12,855.21
2024-04-27,Direct,Mobile,515,393,1024,0.439,9,454.85
2024-04-27,Direct,Tablet,82,64,257,0.305,2,122.02
2024-04-27,Email,Desktop,163,130,331,0.367,10,599.69
2024-04-27,Email,Mobile,183,144,474,0.508,5,393.14
2024-04-27,Email,Tablet,25,21,48,0.358,1,79.95
2024-04-27,Organic Search,Desktop,626,467,1760,0.312,18,1125.18
2024-04-27,Organic Search,Mobile,717,536,1825,0.441,11,904.2
2024-04-27,Organic Search,Tablet,117,100,245,0.415,2,101.97
2024-04-27,Paid Search,Desktop,387,323,771,0.377,16,852.63
2024-04-27,Paid Search,Mobile,380,316,1141,0.454,8,698.24
2024-04-27,Paid Search,Tablet,62,53,149,0.393,2,174.02
2024-04-27,Referral,Desktop,117,92,216,0.402,4,225.77
2024-04-27,Referral,Mobile,135,110,410,0.447,3,152.2
2024-04-27,Referral,Tablet,26,22,58,0.346,1,65.87
2024-04-27,Social,Desktop,296,240,838,0.417,5,274.59
2024-04-27,Social,Mobile,361,304,998,0.438,4,346.23
2024-04-27,Social,Tablet,55,41,131,0.351,1,82.87
2024-04-28,Direct,Desktop,353,289,1102,0.384,10,711.19
2024-04-28,Direct,Mobile,540,464,1361,0.443,13,1009.58
2024-04-28,Direct,Tablet,66,54,176,0.39,1,60.84
2024-04-28,Email,Desktop,138,109,333,0.415,6,322.29
2024-04-28,Email,Mobile,163,132,467,0.406,5,398.04
2024-04-28,Email,Tablet,25,19,68,0.382,1,59.04
2024-04-28,Organic Search,Desktop,700,532,1723,0.372,20,1174.33
2024-04-28,Organic Search,Mobile,819,637,2079,0.476,13,972.42
2024-04-28,Organic Search,Tablet,122,100,256,0.373,2,148.81
2024-04-28,Paid Search,Desktop,420,351,779,0.323,21,1300.07
2024-04-28,Paid Search,Mobile,455,370,1154,0.422,11,906.28
2024-04-28,Paid Search,Tablet,75,56,214,0.346,3,195.28
2024-04-28,Referral,Desktop,115,92,251,0.328,4,314.67
2024-04-28,Referral,Mobile,165,137,326,0.448,3,169.55
2024-04-28,Referral,Tablet,24,18,54,0.38,1,52.35
2024-04-28,Social,Desktop,297,233,660,0.33,5,298.21
2024-04-28,Social,Mobile,326,270,945,0.458,3,161.57
2024-04-28,Social,Tablet,61,50,141,0.361,1,68.34
2024-04-29,Direct,Desktop,471,357,1299,0.405,16,982.82
2024-04-29,Direct,Mobile,670,532,1828,0.513,16,1312.97
2024-04-29,Direct,Tablet,94,81,270,0.393,2,157.12
2024-04-29,Email,Desktop,186,150,381,0.414,8,670.95
2024-04-29,Email,Mobile,211,177,634,0.516,6,520.32
2024-04-29,Email,Tablet,36,28,101,0.413,1,71.93
2024-04-29,Organic Search,Desktop,778,591,1938,0.327,20,1549.84
2024-04-29,Organic Search,Mobile,1080,885,2359,0.505,19,1132.17
2024-04-29,Organic Search,Tablet,137,114,341,0.333,2,137.14
2024-04-29,Paid Search,Desktop,407,301,1172,0.393,20,1053.44
2024-04-29,Paid Search,Mobile,589,451,1277,0.453,12,935.1
2024-04-29,Paid Search,Tablet,79,59,148,0.302,2,112.54
2024-04-29,Referral,Desktop,152,119,393,0.386,5,396.5
2024-04-29,Referral,Mobile,173,147,448,0.487,3,149.06
2024-04-29,Referral,Tablet,32,27,83,0.418,1,75.6
2024-04-29,Social,Desktop,362,305,1071,0.332,5,363.43
2024-04-29,Social,Mobile,389,316,1082,0.491,4,202.31
2024-04-29,Social,Tablet,81,65,212,0.33,1,80.03
2024-04-30,Direct,Desktop,498,393,1452,0.303,20,1416.55
2024-04-30,Direct,Mobile,515,438,1559,0.511,9,651.17
2024-04-30,Direct,Tablet,82,67,200,0.37,2,99.89
2024-04-30,Email,Desktop,175,133,394,0.38,8,534.3
2024-04-30,Email,Mobile,249,200,576,0.473,8,411.61
2024-04-30,Email,Tablet,38,29,103,0.418,1,85.74
2024-04-30,Organic Search,Desktop,809,653,1529,0.413,22,1765.72
2024-04-30,Organic Search,Mobile,1044,773,2760,0.482,17,1104.73
2024-04-30,Organic Search,Tablet,138,104,423,0.346,2,129.84
2024-04-30,Paid Search,Desktop,428,321,957,0.352,16,1234.53
2024-04-30,Paid Search,Mobile,495,423,1316,0.498,12,977.44
2024-04-30,Paid Search,Tablet,79,66,148,0.301,2,152.64
2024-04-30,Referral,Desktop,170,144,457,0.4,5,417.08
2024-04-30,Referral,Mobile,161,128,324,0.434,3,182.69
2024-04-30,Referral,Tablet,33,28,76,0.354,1,64.05
2024-04-30,Social,Desktop,361,309,828,0.383,6,304.54
2024-04-30,Social,Mobile,434,355,792,0.445,4,274.5
2024-04-30,Social,Tablet,77,58,161,0.399,1,69.76
2024-05-01,Direct,Desktop,446,344,1295,0.416,17,1248.64
2024-05-01,Direct,Mobile,595,506,1367,0.511,11,809.52
2024-05-01,Direct,Tablet,98,77,256,0.334,2,136.14
2024-05-01,Email,Desktop,179,139,549,0.32,11,834.96
2024-05-01,Email,Mobile,231,198,430,0.449,7,543.78
2024-05-01,Email,Tablet,34,25,70,0.406,1,66.59
2024-05-01,Organic Search,Desktop,800,641,2085,0.355,18,953.73
2024-05-01,Organic Search,Mobile,1029,811,2489,0.416,18,1528.17
2024-05-01,Organic Search,Tablet,144,119,385,0.336,3,157.8
2024-05-01,Paid Search,Desktop,499,414,1064,0.357,21,1680.54
2024-05-01,Paid Search,Mobile,612,521,1459,0.415,18,874.08
2024-05-01,Paid Search,Tablet,87,69,245,0.389,3,144.78
2024-05-01,Referral,Desktop,146,114,354,0.392,5,324.34
2024-05-01,Referral,Mobile,198,153,586,0.481,4,209.73
2024-05-01,Referral,Tablet,29,21,84,0.413,1,82.05
2024-05-01,Social,Desktop,329,261,687,0.408,5,435.88
2024-05-01,Social,Mobile,398,328,1173,0.458,4,296.19
2024-05-01,Social,Tablet,76,62,214,0.313,1,70.63
2024-05-02,Direct,Desktop,460,389,1355,0.37,16,1003.37
2024-05-02,Direct,Mobile,642,537,1737,0.496,16,851.86
2024-05-02,Direct,Tablet,88,75,261,0.378,3,253.45
2024-05-02,Email,Desktop,163,127,303,0.367,9,558.54
2024-05-02,Email,Mobile,244,191,551,0.434,6,370.38
2024-05-02,Email,Tablet,38,29,69,0.335,1,50.57
2024-05-02,Organic Search,Desktop,965,727,2996,0.398,29,1930.42
2024-05-02,Organic Search,Mobile,1075,832,3233,0.488,17,1365.44
2024-05-02,Organic Search,Tablet,162,132,504,0.357,2,109.21
2024-05-02,Paid Search,Desktop,500,376,1593,0.361,23,1522.23
2024-05-02,Paid Search,Mobile,541,411,1085,0.424,16,1331.97
2024-05-02,Paid Search,Tablet,92,73,192,0.309,2,100.14
2024-05-02,Referral,Desktop,129,110,285,0.388,3,255.07
2024-05-02,Referral,Mobile,182,146,380,0.448,4,337.25
2024-05-02,Referral,Tablet,32,26,77,0.36,1,49.99
2024-05-02,Social,Desktop,412,335,975,0.337,6,346.76
2024-05-02,Social,Mobile,431,361,1042,0.494,4,274.1
2024-05-02,Social,Tablet,62,53,158,0.41,1,50.34
2024-05-03,Direct,Desktop,470,374,1346,0.369,14,728.78
2024-05-03,Direct,Mobile,611,521,1444,0.424,13,698.77
2024-05-03,Direct,Tablet,94,70,209,0.374,2,165.71
2024-05-03,Email,Desktop,203,165,535,0.328,11,543.02
2024-05-03,Email,Mobile,209,161,516,0.497,7,554.52
2024-05-03,Email,Tablet,35,26,69,0.39,1,57.2
2024-05-03,Organic Search,Desktop,778,610,2083,0.34,24,2098.57
2024-05-03,Organic Search,Mobile,885,655,1851,0.445,14,1120.94
2024-05-03,Organic Search,Tablet,174,148,533,0.402,3,246.72
2024-05-03,Paid Search,Desktop,452,366,1417,0.406,21,1544.15
2024-05-03,Paid Search,Mobile,588,466,1480,0.425,13,861.12
2024-05-03,Paid Search,Tablet,75,63,226,0.372,2,137.26
2024-05-03,Referral,Desktop,135,105,301,0.336,4,320.88
2024-05-03,Referral,Mobile,159,118,425,0.515,3,159.34
2024-05-03,Referral,Tablet,31,24,95,0.335,1,79.31
2024-05-03,Social,Desktop,355,266,1105,0.36,5,407.12
2024-05-03,Social,Mobile,393,330,987,0.48,3,235.21
2024-05-03,Social,Tablet,79,61,183,0.362,1,59.33
2024-05-04,Direct,Desktop,440,370,1352,0.416,18,1263.9
2024-05-04,Direct,Mobile,481,379,1395,0.458,8,634.88
2024-05-04,Direct,Tablet,74,55,233,0.34,2,96.95
2024-05-04,Email,Desktop,160,129,462,0.309,9,722.15
2024-05-04,Email,Mobile,191,162,479,0.417,6,379.26
2024-05-04,Email,Tablet,28,21,74,0.313,1,63.86
2024-05-04,Organic Search,Desktop,764,638,1776,0.398,18,1198.48
2024-05-04,Organic Search,Mobile,842,708,1816,0.479,13,1026.59
2024-05-04,Organic Search,Tablet,130,102,367,0.356,2,123.79
2024-05-04,Paid Search,Desktop,364,288,919,0.401,14,760.07
2024-05-04,Paid Search,Mobile,383,327,950,0.401,9,779.99
2024-05-04,Paid Search,Tablet,63,53,137,0.358,2,125.39
2024-05-04,Referral,Desktop,106,90,298,0.315,4,225.69
2024-05-04,Referral,Mobile,138,106,308,0.511,3,203.73
2024-05-04,Referral,Tablet,25,20,64,0.416,0,0.0
2024-05-04,Social,Desktop,315,258,697,0.317,5,305.53
2024-05-04,Social,Mobile,363,285,1116,0.428,3,168.77
2024-05-04,Social,Tablet,58,44,161,0.34,1,48.09
2024-05-05,Direct,Desktop,390,306,1069,0.366,12,836.79
2024-05-05,Direct,Mobile,486,388,943,0.426,12,824.64
2024-05-05,Direct,Tablet,67,56,179,0.386,2,174.59
2024-05-05,Email,Desktop,164,128,468,0.414,8,590.97
2024-05-05,Email,Mobile,183,149,464,0.508,7,433.5
2024-05-05,Email,Tablet,27,20,80,0.301,1,74.38
2024-05-05,Organic Search,Desktop,620,486,1820,0.309,15,855.94
2024-05-05,Organic Search,Mobile,785,608,1737,0.412,14,715.84
2024-05-05,Organic Search,Tablet,135,113,359,0.374,2,161.73
2024-05-05,Paid Search,Desktop,383,290,1204,0.344,19,914.37
2024-05-05,Paid Search,Mobile,393,332,815,0.422,12,610.28
2024-05-05,Paid Search,Tablet,69,57,170,0.347,2,119.58
2024-05-05,Referral,Desktop,134,99,402,0.352,3,169.64
2024-05-05,Referral,Mobile,156,129,367,0.443,3,190.61
2024-05-05,Referral,Tablet,22,18,56,0.384,1,65.2
2024-05-05,Social,Desktop,288,244,519,0.396,4,278.13
2024-05-05,Social,Mobile,325,279,904,0.477,3,247.22
2024-05-05,Social,Tablet,61,52,164,0.39,1,66.17
2024-05-06,Direct,Desktop,534,456,1673,0.386,17,1476.36
2024-05-06,Direct,Mobile,622,519,1707,0.442,11,919.54
2024-05-06,Direct,Tablet,108,90,306,0.301,3,158.95
2024-05-06,Email,Desktop,159,130,500,0.394,8,495.8
2024-05-06,Email,Mobile,228,180,446,0.404,6,371.53
2024-05-06,Email,Tablet,40,32,90,0.303,2,97.73
2024-05-06,Organic Search,Desktop,930,762,2662,0.373,26,2231.88
2024-05-06,Organic Search,Mobile,1130,947,3135,0.441,21,1018.99
2024-05-06,Organic Search,Tablet,179,150,336,0.346,3,232.95
2024-05-06,Paid Search,Desktop,503,375,1463,0.307,25,1815.85
2024-05-06,Paid Search,Mobile,506,434,1507,0.454,14,1018.45
2024-05-06,Paid Search,Tablet,97,79,178,0.356,3,158.46
2024-05-06,Referral,Desktop,135,102,392,0.397,5,370.6
2024-05-06,Referral,Mobile,189,158,592,0.458,4,322.29
2024-05-06,Referral,Tablet,26,22,82,0.323,1,86.68
2024-05-06,Social,Desktop,424,341,1069,0.33,6,338.52
2024-05-06,Social,Mobile,475,353,1028,0.476,4,317.92
2024-05-06,Social,Tablet,76,64,200,0.333,1,77.17
2024-05-07,Direct,Desktop,568,439,1059,0.384,20,1381.47
2024-05-07,Direct,Mobile,624,515,1528,0.473,14,1084.35
2024-05-07,Direct,Tablet,106,81,193,0.305,2,148.12
2024-05-07,Email,Desktop,161,125,455,0.345,9,754.38
2024-05-07,Email,Mobile,224,169,438,0.499,6,472.72
2024-05-07,Email,Tablet,38,28,107,0.352,1,55.77
2024-05-07,Organic Search,Desktop,777,581,2345,0.378,24,1270.72
2024-05-07,Organic Search,Mobile,1055,823,1947,0.414,17,1359.57
2024-05-07,Organic Search,Tablet,160,136,386,0.415,3,258.92
2024-05-07,Paid Search,Desktop,494,371,1164,0.382,25,1526.92
2024-05-07,Paid Search,Mobile,597,443,1861,0.406,13,777.95
2024-05-07,Paid Search,Tablet,100,79,219,0.416,3,204.75
2024-05-07,Referral,Desktop,153,120,486,0.303,4,248.03
2024-05-07,Referral,Mobile,163,135,447,0.499,3,262.8
2024-05-07,Referral,Tablet,31,24,81,0.405,1,77.48
2024-05-07,Social,Desktop,351,292,783,0.31,5,344.66
2024-05-07,Social,Mobile,465,378,1468,0.436,4,278.27
2024-05-07,Social,Tablet,63,48,165,0.322,1,65.15
2024-05-08,Direct,Desktop,539,449,1201,0.324,15,1045.81
2024-05-08,Direct,Mobile,547,415,1635,0.463,12,930.64
2024-05-08,Direct,Tablet,96,77,263,0.333,3,168.35
2024-05-08,Email,Desktop,177,136,525,0.385,9,603.81
2024-05-08,Email,Mobile,202,156,429,0.482,6,346.26
2024-05-08,Email,Tablet,33,26,66,0.381,1,65.47
2024-05-08,Organic Search,Desktop,838,718,2173,0.337,20,1440.41
2024-05-08,Organic Search,Mobile,1059,911,2687,0.498,18,924.12
2024-05-08,Organic Search,Tablet,160,126,318,0.364,3,169.23
2024-05-08,Paid Search,Desktop,401,309,1106,0.408,20,1381.72
2024-05-08,Paid Search,Mobile,523,447,1656,0.465,16,1365.39
2024-05-08,Paid Search,Tablet,91,71,220,0.364,3,177.25
2024-05-08,Referral,Desktop,167,128,324,0.352,6,302.85
2024-05-08,Referral,Mobile,187,154,528,0.408,4,324.11
2024-05-08,Referral,Tablet,25,19,73,0.419,0,0.0
2024-05-08,Social,Desktop,402,343,955,0.313,5,371.43
2024-05-08,Social,Mobile,471,403,1416,0.458,4,294.28
2024-05-08,Social,Tablet,65,55,203,0.406,1,86.71
2024-05-09,Direct,Desktop,546,433,1141,0.388,16,1369.51
2024-05-09,Direct,Mobile,578,484,1552,0.474,12,945.38
2024-05-09,Direct,Tablet,97,73,245,0.314,2,135.03
2024-05-09,Email,Desktop,208,156,450,0.312,13,954.43
2024-05-09,Email,Mobile,210,175,427,0.427,5,384.13
2024-05-09,Email,Tablet,31,26,95,0.303,1,68.84
2024-05-09,Organic Search,Desktop,809,661,1771,0.397,21,1089.72
2024-05-09,Organic Search,Mobile,1139,930,2230,0.451,17,828.22
2024-05-09,Organic Search,Tablet,179,146,447,0.316,3,241.29
2024-05-09,Paid Search,Desktop,464,371,1055,0.38,17,1148.27
2024-05-09,Paid Search,Mobile,497,422,1479,0.471,12,823.63
2024-05-09,Paid Search,Tablet,87,69,255,0.339,2,157.18
2024-05-09,Referral,Desktop,138,118,430,0.39,5,255.56
2024-05-09,Referral,Mobile,166,129,434,0.428,3,204.93
2024-05-09,Referral,Tablet,29,24,84,0.38,1,66.0
2024-05-09,Social,Desktop,380,301,722,0.364,7,474.26
2024-05-09,Social,Mobile,427,340,832,0.445,3,225.62
2024-05-09,Social,Tablet,62,49,168,0.336,1,59.83
2024-05-10,Direct,Desktop,493,399,1183,0.316,20,1539.03
2024-05-10,Direct,Mobile,640,512,1732,0.433,16,967.55
2024-05-10,Direct,Tablet,98,77,232,0.335,3,250.36
2024-05-10,Email,Desktop,165,125,380,0.328,10,678.02
2024-05-10,Email,Mobile,201,165,380,0.405,6,478.67
2024-05-10,Email,Tablet,40,31,114,0.41,2,175.67
2024-05-10,Organic Search,Desktop,812,680,2165,0.407,18,1260.71
2024-05-10,Organic Search,Mobile,1126,915,2969,0.506,15,728.86
2024-05-10,Organic Search,Tablet,157,119,447,0.339,3,166.53
2024-05-10,Paid Search,Desktop,412,307,809,0.32,19,1409.47
2024-05-10,Paid Search,Mobile,489,378,1453,0.407,13,908.09
2024-05-10,Paid Search,Tablet,85,69,196,0.401,3,252.02
2024-05-10,Referral,Desktop,146,119,396,0.32,4,347.7
2024-05-10,Referral,Mobile,180,145,345,0.506,4,241.56
2024-05-10,Referral,Tablet,33,26,94,0.314,1,72.76
2024-05-10,Social,Desktop,420,350,1243,0.33,6,483.12
2024-05-10,Social,Mobile,403,346,965,0.464,3,225.94
2024-05-10,Social,Tablet,77,58,178,0.387,1,75.69
2024-05-11,Direct,Desktop,461,353,1417,0.416,14,739.55
2024-05-11,Direct,Mobile,475,379,1192,0.516,12,1010.0
2024-05-11,Direct,Tablet,71,56,128,0.392,2,125.82
2024-05-11,Email,Desktop,165,134,385,0.412,9,504.78
2024-05-11,Email,Mobile,171,131,413,0.499,4,296.61
2024-05-11,Email,Tablet,26,20,83,0.396,1,76.84
2024-05-11,Organic Search,Desktop,630,478,1819,0.371,19,1054.36
2024-05-11,Organic Search,Mobile,871,727,2335,0.494,14,875.02
2024-05-11,Organic Search,Tablet,118,93,282,0.314,2,148.08
2024-05-11,Paid Search,Desktop,415,319,1242,0.375,19,929.97
2024-05-11,Paid Search,Mobile,452,381,909,0.408,10,629.43
2024-05-11,Paid Search,Tablet,62,51,145,0.363,2,171.47
2024-05-11,Referral,Desktop,111,86,355,0.409,4,260.34
2024-05-11,Referral,Mobile,153,121,346,0.514,3,220.31
2024-05-11,Referral,Tablet,20,17,58,0.39,0,0.0
2024-05-11,Social,Desktop,343,281,787,0.393,5,317.18
2024-05-11,Social,Mobile,331,250,983,0.508,3,192.38
2024-05-11,Social,Tablet,66,55,137,0.303,1,55.53
2024-05-12,Direct,Desktop,449,336,826,0.394,18,1272.74
2024-05-12,Direct,Mobile,534,452,1025,0.481,10,624.19
2024-05-12,Direct,Tablet,87,74,277,0.408,2,175.14
2024-05-12,Email,Desktop,149,126,417,0.331,9,722.66
2024-05-12,Email,Mobile,195,162,464,0.421,6,397.4
2024-05-12,Email,Tablet,30,26,74,0.411,1,71.9
2024-05-12,Organic Search,Desktop,682,572,1630,0.368,19,1612.55
2024-05-12,Organic Search,Mobile,873,724,2544,0.452,11,585.67
2024-05-12,Organic Search,Tablet,120,101,344,0.371,2,158.3
2024-05-12,Paid Search,Desktop,322,256,949,0.36,14,911.51
2024-05-12,Paid Search,Mobile,454,362,1333,0.41,11,920.27
2024-05-12,Paid Search,Tablet,72,55,158,0.377,2,156.19
2024-05-12,Referral,Desktop,135,106,348,0.395,3,152.42
2024-05-12,Referral,Mobile,154,115,454,0.445,3,257.03
2024-05-12,Referral,Tablet,24,19,45,0.413,1,58.3
2024-05-12,Social,Desktop,297,243,642,0.309,4,214.1
2024-05-12,Social,Mobile,362,271,740,0.409,3,246.4
2024-05-12,Social,Tablet,60,48,113,0.328,1,55.69
2024-05-13,Direct,Desktop,457,354,1416,0.383,13,957.42
2024-05-13,Direct,Mobile,520,410,1449,0.504,12,628.04
2024-05-13,Direct,Tablet,91,69,165,0.409,2,125.16
2024-05-13,Email,Desktop,159,124,416,0.376,8,481.27
2024-05-13,Email,Mobile,231,198,464,0.519,7,399.01
2024-05-13,Email,Tablet,33,26,64,0.358,1,48.68
2024-05-13,Organic Search,Desktop,802,675,2102,0.359,22,1309.77
2024-05-13,Organic Search,Mobile,1006,841,2163,0.494,17,1209.73
2024-05-13,Organic Search,Tablet,163,134,304,0.337,2,142.08
2024-05-13,Paid Search,Desktop,467,356,1395,0.36,20,1151.32
2024-05-13,Paid Search,Mobile,488,400,1529,0.451,10,662.3
2024-05-13,Paid Search,Tablet,89,72,270,0.331,3,153.12
2024-05-13,Referral,Desktop,150,112,359,0.408,5,251.57
2024-05-13,Referral,Mobile,165,126,457,0.455,3,176.63
2024-05-13,Referral,Tablet,33,25,68,0.374,1,62.57
2024-05-13,Social,Desktop,395,316,804,0.321,7,551.94
2024-05-13,Social,Mobile,416,352,1043,0.462,4,224.31
2024-05-13,Social,Tablet,74,57,172,0.375,1,61.43
2024-05-14,Direct,Desktop,493,413,1500,0.351,20,1004.22
2024-05-14,Direct,Mobile,648,539,2003,0.422,16,973.51
2024-05-14,Direct,Tablet,92,70,257,0.405,3,219.5
2024-05-14,Email,Desktop,186,138,470,0.413,11,709.97
2024-05-14,Email,Mobile,216,171,654,0.463,6,430.19
2024-05-14,Email,Tablet,30,26,72,0.336,1,74.15
2024-05-14,Organic Search,Desktop,908,708,1889,0.349,25,1493.28
2024-05-14,Organic Search,Mobile,1057,902,2539,0.494,19,1554.4
2024-05-14,Organic Search,Tablet,159,121,398,0.302,3,198.73
2024-05-14,Paid Search,Desktop,406,315,1223,0.35,19,949.43
2024-05-14,Paid Search,Mobile,496,388,1089,0.471,14,683.4
2024-05-14,Paid Search,Tablet,77,64,166,0.402,2,114.79
2024-05-14,Referral,Desktop,157,121,472,0.362,6,426.6
2024-05-14,Referral,Mobile,198,168,600,0.5,4,343.8
2024-05-14,Referral,Tablet,30,22,84,0.417,1,60.65
2024-05-14,Social,Desktop,425,362,1358,0.34,6,394.94
2024-05-14,Social,Mobile,467,372,1241,0.443,4,267.17
2024-05-14,Social,Tablet,66,57,165,0.345,1,81.59
2024-05-15,Direct,Desktop,545,426,1132,0.417,21,1229.6
2024-05-15,Direct,Mobile,659,529,1897,0.422,13,1100.6
2024-05-15,Direct,Tablet,108,84,270,0.315,2,112.81
2024-05-15,Email,Desktop,203,158,456,0.347,12,938.67
2024-05-15,Email,Mobile,229,181,563,0.451,8,694.69
2024-05-15,Email,Tablet,38,28,72,0.329,2,96.78
2024-05-15,Organic Search,Desktop,873,701,1809,0.387,20,1492.72
2024-05-15,Organic Search,Mobile,961,728,2734,0.402,13,1125.44
2024-05-15,Organic Search,Tablet,148,120,404,0.328,3,238.09
2024-05-15,Paid Search,Desktop,477,406,1302,0.354,23,1348.69
2024-05-15,Paid Search,Mobile,582,497,1671,0.441,13,885.41
2024-05-15,Paid Search,Tablet,79,67,200,0.337,2,147.94
2024-05-15,Referral,Desktop,168,134,403,0.38,5,406.95
2024-05-15,Referral,Mobile,170,141,500,0.431,4,200.34
2024-05-15,Referral,Tablet,33,26,80,0.359,1,72.01
2024-05-15,Social,Desktop,397,314,721,0.317,5,268.48
2024-05-15,Social,Mobile,488,391,1301,0.482,5,358.94
2024-05-15,Social,Tablet,68,57,140,0.416,1,77.95
2024-05-16,Direct,Desktop,466,376,1157,0.394,17,1335.27
2024-05-16,Direct,Mobile,688,585,1713,0.473,12,803.81
2024-05-16,Direct,Tablet,93,77,223,0.356,2,97.31
2024-05-16,Email,Desktop,163,123,294,0.33,7,591.48
2024-05-16,Email,Mobile,197,150,395,0.516,5,276.12
2024-05-16,Email,Tablet,33,26,103,0.344,1,75.06
2024-05-16,Organic Search,Desktop,841,649,1655,0.321,25,2182.9
2024-05-16,Organic Search,Mobile,1035,844,3287,0.477,14,680.67
2024-05-16,Organic Search,Tablet,147,123,269,0.354,3,219.66
2024-05-16,Paid Search,Desktop,526,448,989,0.329,23,1141.79
2024-05-16,Paid Search,Mobile,486,387,1177,0.491,10,777.85
2024-05-16,Paid Search,Tablet,81,67,202,0.328,3,151.28
2024-05-16,Referral,Desktop,150,119,466,0.33,4,224.99
2024-05-16,Referral,Mobile,171,136,528,0.415,4,343.59
2024-05-16,Referral,Tablet,31,25,74,0.327,1,63.56
2024-05-16,Social,Desktop,345,256,875,0.334,6,414.07
2024-05-16,Social,Mobile,509,433,1318,0.513,4,265.59
2024-05-16,Social,Tablet,77,58,159,0.338,1,55.35
2024-05-17,Direct,Desktop,499,378,1324,0.335,15,809.71
2024-05-17,Direct,Mobile,569,457,1254,0.454,11,841.72
2024-05-17,Direct,Tablet,89,66,178,0.308,3,262.49
2024-05-17,Email,Desktop,168,137,395,0.367,8,557.96
2024-05-17,Email,Mobile,208,171,656,0.487,6,421.19
2024-05-17,Email,Tablet,33,27,77,0.413,1,71.36
2024-05-17,Organic Search,Desktop,740,620,1539,0.418,22,1866.39
2024-05-17,Organic Search,Mobile,877,671,2651,0.484,12,883.57
2024-05-17,Organic Search,Tablet,180,143,399,0.307,4,305.19
2024-05-17,Paid Search,Desktop,440,366,915,0.41,22,1910.94
2024-05-17,Paid Search,Mobile,606,503,1189,0.429,18,1332.24
2024-05-17,Paid Search,Tablet,84,69,259,0.419,3,257.86
2024-05-17,Referral,Desktop,148,125,327,0.363,5,341.92
2024-05-17,Referral,Mobile,192,158,521,0.417,4,284.19
2024-05-17,Referral,Tablet,32,27,93,0.418,1,86.98
2024-05-17,Social,Desktop,422,356,1295,0.371,7,497.15
2024-05-17,Social,Mobile,444,343,1304,0.476,3,258.81
2024-05-17,Social,Tablet,76,61,187,0.323,1,85.97
2024-05-18,Direct,Desktop,463,354,1398,0.386,16,831.85
2024-05-18,Direct,Mobile,528,430,1092,0.487,10,829.64
2024-05-18,Direct,Tablet,76,62,145,0.34,2,154.79
2024-05-18,Email,Desktop,156,120,364,0.381,7,362.13
2024-05-18,Email,Mobile,162,132,495,0.436,6,309.59
2024-05-18,Email,Tablet,28,23,80,0.364,1,87.98
2024-05-18,Organic Search,Desktop,780,622,1540,0.318,22,1363.45
2024-05-18,Organic Search,Mobile,809,642,2072,0.455,15,1169.62
2024-05-18,Organic Search,Tablet,139,107,267,0.403,3,183.9
2024-05-18,Paid Search,Desktop,407,320,1300,0.394,18,891.83
2024-05-18,Paid Search,Mobile,475,377,1481,0.488,13,914.69
2024-05-18,Paid Search,Tablet,73,62,154,0.321,3,249.13
2024-05-18,Referral,Desktop,120,96,236,0.387,3,199.97
2024-05-18,Referral,Mobile,150,120,316,0.49,3,216.5
2024-05-18,Referral,Tablet,24,19,52,0.376,0,0.0
2024-05-18,Social,Desktop,274,208,755,0.341,5,310.98
2024-05-18,Social,Mobile,336,260,912,0.417,3,173.41
2024-05-18,Social,Tablet,67,54,160,0.361,1,77.37
2024-05-19,Direct,Desktop,403,308,881,0.327,16,974.34
2024-05-19,Direct,Mobile,458,354,1151,0.472,10,501.68
2024-05-19,Direct,Tablet,80,67,247,0.363,2,148.9
2024-05-19,Email,Desktop,155,120,466,0.351,7,426.87
2024-05-19,Email,Mobile,192,151,378,0.518,6,383.24
2024-05-19,Email,Tablet,30,24,87,0.313,1,76.5
2024-05-19,Organic Search,Desktop,609,518,1103,0.363,13,745.48
2024-05-19,Organic Search,Mobile,709,600,2019,0.506,11,653.6
2024-05-19,Organic Search,Tablet,146,115,301,0.39,2,131.81
2024-05-19,Paid Search,Desktop,397,313,946,0.309,17,1028.97
2024-05-19,Paid Search,Mobile,487,372,1239,0.436,12,652.94
2024-05-19,Paid Search,Tablet,67,54,132,0.396,2,147.6
2024-05-19,Referral,Desktop,116,92,326,0.385,4,233.38
2024-05-19,Referral,Mobile,137,112,377,0.448,3,227.14
2024-05-19,Referral,Tablet,21,16,59,0.309,0,0.0
2024-05-19,Social,Desktop,325,249,913,0.388,5,248.83
2024-05-19,Social,Mobile,335,264,956,0.453,4,331.82
2024-05-19,Social,Tablet,53,42,141,0.344,1,69.05
2024-05-20,Direct,Desktop,555,460,1432,0.335,19,1313.89
2024-05-20,Direct,Mobile,567,468,1576,0.487,13,1029.04
2024-05-20,Direct,Tablet,97,81,187,0.306,3,157.99
2024-05-20,Email,Desktop,197,151,379,0.342,12,625.28
2024-05-20,Email,Mobile,246,188,540,0.428,9,469.48
2024-05-20,Email,Tablet,34,27,62,0.379,1,49.29
2024-05-20,Organic Search,Desktop,927,747,1934,0.368,23,1607.7
2024-05-20,Organic Search,Mobile,1157,869,2695,0.406,16,831.2
2024-05-20,Organic Search,Tablet,160,124,387,0.321,3,177.82
2024-05-20,Paid Search,Desktop,446,367,872,0.375,21,1336.17
2024-05-20,Paid Search,Mobile,555,446,1021,0.478,13,730.72
2024-05-20,Paid Search,Tablet,102,87,306,0.344,3,156.61
2024-05-20,Referral,Desktop,148,111,346,0.339,5,435.38
2024-05-20,Referral,Mobile,163,124,508,0.444,3,247.43
2024-05-20,Referral,Tablet,26,22,56,0.38,1,53.2
2024-05-20,Social,Desktop,373,320,907,0.355,6,469.89
2024-05-20,Social,Mobile,505,385,945,0.495,4,243.85
2024-05-20,Social,Tablet,83,71,232,0.312,1,58.49
2024-05-21,Direct,Desktop,587,441,1613,0.327,18,1324.96
2024-05-21,Direct,Mobile,635,506,1199,0.505,12,668.91
2024-05-21,Direct,Tablet,102,79,249,0.387,3,179.38
2024-05-21,Email,Desktop,202,169,562,0.337,11,894.86
2024-05-21,Email,Mobile,230,182,526,0.486,7,516.77
2024-05-21,Email,Tablet,35,28,75,0.31,1,86.51
2024-05-21,Organic Search,Desktop,792,620,2516,0.397,17,839.66
2024-05-21,Organic Search,Mobile,867,648,2056,0.472,12,766.4
2024-05-21,Organic Search,Tablet,183,145,529,0.3,4,245.6
2024-05-21,Paid Search,Desktop,476,370,957,0.325,24,1738.95
2024-05-21,Paid Search,Mobile,522,392,1171,0.512,14,837.52
2024-05-21,Paid Search,Tablet,86,73,178,0.411,2,108.6
2024-05-21,Referral,Desktop,163,127,467,0.368,5,293.01
2024-05-21,Referral,Mobile,209,173,522,0.418,3,149.51
2024-05-21,Referral,Tablet,31,24,78,0.319,1,70.21
2024-05-21,Social,Desktop,381,300,1115,0.38,6,421.62
2024-05-21,Social,Mobile,404,327,967,0.418,4,300.2
2024-05-21,Social,Tablet,74,56,211,0.335,1,77.62
2024-05-22,Direct,Desktop,563,427,1022,0.35,23,1338.84
2024-05-22,Direct,Mobile,685,551,1398,0.437,12,992.85
2024-05-22,Direct,Tablet,109,83,289,0.328,2,127.09
2024-05-22,Email,Desktop,198,147,525,0.404,9,785.61
2024-05-22,Email,Mobile,247,203,533,0.401,9,543.41
2024-05-22,Email,Tablet,34,26,87,0.308,1,48.78
2024-05-22,Organic Search,Desktop,776,648,1669,0.315,19,1342.6
2024-05-22,Organic Search,Mobile,1121,877,3512,0.412,18,1030.57
2024-05-22,Organic Search,Tablet,140,105,325,0.323,2,111.18
2024-05-22,Paid Search,Desktop,513,408,1476,0.309,20,1714.8
2024-05-22,Paid Search,Mobile,616,478,1556,0.507,16,1127.43
2024-05-22,Paid Search,Tablet,76,61,211,0.355,2,116.95
2024-05-22,Referral,Desktop,145,111,404,0.39,5,399.28
2024-05-22,Referral,Mobile,191,163,468,0.449,4,245.24
2024-05-22,Referral,Tablet,29,23,82,0.374,1,66.72
2024-05-22,Social,Desktop,372,279,1169,0.405,6,376.98
2024-05-22,Social,Mobile,434,354,1340,0.401,3,168.69
2024-05-22,Social,Tablet,67,56,177,0.376,1,66.24
2024-05-23,Direct,Desktop,448,357,1355,0.374,18,1564.22
2024-05-23,Direct,Mobile,598,461,1160,0.506,13,1004.92
2024-05-23,Direct,Tablet,111,91,327,0.338,3,180.71
2024-05-23,Email,Desktop,189,144,462,0.323,8,667.31
2024-05-23,Email,Mobile,234,181,693,0.509,8,663.16
2024-05-23,Email,Tablet,32,25,85,0.346,1,59.08
2024-05-23,Organic Search,Desktop,797,649,1786,0.371,21,1181.51
2024-05-23,Organic Search,Mobile,1105,909,3048,0.479,15,1197.49
2024-05-23,Organic Search,Tablet,160,136,317,0.363,3,204.71
2024-05-23,Paid Search,Desktop,417,330,795,0.303,16,973.91
2024-05-23,Paid Search,Mobile,639,514,1387,0.508,17,1489.33
2024-05-23,Paid Search,Tablet,102,86,299,0.319,3,181.78
2024-05-23,Referral,Desktop,170,141,505,0.33,6,398.82
2024-05-23,Referral,Mobile,173,149,448,0.475,4,270.29
2024-05-23,Referral,Tablet,27,23,67,0.365,1,80.63
2024-05-23,Social,Desktop,406,319,1111,0.354,6,363.3
2024-05-23,Social,Mobile,472,379,1259,0.452,5,247.78
2024-05-23,Social,Tablet,78,65,147,0.412,1,61.95
2024-05-24,Direct,Desktop,439,377,935,0.347,15,1244.71
2024-05-24,Direct,Mobile,621,469,1699,0.496,15,988.69
2024-05-24,Direct,Tablet,98,80,203,0.416,3,249.6
2024-05-24,Email,Desktop,171,128,372,0.386,8,542.77
2024-05-24,Email,Mobile,202,155,447,0.473,7,409.69
2024-05-24,Email,Tablet,37,29,87,0.402,1,67.29
2024-05-24,Organic Search,Desktop,872,741,2785,0.358,24,1389.14
2024-05-24,Organic Search,Mobile,951,719,2530,0.47,18,1089.58
2024-05-24,Organic Search,Tablet,161,134,374,0.402,3,149.34
2024-05-24,Paid Search,Desktop,417,340,1028,0.302,19,1476.58
2024-05-24,Paid Search,Mobile,502,385,1542,0.403,13,648.71
2024-05-24,Paid Search,Tablet,79,68,181,0.409,2,125.62
2024-05-24,Referral,Desktop,160,125,466,0.39,5,394.9
2024-05-24,Referral,Mobile,196,150,538,0.469,4,333.36
2024-05-24,Referral,Tablet,26,22,53,0.332,1,68.62
2024-05-24,Social,Desktop,389,324,970,0.307,6,418.1
2024-05-24,Social,Mobile,444,367,1067,0.448,3,195.0
2024-05-24,Social,Tablet,79,65,201,0.337,1,60.7
2024-05-25,Direct,Desktop,410,305,1202,0.337,15,864.54
2024-05-25,Direct,Mobile,529,434,1577,0.463,12,624.36
2024-05-25,Direct,Tablet,77,66,217,0.314,2,161.46
2024-05-25,Email,Desktop,136,116,368,0.378,8,572.77
2024-05-25,Email,Mobile,184,152,546,0.476,5,286.28
2024-05-25,Email,Tablet,27,22,64,0.343,1,70.28
2024-05-25,Organic Search,Desktop,778,636,2093,0.323,20,1555.34
2024-05-25,Organic Search,Mobile,802,672,2080,0.435,12,916.0
2024-05-25,Organic Search,Tablet,137,103,312,0.313,2,107.93
2024-05-25,Paid Search,Desktop,391,321,783,0.408,18,1490.87
2024-05-25,Paid Search,Mobile,422,317,1190,0.407,11,952.85
2024-05-25,Paid Search,Tablet,63,47,134,0.305,2,148.31
2024-05-25,Referral,Desktop,120,97,364,0.392,4,201.97
2024-05-25,Referral,Mobile,129,98,387,0.423,3,174.85
2024-05-25,Referral,Tablet,25,19,71,0.39,1,51.86
2024-05-25,Social,Desktop,266,216,752,0.401,3,221.55
2024-05-25,Social,Mobile,323,246,611,0.452,3,207.98
2024-05-25,Social,Tablet,67,56,127,0.399,1,81.39
2024-05-26,Direct,Desktop,368,302,680,0.375,12,710.8
2024-05-26,Direct,Mobile,538,434,1646,0.419,13,892.37
2024-05-26,Direct,Tablet,82,64,177,0.396,2,143.7
2024-05-26,Email,Desktop,131,99,393,0.332,6,409.52
2024-05-26,Email,Mobile,192,152,486,0.447,5,416.71
2024-05-26,Email,Tablet,29,25,63,0.353,1,54.93
2024-05-26,Organic Search,Desktop,713,532,1870,0.401,17,1390.5
2024-05-26,Organic Search,Mobile,704,590,1693,0.421,12,966.9
2024-05-26,Organic Search,Tablet,150,115,410,0.385,2,161.29
2024-05-26,Paid Search,Desktop,407,336,848,0.383,14,988.45
2024-05-26,Paid Search,Mobile,485,371,1005,0.463,13,814.34
2024-05-26,Paid Search,Tablet,76,59,184,0.408,2,173.05
2024-05-26,Referral,Desktop,138,112,407,0.378,4,271.16
2024-05-26,Referral,Mobile,164,139,521,0.505,3,180.3
2024-05-26,Referral,Tablet,26,19,73,0.382,1,80.4
2024-05-26,Social,Desktop,350,280,636,0.359,5,320.11
2024-05-26,Social,Mobile,381,294,1089,0.477,3,189.13
2024-05-26,Social,Tablet,57,43,168,0.407,1,85.46
2024-05-27,Direct,Desktop,507,376,1462,0.384,16,1344.18
2024-05-27,Direct,Mobile,667,500,2064,0.507,15,1171.62
2024-05-27,Direct,Tablet,95,72,265,0.38,3,185.0
2024-05-27,Email,Desktop,200,164,490,0.319,9,576.96
2024-05-27,Email,Mobile,202,153,630,0.444,5,390.5
2024-05-27,Email,Tablet,33,27,75,0.384,1,66.98
2024-05-27,Organic Search,Desktop,792,623,1717,0.33,19,1267.9
2024-05-27,Organic Search,Mobile,933,777,1696,0.423,15,1186.17
2024-05-27,Organic Search,Tablet,143,108,368,0.418,2,129.08
2024-05-27,Paid Search,Desktop,512,403,1314,0.317,18,1014.62
2024-05-27,Paid Search,Mobile,591,480,1180,0.514,14,836.52
2024-05-27,Paid Search,Tablet,83,67,225,0.386,3,176.32
2024-05-27,Referral,Desktop,157,122,352,0.31,5,402.32
2024-05-27,Referral,Mobile,178,146,476,0.476,4,310.77
2024-05-27,Referral,Tablet,28,21,68,0.37,1,60.93
2024-05-27,Social,Desktop,416,352,1250,0.41,7,561.35
2024-05-27,Social,Mobile,466,391,848,0.41,4,343.68
2024-05-27,Social,Tablet,68,58,183,0.305,1,64.73
2024-05-28,Direct,Desktop,552,445,1646,0.321,21,1109.27
2024-05-28,Direct,Mobile,540,443,1204,0.443,11,808.13
2024-05-28,Direct,Tablet,92,74,221,0.335,3,250.46
2024-05-28,Email,Desktop,189,143,416,0.312,10,783.72
2024-05-28,Email,Mobile,197,151,381,0.422,6,484.14
2024-05-28,Email,Tablet,41,35,97,0.397,1,84.06
2024-05-28,Organic Search,Desktop,848,639,2336,0.37,24,1422.31
2024-05-28,Organic Search,Mobile,927,753,2142,0.501,14,696.48
2024-05-28,Organic Search,Tablet,175,136,475,0.343,4,232.4
2024-05-28,Paid Search,Desktop,510,392,1406,0.374,22,1698.09
2024-05-28,Paid Search,Mobile,514,439,967,0.438,12,743.43
2024-05-28,Paid Search,Tablet,102,80,303,0.401,4,301.37
2024-05-28,Referral,Desktop,153,116,437,0.39,5,324.52
2024-05-28,Referral,Mobile,200,164,493,0.493,3,197.65
2024-05-28,Referral,Tablet,26,21,75,0.392,1,49.25
2024-05-28,Social,Desktop,356,283,952,0.364,5,340.28
2024-05-28,Social,Mobile,515,441,1380,0.477,5,400.41
2024-05-28,Social,Tablet,66,50,125,0.329,1,76.8
2024-05-29,Direct,Desktop,481,369,898,0.334,16,1042.25
2024-05-29,Direct,Mobile,595,446,1808,0.448,12,1031.79
2024-05-29,Direct,Tablet,89,73,216,0.371,2,158.51
2024-05-29,Email,Desktop,181,134,576,0.303,8,422.78
2024-05-29,Email,Mobile,249,201,486,0.511,7,423.49
2024-05-29,Email,Tablet,31,26,58,0.363,1,56.86
2024-05-29,Organic Search,Desktop,741,591,1687,0.361,22,1360.45
2024-05-29,Organic Search,Mobile,887,682,2082,0.508,12,659.67
2024-05-29,Organic Search,Tablet,149,125,286,0.314,3,155.62
2024-05-29,Paid Search,Desktop,496,424,1227,0.418,17,1230.2
2024-05-29,Paid Search,Mobile,524,402,1074,0.425,14,913.74
2024-05-29,Paid Search,Tablet,94,71,219,0.324,2,106.39
2024-05-29,Referral,Desktop,173,129,515,0.322,4,266.22
2024-05-29,Referral,Mobile,185,142,337,0.468,4,347.54
2024-05-29,Referral,Tablet,33,27,62,0.303,1,79.97
2024-05-29,Social,Desktop,357,302,1109,0.317,6,315.58
2024-05-29,Social,Mobile,431,353,1014,0.462,3,181.36
2024-05-29,Social,Tablet,67,50,194,0.392,1,69.98
2024-05-30,Direct,Desktop,491,397,1113,0.329,16,1395.19
2024-05-30,Direct,Mobile,571,447,1362,0.485,11,946.29
2024-05-30,Direct,Tablet,104,83,214,0.333,3,202.42
2024-05-30,Email,Desktop,188,141,549,0.416,8,657.61
2024-05-30,Email,Mobile,235,189,474,0.431,6,465.19
2024-05-30,Email,Tablet,32,25,82,0.352,1,73.35
2024-05-30,Organic Search,Desktop,822,692,1887,0.306,21,1443.48
2024-05-30,Organic Search,Mobile,902,702,2265,0.514,16,788.07
2024-05-30,Organic Search,Tablet,169,144,332,0.394,3,156.71
2024-05-30,Paid Search,Desktop,443,354,896,0.328,20,1193.59
2024-05-30,Paid Search,Mobile,616,482,1669,0.439,15,1213.21
2024-05-30,Paid Search,Tablet,97,77,292,0.344,3,155.25
2024-05-30,Referral,Desktop,147,117,279,0.331,4,207.84
2024-05-30,Referral,Mobile,183,147,390,0.477,3,167.33
2024-05-30,Referral,Tablet,31,23,80,0.394,1,77.27
2024-05-30,Social,Desktop,337,289,706,0.339,4,248.65
2024-05-30,Social,Mobile,432,348,873,0.415,4,250.67
2024-05-30,Social,Tablet,81,70,230,0.359,1,52.74
2024-05-31,Direct,Desktop,511,436,1051,0.392,21,1409.62
2024-05-31,Direct,Mobile,571,491,1301,0.484,13,951.97
2024-05-31,Direct,Tablet,108,88,246,0.33,3,196.85
2024-05-31,Email,Desktop,189,154,432,0.329,9,493.57
2024-05-31,Email,Mobile,236,190,572,0.406,8,435.46
2024-05-31,Email,Tablet,32,25,61,0.321,1,48.5
2024-05-31,Organic Search,Desktop,945,793,2601,0.393,29,1584.21
2024-05-31,Organic Search,Mobile,940,807,1877,0.445,16,1188.65
2024-05-31,Organic Search,Tablet,142,108,308,0.372,3,182.72
2024-05-31,Paid Search,Desktop,479,381,1299,0.389,21,1823.94
2024-05-31,Paid Search,Mobile,624,465,1567,0.493,17,1280.26
2024-05-31,Paid Search,Tablet,97,83,257,0.365,3,167.71
2024-05-31,Referral,Desktop,140,120,300,0.304,5,369.99
2024-05-31,Referral,Mobile,157,126,490,0.416,2,111.83
2024-05-31,Referral,Tablet,29,22,75,0.378,1,83.69
2024-05-31,Social,Desktop,422,327,911,0.36,7,446.65
2024-05-31,Social,Mobile,510,410,1567,0.446,4,349.31
2024-05-31,Social,Tablet,72,60,195,0.304,1,56.25
2024-06-01,Direct,Desktop,353,281,993,0.321,12,1035.82
2024-06-01,Direct,Mobile,500,378,1232,0.489,9,537.93
2024-06-01,Direct,Tablet,79,65,202,0.324,2,171.58
2024-06-01,Email,Desktop,158,135,317,0.385,7,436.31
2024-06-01,Email,Mobile,170,137,317,0.478,6,396.37
2024-06-01,Email,Tablet,26,21,63,0.404,1,67.8
2024-06-01,Organic Search,Desktop,688,572,1980,0.303,20,1389.61
2024-06-01,Organic Search,Mobile,894,764,2315,0.504,13,940.65
2024-06-01,Organic Search,Tablet,125,107,332,0.414,3,230.94
2024-06-01,Paid Search,Desktop,342,272,705,0.383,13,666.52
2024-06-01,Paid Search,Mobile,419,318,922,0.437,11,785.35
2024-06-01,Paid Search,Tablet,62,49,119,0.378,2,162.39
2024-06-01,Referral,Desktop,117,87,231,0.338,4,217.34
2024-06-01,Referral,Mobile,150,122,345,0.513,3,255.0
2024-06-01,Referral,Tablet,26,20,51,0.336,1,84.4
2024-06-01,Social,Desktop,308,264,623,0.39,4,214.53
2024-06-01,Social,Mobile,381,289,877,0.431,4,334.69
2024-06-01,Social,Tablet,62,50,187,0.395,1,62.44
2024-06-02,Direct,Desktop,361,278,1043,0.407,12,827.87
2024-06-02,Direct,Mobile,537,404,1217,0.407,12,579.99
2024-06-02,Direct,Tablet,84,71,259,0.348,2,168.8
2024-06-02,Email,Desktop,142,107,373,0.403,6,499.34
2024-06-02,Email,Mobile,174,132,356,0.406,5,344.6
2024-06-02,Email,Tablet,33,27,97,0.414,1,83.45
2024-06-02,Organic Search,Desktop,765,578,1423,0.329,17,974.5
2024-06-02,Organic Search,Mobile,866,650,2399,0.454,14,964.04
2024-06-02,Organic Search,Tablet,144,117,272,0.338,2,144.3
2024-06-02,Paid Search,Desktop,381,326,697,0.392,17,1442.54
2024-06-02,Paid Search,Mobile,425,333,987,0.457,11,934.95
2024-06-02,Paid Search,Tablet,61,52,138,0.368,2,170.07
2024-06-02,Referral,Desktop,126,101,278,0.376,3,257.11
2024-06-02,Referral,Mobile,136,102,292,0.488,3,197.7
2024-06-02,Referral,Tablet,23,18,49,0.316,0,0.0
2024-06-02,Social,Desktop,277,232,587,0.313,4,333.59
2024-06-02,Social,Mobile,416,338,798,0.444,4,221.58
2024-06-02,Social,Tablet,61,48,148,0.397,1,78.26
2024-06-03,Direct,Desktop,500,427,1106,0.385,19,1640.56
2024-06-03,Direct,Mobile,622,488,1450,0.405,13,637.86
2024-06-03,Direct,Tablet,90,76,253,0.379,3,246.03
2024-06-03,Email,Desktop,210,163,506,0.356,9,464.44
2024-06-03,Email,Mobile,210,169,390,0.401,5,300.03
2024-06-03,Email,Tablet,40,32,87,0.338,1,56.39
2024-06-03,Organic Search,Desktop,848,628,2658,0.399,21,1571.98
2024-06-03,Organic Search,Mobile,885,760,2063,0.446,15,1142.12
2024-06-03,Organic Search,Tablet,145,114,284,0.399,2,168.62
2024-06-03,Paid Search,Desktop,509,436,1536,0.392,18,1494.5
2024-06-03,Paid Search,Mobile,612,501,1499,0.435,16,1303.04
2024-06-03,Paid Search,Tablet,99,84,193,0.343,3,196.34
2024-06-03,Referral,Desktop,142,115,433,0.4,4,343.43
2024-06-03,Referral,Mobile,211,169,529,0.464,4,278.7
2024-06-03,Referral,Tablet,25,20,73,0.388,1,58.76
2024-06-03,Social,Desktop,424,335,795,0.308,6,352.64
2024-06-03,Social,Mobile,408,320,865,0.41,4,343.45
2024-06-03,Social,Tablet,79,62,173,0.32,1,66.16
2024-06-04,Direct,Desktop,460,356,834,0.355,18,1319.19
2024-06-04,Direct,Mobile,564,448,1245,0.478,13,879.77
2024-06-04,Direct,Tablet,92,77,182,0.416,2,121.74
2024-06-04,Email,Desktop,165,128,470,0.391,8,436.66
2024-06-04,Email,Mobile,229,189,631,0.513,7,393.56
2024-06-04,Email,Tablet,41,32,86,0.387,2,121.16
2024-06-04,Organic Search,Desktop,830,632,1857,0.346,25,2128.03
2024-06-04,Organic Search,Mobile,1150,917,2374,0.511,19,1043.2
2024-06-04,Organic Search,Tablet,183,147,577,0.327,3,217.88
2024-06-04,Paid Search,Desktop,538,452,1458,0.382,23,1578.94
2024-06-04,Paid Search,Mobile,489,412,916,0.483,15,1051.4
2024-06-04,Paid Search,Tablet,78,60,209,0.386,2,97.74
2024-06-04,Referral,Desktop,143,117,346,0.313,5,332.72
2024-06-04,Referral,Mobile,174,142,463,0.427,3,215.85
2024-06-04,Referral,Tablet,30,25,96,0.368,1,62.7
2024-06-04,Social,Desktop,346,297,863,0.392,6,327.75
2024-06-04,Social,Mobile,458,372,1196,0.516,4,242.27
2024-06-04,Social,Tablet,72,55,194,0.388,1,48.99
2024-06-05,Direct,Desktop,576,494,1138,0.355,17,964.67
2024-06-05,Direct,Mobile,635,504,1755,0.481,12,810.5
2024-06-05,Direct,Tablet,99,75,254,0.387,3,190.98
2024-06-05,Email,Desktop,176,137,372,0.402,10,832.63
2024-06-05,Email,Mobile,240,180,451,0.47,7,495.12
2024-06-05,Email,Tablet,41,30,100,0.347,1,79.42
2024-06-05,Organic Search,Desktop,963,782,3068,0.377,24,1604.18
2024-06-05,Organic Search,Mobile,1171,974,2925,0.465,21,1316.87
2024-06-05,Organic Search,Tablet,165,126,409,0.415,3,217.87
2024-06-05,Paid Search,Desktop,439,375,1200,0.342,21,1079.0
2024-06-05,Paid Search,Mobile,505,421,1518,0.421,13,1019.65
2024-06-05,Paid Search,Tablet,80,65,183,0.41,2,107.5
2024-06-05,Referral,Desktop,163,135,339,0.396,5,331.25
2024-06-05,Referral,Mobile,170,140,381,0.479,3,155.48
2024-06-05,Referral,Tablet,27,21,73,0.389,1,67.12
2024-06-05,Social,Desktop,372,318,694,0.353,6,389.32
2024-06-05,Social,Mobile,428,319,1047,0.516,4,273.49
2024-06-05,Social,Tablet,67,51,205,0.387,1,66.74
2024-06-06,Direct,Desktop,499,408,907,0.417,16,1244.16
2024-06-06,Direct,Mobile,680,521,1547,0.436,17,1385.55
2024-06-06,Direct,Tablet,86,71,226,0.329,3,170.12
2024-06-06,Email,Desktop,162,129,473,0.327,7,597.41
2024-06-06,Email,Mobile,225,190,431,0.509,8,690.7
2024-06-06,Email,Tablet,40,31,81,0.316,2,145.71
2024-06-06,Organic Search,Desktop,951,799,2044,0.401,29,1800.69
2024-06-06,Organic Search,Mobile,1025,831,2021,0.417,14,907.29
2024-06-06,Organic Search,Tablet,156,133,380,0.353,3,189.15
2024-06-06,Paid Search,Desktop,408,333,899,0.41,15,738.98
2024-06-06,Paid Search,Mobile,600,457,1396,0.459,14,1163.87
2024-06-06,Paid Search,Tablet,103,87,228,0.364,3,214.45
2024-06-06,Referral,Desktop,157,123,341,0.311,4,257.53
2024-06-06,Referral,Mobile,165,123,412,0.404,3,214.46
2024-06-06,Referral,Tablet,33,27,97,0.355,1,81.02
2024-06-06,Social,Desktop,434,370,1365,0.362,6,510.55
2024-06-06,Social,Mobile,422,361,1268,0.408,4,223.34
2024-06-06,Social,Tablet,68,52,149,0.346,1,83.32
2024-06-07,Direct,Desktop,531,441,1502,0.393,22,1155.78
2024-06-07,Direct,Mobile,603,500,1337,0.452,14,683.74
2024-06-07,Direct,Tablet,108,85,258,0.334,2,146.59
2024-06-07,Email,Desktop,169,143,522,0.382,10,643.94
2024-06-07,Email,Mobile,203,151,649,0.481,6,452.61
2024-06-07,Email,Tablet,39,30,118,0.321,1,60.16
2024-06-07,Organic Search,Desktop,780,602,2274,0.392,17,984.37
2024-06-07,Organic Search,Mobile,909,740,1857,0.493,15,1005.61
2024-06-07,Organic Search,Tablet,174,134,371,0.325,3,245.11
2024-06-07,Paid Search,Desktop,457,341,1299,0.362,19,930.02
2024-06-07,Paid Search,Mobile,625,465,1732,0.447,15,788.62
2024-06-07,Paid Search,Tablet,84,69,203,0.401,2,158.1
2024-06-07,Referral,Desktop,145,110,456,0.346,4,193.39
2024-06-07,Referral,Mobile,202,171,434,0.421,4,217.48
2024-06-07,Referral,Tablet,27,22,65,0.381,1,70.72
2024-06-07,Social,Desktop,370,296,752,0.343,5,430.47
2024-06-07,Social,Mobile,446,379,1112,0.512,3,203.14
2024-06-07,Social,Tablet,84,68,168,0.404,1,56.9
2024-06-08,Direct,Desktop,456,356,1299,0.35,17,1266.92
2024-06-08,Direct,Mobile,487,377,896,0.472,10,531.07
2024-06-08,Direct,Tablet,84,68,215,0.363,2,134.32
2024-06-08,Email,Desktop,141,118,443,0.369,8,529.47
2024-06-08,Email,Mobile,170,127,489,0.477,5,389.11
2024-06-08,Email,Tablet,29,23,60,0.35,1,63.75
2024-06-08,Organic Search,Desktop,676,544,2145,0.336,21,1356.24
2024-06-08,Organic Search,Mobile,815,676,2291,0.479,15,1315.22
2024-06-08,Organic Search,Tablet,132,111,309,0.363,3,241.44
2024-06-08,Paid Search,Desktop,435,344,1038,0.326,17,1486.46
2024-06-08,Paid Search,Mobile,468,391,918,0.426,12,855.23
2024-06-08,Paid Search,Tablet,71,57,172,0.378,2,164.66
2024-06-08,Referral,Desktop,140,105,415,0.417,4,263.0
2024-06-08,Referral,Mobile,156,119,481,0.426,3,252.58
2024-06-08,Referral,Tablet,26,21,52,0.385,1,65.61
2024-06-08,Social,Desktop,315,264,800,0.304,5,290.94
2024-06-08,Social,Mobile,356,283,1041,0.42,3,238.33
2024-06-08,Social,Tablet,66,49,125,0.417,1,85.79
2024-06-09,Direct,Desktop,451,369,1372,0.337,18,991.72
2024-06-09,Direct,Mobile,566,441,1793,0.401,12,965.42
2024-06-09,Direct,Tablet,86,71,172,0.333,2,140.92
2024-06-09,Email,Desktop,149,110,440,0.306,6,350.23
2024-06-09,Email,Mobile,171,127,474,0.449,4,221.97
2024-06-09,Email,Tablet,25,19,64,0.33,1,57.15
2024-06-09,Organic Search,Desktop,755,607,2139,0.301,16,1237.16
2024-06-09,Organic Search,Mobile,838,672,1811,0.413,14,831.48
2024-06-09,Organic Search,Tablet,132,99,339,0.376,3,219.05
2024-06-09,Paid Search,Desktop,363,305,800,0.331,17,831.99
2024-06-09,Paid Search,Mobile,392,320,1058,0.492,11,589.76
2024-06-09,Paid Search,Tablet,66,55,206,0.342,2,139.79
2024-06-09,Referral,Desktop,140,108,301,0.304,5,273.24
2024-06-09,Referral,Mobile,160,131,298,0.418,3,225.84
2024-06-09,Referral,Tablet,21,18,62,0.344,0,0.0
2024-06-09,Social,Desktop,351,268,986,0.37,6,407.08
2024-06-09,Social,Mobile,379,320,1150,0.504,3,247.24
2024-06-09,Social,Tablet,53,40,159,0.301,1,70.13
2024-06-10,Direct,Desktop,555,477,1335,0.395,18,1442.93
2024-06-10,Direct,Mobile,698,532,1412,0.516,15,749.72
2024-06-10,Direct,Tablet,96,82,195,0.384,2,149.55
2024-06-10,Email,Desktop,178,150,477,0.307,8,670.6
2024-06-10,Email,Mobile,245,209,468,0.408,7,489.12
2024-06-10,Email,Tablet,36,27,101,0.346,1,84.26
2024-06-10,Organic Search,Desktop,963,740,2593,0.41,26,1662.52
2024-06-10,Organic Search,Mobile,1157,910,2924,0.515,20,1447.17
2024-06-10,Organic Search,Tablet,154,125,492,0.321,3,150.7
2024-06-10,Paid Search,Desktop,497,415,1311,0.346,25,1421.88
2024-06-10,Paid Search,Mobile,499,406,1347,0.427,12,717.93
2024-06-10,Paid Search,Tablet,92,74,224,0.324,3,209.3
2024-06-10,Referral,Desktop,136,104,287,0.394,4,203.66
2024-06-10,Referral,Mobile,161,125,470,0.405,2,122.92
2024-06-10,Referral,Tablet,31,26,86,0.356,1,79.89
2024-06-10,Social,Desktop,376,284,940,0.412,6,296.06
2024-06-10,Social,Mobile,491,390,1378,0.461,5,355.96
2024-06-10,Social,Tablet,84,70,217,0.375,1,86.43
2024-06-11,Direct,Desktop,527,414,1097,0.351,15,723.26
2024-06-11,Direct,Mobile,549,439,1549,0.426,10,633.17
2024-06-11,Direct,Tablet,113,93,308,0.357,3,255.14
2024-06-11,Email,Desktop,188,147,566,0.392,9,768.62
2024-06-11,Email,Mobile,201,166,455,0.427,6,388.66
2024-06-11,Email,Tablet,33,25,93,0.318,1,58.02
2024-06-11,Organic Search,Desktop,941,802,1785,0.35,22,1762.82
2024-06-11,Organic Search,Mobile,885,717,2327,0.409,16,889.65
2024-06-11,Organic Search,Tablet,160,127,361,0.388,3,260.83
2024-06-11,Paid Search,Desktop,459,340,1288,0.392,17,847.6
2024-06-11,Paid Search,Mobile,560,430,1166,0.478,13,858.83
2024-06-11,Paid Search,Tablet,86,72,261,0.378,2,162.91
2024-06-11,Referral,Desktop,176,150,365,0.327,5,270.16
2024-06-11,Referral,Mobile,205,157,508,0.505,4,336.26
2024-06-11,Referral,Tablet,30,23,92,0.318,1,59.61
2024-06-11,Social,Desktop,401,313,1249,0.414,7,451.6
2024-06-11,Social,Mobile,435,360,1168,0.403,4,313.11
2024-06-11,Social,Tablet,83,68,265,0.347,1,80.45
2024-06-12,Direct,Desktop,455,348,1239,0.379,14,907.16
2024-06-12,Direct,Mobile,678,572,1224,0.464,14,1063.11
2024-06-12,Direct,Tablet,103,83,293,0.328,2,141.38
2024-06-12,Email,Desktop,210,168,412,0.42,12,823.58
2024-06-12,Email,Mobile,232,199,499,0.44,7,457.13
2024-06-12,Email,Tablet,35,28,102,0.305,1,64.15
2024-06-12,Organic Search,Desktop,894,675,2648,0.341,22,1433.54
2024-06-12,Organic Search,Mobile,896,740,2386,0.481,12,791.02
2024-06-12,Organic Search,Tablet,175,132,329,0.384,3,257.52
2024-06-12,Paid Search,Desktop,459,389,1202,0.392,17,1194.87
2024-06-12,Paid Search,Mobile,618,472,1377,0.499,18,1165.14
2024-06-12,Paid Search,Tablet,95,75,198,0.408,3,229.86
2024-06-12,Referral,Desktop,144,114,272,0.347,4,265.93
2024-06-12,Referral,Mobile,164,136,296,0.417,4,309.51
2024-06-12,Referral,Tablet,32,25,59,0.401,1,55.16
2024-06-12,Social,Desktop,434,372,1283,0.325,8,461.12
2024-06-12,Social,Mobile,428,324,1300,0.503,4,323.04
2024-06-12,Social,Tablet,76,57,207,0.417,1,66.2
2024-06-13,Direct,Desktop,524,428,1614,0.328,17,1089.64
2024-06-13,Direct,Mobile,671,566,1946,0.456,16,885.72
2024-06-13,Direct,Tablet,94,74,243,0.376,2,156.13
2024-06-13,Email,Desktop,183,150,385,0.418,11,555.85
2024-06-13,Email,Mobile,244,204,723,0.506,8,524.41
2024-06-13,Email,Tablet,32,24,73,0.362,1,72.94
2024-06-13,Organic Search,Desktop,769,644,1772,0.352,20,1372.65
2024-06-13,Organic Search,Mobile,1161,953,2386,0.437,17,1116.49
2024-06-13,Organic Search,Tablet,150,113,409,0.362,3,248.22
2024-06-13,Paid Search,Desktop,509,429,1389,0.354,23,1834.06
2024-06-13,Paid Search,Mobile,621,476,1289,0.417,13,649.36
2024-06-13,Paid Search,Tablet,96,76,186,0.372,3,166.95
2024-06-13,Referral,Desktop,165,128,516,0.306,6,368.14
2024-06-13,Referral,Mobile,160,120,331,0.446,3,192.11
2024-06-13,Referral,Tablet,28,22,52,0.319,1,69.86
2024-06-13,Social,Desktop,349,273,1040,0.307,5,255.49
2024-06-13,Social,Mobile,467,367,1123,0.507,4,291.08
2024-06-13,Social,Tablet,67,51,213,0.361,1,62.87
2024-06-14,Direct,Desktop,528,436,1456,0.361,19,1668.72
2024-06-14,Direct,Mobile,636,495,1278,0.436,13,836.19
2024-06-14,Direct,Tablet,94,76,283,0.367,2,117.34
2024-06-14,Email,Desktop,200,161,592,0.324,11,587.4
2024-06-14,Email,Mobile,215,172,402,0.428,7,396.93
2024-06-14,Email,Tablet,35,29,65,0.404,2,115.67
2024-06-14,Organic Search,Desktop,950,748,2033,0.317,26,1885.5
2024-06-14,Organic Search,Mobile,1040,789,3029,0.416,16,1113.77
2024-06-14,Organic Search,Tablet,189,158,545,0.414,4,347.89
2024-06-14,Paid Search,Desktop,531,442,1094,0.303,25,2137.89
2024-06-14,Paid Search,Mobile,525,403,1328,0.499,13,827.8
2024-06-14,Paid Search,Tablet,83,69,231,0.407,2,105.94
2024-06-14,Referral,Desktop,157,118,320,0.36,4,213.13
2024-06-14,Referral,Mobile,196,158,588,0.415,3,194.26
2024-06-14,Referral,Tablet,27,22,67,0.301,1,49.32
2024-06-14,Social,Desktop,382,310,1159,0.351,5,240.72
2024-06-14,Social,Mobile,460,386,1026,0.498,3,169.14
2024-06-14,Social,Tablet,84,72,221,0.393,1,85.05
2024-06-15,Direct,Desktop,367,309,886,0.406,11,885.82
2024-06-15,Direct,Mobile,459,363,1263,0.45,11,820.82
2024-06-15,Direct,Tablet,84,62,165,0.355,2,128.4
2024-06-15,Email,Desktop,132,112,309,0.393,7,520.6
2024-06-15,Email,Mobile,179,138,470,0.469,6,330.29
2024-06-15,Email,Tablet,26,22,75,0.415,1,64.91
2024-06-15,Organic Search,Desktop,769,652,1481,0.355,23,1978.44
2024-06-15,Organic Search,Mobile,757,575,2173,0.509,11,799.39
2024-06-15,Organic Search,Tablet,128,100,319,0.353,2,141.06
2024-06-15,Paid Search,Desktop,361,291,679,0.318,16,1291.3
2024-06-15,Paid Search,Mobile,392,315,982,0.459,9,775.03
2024-06-15,Paid Search,Tablet,63,48,185,0.393,2,98.07
2024-06-15,Referral,Desktop,108,91,338,0.385,4,347.08
2024-06-15,Referral,Mobile,158,126,443,0.467,3,251.03
2024-06-15,Referral,Tablet,26,20,81,0.408,1,71.18
2024-06-15,Social,Desktop,331,258,703,0.336,5,380.24
2024-06-15,Social,Mobile,372,317,1132,0.442,3,158.75
2024-06-15,Social,Tablet,60,51,137,0.336,1,69.23
2024-06-16,Direct,Desktop,368,279,1049,0.343,12,881.57
2024-06-16,Direct,Mobile,568,479,1678,0.481,12,864.8
2024-06-16,Direct,Tablet,86,72,273,0.3,2,170.43
2024-06-16,Email,Desktop,142,108,335,0.348,8,419.95
2024-06-16,Email,Mobile,180,147,367,0.469,5,421.01
2024-06-16,Email,Tablet,33,25,89,0.371,1,84.12
2024-06-16,Organic Search,Desktop,777,581,2031,0.351,23,1450.98
2024-06-16,Organic Search,Mobile,801,599,2199,0.511,11,669.06
2024-06-16,Organic Search,Tablet,145,114,387,0.362,3,262.59
2024-06-16,Paid Search,Desktop,427,361,1118,0.396,21,1494.76
2024-06-16,Paid Search,Mobile,505,379,1321,0.519,12,992.12
2024-06-16,Paid Search,Tablet,79,63,174,0.37,2,118.74
2024-06-16,Referral,Desktop,136,104,425,0.338,5,241.75
2024-06-16,Referral,Mobile,129,100,257,0.502,3,175.42
2024-06-16,Referral,Tablet,22,17,63,0.363,1,50.34
2024-06-16,Social,Desktop,293,249,740,0.332,4,261.57
2024-06-16,Social,Mobile,340,256,753,0.438,2,99.17
2024-06-16,Social,Tablet,59,46,155,0.376,1,87.43
2024-06-17,Direct,Desktop,549,432,1483,0.31,20,1020.2
2024-06-17,Direct,Mobile,661,545,1352,0.415,14,787.08
2024-06-17,Direct,Tablet,108,92,239,0.348,3,253.84
2024-06-17,Email,Desktop,170,137,440,0.301,8,559.05
2024-06-17,Email,Mobile,234,190,643,0.446,7,379.53
2024-06-17,Email,Tablet,38,31,71,0.389,2,159.94
2024-06-17,Organic Search,Desktop,990,799,2007,0.381,29,1743.95
2024-06-17,Organic Search,Mobile,964,730,2573,0.447,16,1309.02
2024-06-17,Organic Search,Tablet,185,141,552,0.327,3,190.3
2024-06-17,Paid Search,Desktop,451,368,965,0.362,20,1255.42
2024-06-17,Paid Search,Mobile,542,427,1594,0.424,11,565.7
2024-06-17,Paid Search,Tablet,79,59,149,0.397,2,99.63
2024-06-17,Referral,Desktop,155,122,432,0.34,4,345.93
2024-06-17,Referral,Mobile,194,148,508,0.441,4,194.6
2024-06-17,Referral,Tablet,33,25,92,0.419,1,61.58
2024-06-17,Social,Desktop,417,323,994,0.318,7,467.67
2024-06-17,Social,Mobile,505,392,1433,0.485,5,323.47
2024-06-17,Social,Tablet,74,56,223,0.388,1,72.39
2024-06-18,Direct,Desktop,460,373,898,0.318,16,814.14
2024-06-18,Direct,Mobile,648,534,1890,0.401,12,864.36
2024-06-18,Direct,Tablet,99,79,223,0.374,3,189.94
2024-06-18,Email,Desktop,213,162,555,0.417,12,670.56
2024-06-18,Email,Mobile,222,187,502,0.416,8,603.08
2024-06-18,Email,Tablet,33,26,60,0.36,1,73.14
2024-06-18,Organic Search,Desktop,878,659,2586,0.317,26,1840.97
2024-06-18,Organic Search,Mobile,904,704,1907,0.49,16,993.94
2024-06-18,Organic Search,Tablet,145,109,331,0.342,3,165.19
2024-06-18,Paid Search,Desktop,495,421,1174,0.339,24,1679.38
2024-06-18,Paid Search,Mobile,558,431,1617,0.405,13,1040.35
2024-06-18,Paid Search,Tablet,99,84,246,0.303,2,113.8
2024-06-18,Referral,Desktop,141,119,360,0.31,5,271.56
2024-06-18,Referral,Mobile,160,128,431,0.406,3,194.94
2024-06-18,Referral,Tablet,34,28,94,0.367,1,71.7
2024-06-18,Social,Desktop,381,327,974,0.343,5,346.39
2024-06-18,Social,Mobile,514,401,1305,0.41,5,402.89
2024-06-18,Social,Tablet,68,54,132,0.329,1,60.87
2024-06-19,Direct,Desktop,599,461,1484,0.369,24,2015.47
2024-06-19,Direct,Mobile,674,526,1471,0.516,16,1064.67
2024-06-19,Direct,Tablet,105,81,247,0.36,3,161.71
2024-06-19,Email,Desktop,220,188,458,0.331,10,847.86
2024-06-19,Email,Mobile,244,187,542,0.476,8,504.41
2024-06-19,Email,Tablet,42,33,103,0.348,2,96.56
2024-06-19,Organic Search,Desktop,998,819,2233,0.381,23,1545.42
2024-06-19,Organic Search,Mobile,1143,954,2141,0.449,20,1367.15
2024-06-19,Organic Search,Tablet,151,113,449,0.376,3,222.51
2024-06-19,Paid Search,Desktop,519,423,1146,0.331,26,2262.86
2024-06-19,Paid Search,Mobile,537,418,1707,0.42,15,729.39
2024-06-19,Paid Search,Tablet,78,62,200,0.405,3,156.52
2024-06-19,Referral,Desktop,157,122,389,0.386,5,439.5
2024-06-19,Referral,Mobile,161,125,490,0.421,4,224.46
2024-06-19,Referral,Tablet,27,23,55,0.379,1,87.79
2024-06-19,Social,Desktop,341,268,769,0.416,5,381.72
2024-06-19,Social,Mobile,415,318,1122,0.511,4,197.27
2024-06-19,Social,Tablet,66,53,185,0.378,1,77.68
2024-06-20,Direct,Desktop,507,382,1116,0.369,17,867.41
2024-06-20,Direct,Mobile,686,531,1947,0.415,17,1300.06
2024-06-20,Direct,Tablet,105,81,298,0.412,2,128.18
2024-06-20,Email,Desktop,200,150,454,0.383,10,634.6
2024-06-20,Email,Mobile,205,164,495,0.474,6,316.04
2024-06-20,Email,Tablet,40,33,105,0.319,1,53.42
2024-06-20,Organic Search,Desktop,753,622,2097,0.357,17,1448.99
2024-06-20,Organic Search,Mobile,967,762,2719,0.456,12,970.0
2024-06-20,Organic Search,Tablet,154,127,357,0.357,3,148.99
2024-06-20,Paid Search,Desktop,470,397,1360,0.356,22,1838.52
2024-06-20,Paid Search,Mobile,525,405,1082,0.474,15,848.84
2024-06-20,Paid Search,Tablet,98,82,302,0.417,3,263.77
2024-06-20,Referral,Desktop,170,129,326,0.35,5,245.32
2024-06-20,Referral,Mobile,204,154,477,0.502,4,350.23
2024-06-20,Referral,Tablet,34,28,78,0.309,1,71.51
2024-06-20,Social,Desktop,430,351,779,0.346,6,488.44
2024-06-20,Social,Mobile,484,403,1306,0.424,4,348.6
2024-06-20,Social,Tablet,66,57,162,0.353,1,85.89
2024-06-21,Direct,Desktop,586,483,1620,0.346,20,1105.93
2024-06-21,Direct,Mobile,531,438,1271,0.483,10,617.78
2024-06-21,Direct,Tablet,102,85,234,0.311,2,160.4
2024-06-21,Email,Desktop,203,151,630,0.388,12,827.89
2024-06-21,Email,Mobile,216,160,390,0.472,7,443.51
2024-06-21,Email,Tablet,33,28,89,0.418,1,82.85
2024-06-21,Organic Search,Desktop,892,760,2264,0.334,24,1999.16
2024-06-21,Organic Search,Mobile,1127,881,2316,0.407,20,1703.34
2024-06-21,Organic Search,Tablet,175,130,527,0.363,3,168.0
2024-06-21,Paid Search,Desktop,527,432,1060,0.368,25,1229.96
2024-06-21,Paid Search,Mobile,577,443,1542,0.457,15,901.99
2024-06-21,Paid Search,Tablet,103,78,192,0.347,4,327.11
2024-06-21,Referral,Desktop,155,124,484,0.409,5,284.03
2024-06-21,Referral,Mobile,160,128,457,0.481,3,233.76
2024-06-21,Referral,Tablet,27,22,81,0.406,1,57.24
2024-06-21,Social,Desktop,392,331,1166,0.383,5,425.66
2024-06-21,Social,Mobile,416,309,844,0.48,4,281.83
2024-06-21,Social,Tablet,85,73,262,0.317,1,76.56
2024-06-22,Direct,Desktop,380,292,1181,0.401,13,859.86
2024-06-22,Direct,Mobile,518,432,1606,0.414,10,637.78
2024-06-22,Direct,Tablet,70,59,206,0.417,2,162.29
2024-06-22,Email,Desktop,159,119,484,0.394,7,440.25
2024-06-22,Email,Mobile,198,158,560,0.44,5,386.36
2024-06-22,Email,Tablet,33,26,79,0.412,1,78.97
2024-06-22,Organic Search,Desktop,753,645,1798,0.31,18,1063.5
2024-06-22,Organic Search,Mobile,765,636,1988,0.403,11,738.84
2024-06-22,Organic Search,Tablet,135,108,395,0.412,2,157.8
2024-06-22,Paid Search,Desktop,422,343,1314,0.412,19,1081.42
2024-06-22,Paid Search,Mobile,437,372,1239,0.465,10,616.57
2024-06-22,Paid Search,Tablet,70,52,207,0.336,2,141.78
2024-06-22,Referral,Desktop,118,99,251,0.415,4,204.13
2024-06-22,Referral,Mobile,134,100,403,0.49,2,105.89
2024-06-22,Referral,Tablet,26,22,83,0.344,1,48.71
2024-06-22,Social,Desktop,348,283,843,0.406,5,435.87
2024-06-22,Social,Mobile,374,286,815,0.516,3,204.92
2024-06-22,Social,Tablet,55,43,170,0.404,1,57.44
2024-06-23,Direct,Desktop,373,319,763,0.392,13,1026.43
2024-06-23,Direct,Mobile,515,428,1446,0.511,9,628.55
2024-06-23,Direct,Tablet,91,69,276,0.349,2,118.44
2024-06-23,Email,Desktop,146,119,296,0.341,8,560.4
2024-06-23,Email,Mobile,186,155,539,0.46,6,488.4
2024-06-23,Email,Tablet,27,21,70,0.385,1,50.47
2024-06-23,Organic Search,Desktop,773,573,1486,0.314,24,1189.75
2024-06-23,Organic Search,Mobile,828,676,2297,0.506,16,783.14
2024-06-23,Organic Search,Tablet,144,118,410,0.415,3,176.64
2024-06-23,Paid Search,Desktop,354,298,712,0.367,12,728.17
2024-06-23,Paid Search,Mobile,406,345,1110,0.423,8,488.02
2024-06-23,Paid Search,Tablet,63,54,138,0.39,2,124.68
2024-06-23,Referral,Desktop,137,114,397,0.342,4,254.75
2024-06-23,Referral,Mobile,136,103,277,0.514,2,144.11
2024-06-23,Referral,Tablet,21,16,47,0.344,0,0.0
2024-06-23,Social,Desktop,289,224,719,0.367,4,240.93
2024-06-23,Social,Mobile,408,325,1117,0.519,4,285.18
2024-06-23,Social,Tablet,63,54,166,0.376,1,55.49
2024-06-24,Direct,Desktop,552,429,1389,0.321,18,1571.77
2024-06-24,Direct,Mobile,606,510,1293,0.464,13,977.5
2024-06-24,Direct,Tablet,91,74,228,0.335,2,118.98
2024-06-24,Email,Desktop,165,131,519,0.375,8,553.55
2024-06-24,Email,Mobile,231,195,620,0.424,6,514.4
2024-06-24,Email,Tablet,34,27,93,0.396,1,87.96
2024-06-24,Organic Search,Desktop,788,677,2046,0.352,23,1385.51
2024-06-24,Organic Search,Mobile,1110,930,3403,0.428,20,1015.0
2024-06-24,Organic Search,Tablet,163,136,410,0.396,3,198.84
2024-06-24,Paid Search,Desktop,433,360,787,0.368,18,1375.02
2024-06-24,Paid Search,Mobile,622,533,1393,0.506,17,1423.36
2024-06-24,Paid Search,Tablet,81,69,234,0.358,2,116.48
2024-06-24,Referral,Desktop,149,123,370,0.341,5,268.21
2024-06-24,Referral,Mobile,190,162,548,0.433,3,198.41
2024-06-24,Referral,Tablet,32,27,76,0.407,1,59.4
2024-06-24,Social,Desktop,448,381,843,0.362,6,329.72
2024-06-24,Social,Mobile,414,317,1101,0.478,4,249.57
2024-06-24,Social,Tablet,77,59,230,0.345,1,49.89
2024-06-25,Direct,Desktop,460,358,860,0.381,14,1127.91
2024-06-25,Direct,Mobile,605,481,1231,0.517,14,755.79
2024-06-25,Direct,Tablet,91,68,186,0.314,2,128.5
2024-06-25,Email,Desktop,213,172,531,0.371,11,890.95
2024-06-25,Email,Mobile,216,172,619,0.442,6,326.36
2024-06-25,Email,Tablet,40,30,123,0.386,2,146.08
2024-06-25,Organic Search,Desktop,865,704,2713,0.377,26,1828.87
2024-06-25,Organic Search,Mobile,1048,788,2852,0.493,17,1097.47
2024-06-25,Organic Search,Tablet,182,145,449,0.368,3,172.66
2024-06-25,Paid Search,Desktop,485,373,1031,0.4,24,2024.99
2024-06-25,Paid Search,Mobile,608,518,1164,0.445,19,1020.51
2024-06-25,Paid Search,Tablet,99,79,305,0.338,4,241.05
2024-06-25,Referral,Desktop,159,125,484,0.318,6,474.71
2024-06-25,Referral,Mobile,199,160,432,0.4,3,238.12
2024-06-25,Referral,Tablet,30,25,78,0.335,1,87.11
2024-06-25,Social,Desktop,419,354,913,0.318,6,515.15
2024-06-25,Social,Mobile,452,373,1036,0.449,3,259.06
2024-06-25,Social,Tablet,66,55,121,0.356,1,55.38
2024-06-26,Direct,Desktop,583,432,1126,0.308,24,1857.65
2024-06-26,Direct,Mobile,586,448,1854,0.514,15,1315.34
2024-06-26,Direct,Tablet,106,80,258,0.414,3,246.69
2024-06-26,Email,Desktop,181,151,569,0.317,9,582.97
2024-06-26,Email,Mobile,257,203,786,0.49,9,603.32
2024-06-26,Email,Tablet,40,31,78,0.305,1,76.13
2024-06-26,Organic Search,Desktop,789,621,1966,0.387,24,2086.03
2024-06-26,Organic Search,Mobile,1140,955,3618,0.418,16,1247.14
2024-06-26,Organic Search,Tablet,154,125,355,0.318,3,188.65
2024-06-26,Paid Search,Desktop,417,323,1122,0.359,15,887.85
2024-06-26,Paid Search,Mobile,652,502,1238,0.416,16,779.62
2024-06-26,Paid Search,Tablet,98,80,257,0.393,3,155.04
2024-06-26,Referral,Desktop,141,108,420,0.399,4,278.66
2024-06-26,Referral,Mobile,199,150,538,0.494,3,194.97
2024-06-26,Referral,Tablet,33,27,66,0.38,1,48.57
2024-06-26,Social,Desktop,399,329,962,0.351,7,568.74
2024-06-26,Social,Mobile,448,358,1429,0.515,5,337.85
2024-06-26,Social,Tablet,70,59,164,0.363,1,70.68
2024-06-27,Direct,Desktop,527,401,1606,0.397,20,1554.95
2024-06-27,Direct,Mobile,653,551,1906,0.48,13,711.72
2024-06-27,Direct,Tablet,106,79,200,0.377,2,107.53
2024-06-27,Email,Desktop,201,154,460,0.406,11,871.13
2024-06-27,Email,Mobile,200,149,528,0.5,7,539.76
2024-06-27,Email,Tablet,38,30,87,0.309,1,83.75
2024-06-27,Organic Search,Desktop,891,714,2762,0.41,22,1088.63
2024-06-27,Organic Search,Mobile,974,732,3066,0.515,18,1453.49
2024-06-27,Organic Search,Tablet,148,120,368,0.38,2,96.61
2024-06-27,Paid Search,Desktop,536,400,988,0.317,22,1809.56
2024-06-27,Paid Search,Mobile,599,515,1093,0.501,14,1067.84
2024-06-27,Paid Search,Tablet,79,61,210,0.326,3,178.55
2024-06-27,Referral,Desktop,139,105,428,0.332,4,220.2
2024-06-27,Referral,Mobile,188,154,400,0.421,4,276.54
2024-06-27,Referral,Tablet,26,21,73,0.32,1,52.13
2024-06-27,Social,Desktop,363,273,925,0.408,6,504.9
2024-06-27,Social,Mobile,466,396,879,0.509,4,334.9
2024-06-27,Social,Tablet,65,50,156,0.324,1,78.94
2024-06-28,Direct,Desktop,546,408,1477,0.382,22,1876.76
2024-06-28,Direct,Mobile,599,454,1146,0.512,13,908.52
2024-06-28,Direct,Tablet,109,92,333,0.372,2,146.75
2024-06-28,Email,Desktop,184,145,354,0.361,9,586.21
2024-06-28,Email,Mobile,241,180,598,0.426,7,427.32
2024-06-28,Email,Tablet,32,25,66,0.355,1,85.75
2024-06-28,Organic Search,Desktop,889,667,2157,0.323,20,973.81
2024-06-28,Organic Search,Mobile,971,807,2616,0.51,14,861.63
2024-06-28,Organic Search,Tablet,171,146,545,0.337,4,319.65
2024-06-28,Paid Search,Desktop,497,412,1416,0.308,24,1347.63
2024-06-28,Paid Search,Mobile,540,446,1547,0.444,16,1155.5
2024-06-28,Paid Search,Tablet,89,76,169,0.391,3,149.99
2024-06-28,Referral,Desktop,142,114,417,0.398,4,276.37
2024-06-28,Referral,Mobile,211,170,470,0.489,5,410.18
2024-06-28,Referral,Tablet,30,23,94,0.374,1,79.82
2024-06-28,Social,Desktop,434,364,1316,0.301,5,271.29
2024-06-28,Social,Mobile,401,339,812,0.473,4,255.97
2024-06-28,Social,Tablet,74,61,171,0.374,1,60.49
2024-06-29,Direct,Desktop,389,324,978,0.322,12,662.9
2024-06-29,Direct,Mobile,573,490,1738,0.511,12,860.25
2024-06-29,Direct,Tablet,69,53,196,0.349,2,99.0
2024-06-29,Email,Desktop,161,137,498,0.415,10,713.98
2024-06-29,Email,Mobile,187,139,443,0.494,7,589.65
2024-06-29,Email,Tablet,26,19,71,0.398,1,87.52
2024-06-29,Organic Search,Desktop,696,553,2081,0.36,19,1339.09
2024-06-29,Organic Search,Mobile,957,809,2884,0.508,13,1018.77
2024-06-29,Organic Search,Tablet,142,119,275,0.314,3,210.73
2024-06-29,Paid Search,Desktop,395,300,715,0.34,20,1309.44
2024-06-29,Paid Search,Mobile,526,445,1212,0.461,15,1309.78
2024-06-29,Paid Search,Tablet,82,63,226,0.363,3,162.2
2024-06-29,Referral,Desktop,114,95,264,0.324,4,277.9
2024-06-29,Referral,Mobile,145,117,357,0.435,3,192.83
2024-06-29,Referral,Tablet,24,19,48,0.337,1,76.58
2024-06-29,Social,Desktop,321,267,697,0.403,4,309.17
2024-06-29,Social,Mobile,378,303,767,0.501,3,254.66
2024-06-29,Social,Tablet,65,54,191,0.4,1,61.29
2024-06-30,Direct,Desktop,376,304,1169,0.383,11,769.44
2024-06-30,Direct,Mobile,437,328,1153,0.422,8,481.93
2024-06-30,Direct,Tablet,83,63,163,0.382,2,129.4
2024-06-30,Email,Desktop,136,116,343,0.339,8,411.21
2024-06-30,Email,Mobile,185,155,567,0.473,6,385.77
2024-06-30,Email,Tablet,29,25,87,0.388,1,61.34
2024-06-30,Organic Search,Desktop,778,602,1618,0.33,20,1019.42
2024-06-30,Organic Search,Mobile,926,693,2029,0.485,13,1104.74
2024-06-30,Organic Search,Tablet,119,91,372,0.382,2,98.82
2024-06-30,Paid Search,Desktop,359,268,901,0.311,18,915.99
2024-06-30,Paid Search,Mobile,426,347,1125,0.455,10,706.58
2024-06-30,Paid Search,Tablet,63,48,189,0.417,2,147.09
2024-06-30,Referral,Desktop,139,106,440,0.356,5,322.65
2024-06-30,Referral,Mobile,152,126,349,0.419,3,215.86
2024-06-30,Referral,Tablet,25,20,64,0.411,1,87.88
2024-06-30,Social,Desktop,293,233,665,0.4,4,196.01
2024-06-30,Social,Mobile,365,278,682,0.473,3,148.13
2024-06-30,Social,Tablet,60,45,124,0.414,1,83.51
2024-07-01,Direct,Desktop,473,390,1349,0.401,18,961.17
2024-07-01,Direct,Mobile,684,512,1249,0.436,16,1338.75
2024-07-01,Direct,Tablet,98,81,304,0.339,3,248.49
2024-07-01,Email,Desktop,203,172,438,0.41,9,724.84
2024-07-01,Email,Mobile,262,212,545,0.438,9,762.57
2024-07-01,Email,Tablet,42,36,106,0.342,2,111.95
2024-07-01,Organic Search,Desktop,926,790,2076,0.321,26,1895.99
2024-07-01,Organic Search,Mobile,1041,840,2656,0.442,15,873.66
2024-07-01,Organic Search,Tablet,147,119,436,0.312,3,178.84
2024-07-01,Paid Search,Desktop,440,336,1323,0.403,22,1383.32
2024-07-01,Paid Search,Mobile,639,500,1250,0.447,14,872.98
2024-07-01,Paid Search,Tablet,83,64,264,0.376,2,169.21
2024-07-01,Referral,Desktop,154,132,462,0.322,5,385.02
2024-07-01,Referral,Mobile,171,129,379,0.406,3,183.71
2024-07-01,Referral,Tablet,33,26,71,0.328,1,87.26
2024-07-01,Social,Desktop,425,331,946,0.394,5,403.88
2024-07-01,Social,Mobile,427,346,1292,0.456,4,197.51
2024-07-01,Social,Tablet,80,63,166,0.386,1,50.91
2024-07-02,Direct,Desktop,494,370,1179,0.325,16,1186.23
2024-07-02,Direct,Mobile,718,602,2003,0.51,18,1510.8
2024-07-02,Direct,Tablet,102,80,238,0.38,2,107.0
2024-07-02,Email,Desktop,175,132,375,0.342,8,428.44
2024-07-02,Email,Mobile,257,197,770,0.435,8,420.91
2024-07-02,Email,Tablet,41,35,120,0.3,1,54.3
2024-07-02,Organic Search,Desktop,977,782,2488,0.318,22,1844.94
2024-07-02,Organic Search,Mobile,953,774,2005,0.479,14,836.8
2024-07-02,Organic Search,Tablet,146,116,298,0.343,3,251.82
2024-07-02,Paid Search,Desktop,499,410,1134,0.35,18,1256.08
2024-07-02,Paid Search,Mobile,633,513,1762,0.467,14,1151.24
2024-07-02,Paid Search,Tablet,88,66,204,0.307,2,150.2
2024-07-02,Referral,Desktop,162,132,422,0.35,6,296.3
2024-07-02,Referral,Mobile,166,128,364,0.417,3,187.99
2024-07-02,Referral,Tablet,28,21,59,0.391,1,86.98
2024-07-02,Social,Desktop,375,292,1097,0.308,7,604.51
2024-07-02,Social,Mobile,454,337,851,0.458,3,215.6
2024-07-02,Social,Tablet,80,65,151,0.331,1,58.79
2024-07-03,Direct,Desktop,535,408,1500,0.414,15,924.83
2024-07-03,Direct,Mobile,645,522,1957,0.506,13,977.09
2024-07-03,Direct,Tablet,103,80,260,0.383,3,180.44
2024-07-03,Email,Desktop,198,169,472,0.33,11,962.47
2024-07-03,Email,Mobile,251,200,738,0.412,7,403.8
2024-07-03,Email,Tablet,41,31,120,0.319,2,130.17
2024-07-03,Organic Search,Desktop,862,696,2692,0.392,23,1902.55
2024-07-03,Organic Search,Mobile,1067,872,2785,0.411,15,924.54
2024-07-03,Organic Search,Tablet,168,132,322,0.399,3,206.11
2024-07-03,Paid Search,Desktop,501,421,914,0.307,22,1752.58
2024-07-03,Paid Search,Mobile,659,528,2085,0.408,15,987.66
2024-07-03,Paid Search,Tablet,79,59,228,0.371,3,156.56
2024-07-03,Referral,Desktop,138,114,270,0.306,4,238.08
2024-07-03,Referral,Mobile,167,138,316,0.469,3,242.24
2024-07-03,Referral,Tablet,29,24,61,0.393,1,55.82
2024-07-03,Social,Desktop,409,337,1152,0.386,6,393.53
2024-07-03,Social,Mobile,531,448,1685,0.508,5,385.83
2024-07-03,Social,Tablet,74,58,185,0.315,1,87.56
2024-07-04,Direct,Desktop,454,385,954,0.339,15,1222.18
2024-07-04,Direct,Mobile,661,526,1556,0.415,14,1001.97
2024-07-04,Direct,Tablet,101,79,227,0.349,3,209.14
2024-07-04,Email,Desktop,169,137,311,0.377,10,747.42
2024-07-04,Email,Mobile,229,187,676,0.416,7,469.99
2024-07-04,Email,Tablet,38,30,94,0.33,1,83.93
2024-07-04,Organic Search,Desktop,855,718,2070,0.33,23,1407.58
2024-07-04,Organic Search,Mobile,1178,991,3548,0.423,15,1174.61
2024-07-04,Organic Search,Tablet,144,123,295,0.335,3,170.57
2024-07-04,Paid Search,Desktop,516,428,1034,0.419,23,1510.47
2024-07-04,Paid Search,Mobile,608,499,1701,0.436,14,1204.41
2024-07-04,Paid Search,Tablet,96,74,261,0.348,3,164.34
2024-07-04,Referral,Desktop,147,117,300,0.368,5,299.25
2024-07-04,Referral,Mobile,167,141,503,0.408,3,258.61
2024-07-04,Referral,Tablet,29,22,82,0.324,1,87.09
2024-07-04,Social,Desktop,401,298,966,0.418,6,451.3
2024-07-04,Social,Mobile,520,385,1182,0.442,5,302.39
2024-07-04,Social,Tablet,80,63,246,0.354,1,79.24
2024-07-05,Direct,Desktop,575,435,1617,0.413,17,1205.74
2024-07-05,Direct,Mobile,714,604,2008,0.49,16,844.32
2024-07-05,Direct,Tablet,92,72,255,0.399,2,154.55
2024-07-05,Email,Desktop,191,147,571,0.418,11,628.83
2024-07-05,Email,Mobile,239,197,677,0.459,7,567.58
2024-07-05,Email,Tablet,40,32,83,0.335,2,113.79
2024-07-05,Organic Search,Desktop,913,681,2565,0.337,21,1295.38
2024-07-05,Organic Search,Mobile,1207,897,3557,0.493,15,920.78
2024-07-05,Organic Search,Tablet,173,133,479,0.346,3,157.02
2024-07-05,Paid Search,Desktop,460,347,1319,0.383,21,1210.57
2024-07-05,Paid Search,Mobile,594,472,1572,0.476,13,1077.96
2024-07-05,Paid Search,Tablet,97,73,199,0.398,3,193.45
2024-07-05,Referral,Desktop,151,115,386,0.405,4,223.19
2024-07-05,Referral,Mobile,174,139,403,0.509,3,261.34
2024-07-05,Referral,Tablet,26,21,49,0.395,1,57.62
2024-07-05,Social,Desktop,387,319,1170,0.394,5,281.67
2024-07-05,Social,Mobile,541,457,1001,0.512,5,259.94
2024-07-05,Social,Tablet,67,57,183,0.407,1,60.28
2024-07-06,Direct,Desktop,373,286,867,0.368,13,698.02
2024-07-06,Direct,Mobile,580,492,1592,0.481,14,969.91
2024-07-06,Direct,Tablet,75,60,214,0.415,2,164.67
2024-07-06,Email,Desktop,169,129,437,0.365,8,464.03
2024-07-06,Email,Mobile,211,164,484,0.408,7,481.62
2024-07-06,Email,Tablet,34,26,64,0.419,1,62.24
2024-07-06,Organic Search,Desktop,769,599,1843,0.374,16,1355.4
2024-07-06,Organic Search,Mobile,736,602,1850,0.422,12,889.22
2024-07-06,Organic Search,Tablet,150,122,277,0.419,3,209.73
2024-07-06,Paid Search,Desktop,368,296,829,0.347,14,981.71
2024-07-06,Paid Search,Mobile,496,377,1399,0.425,14,733.21
2024-07-06,Paid Search,Tablet,69,53,150,0.415,2,137.82
2024-07-06,Referral,Desktop,132,113,311,0.388,4,347.87
2024-07-06,Referral,Mobile,173,135,388,0.463,3,210.74
2024-07-06,Referral,Tablet,22,17,43,0.336,0,0.0
2024-07-06,Social,Desktop,312,234,667,0.36,5,329.82
2024-07-06,Social,Mobile,388,331,965,0.45,3,227.01
2024-07-06,Social,Tablet,58,45,178,0.315,1,58.04
2024-07-07,Direct,Desktop,450,386,1032,0.35,17,1033.96
2024-07-07,Direct,Mobile,499,418,1102,0.45,11,761.51
2024-07-07,Direct,Tablet,91,67,256,0.398,3,208.54
2024-07-07,Email,Desktop,152,116,407,0.36,8,429.36
2024-07-07,Email,Mobile,189,162,464,0.428,5,265.01
2024-07-07,Email,Tablet,27,21,71,0.42,1,83.41
2024-07-07,Organic Search,Desktop,728,566,2298,0.325,22,1798.8
2024-07-07,Organic Search,Mobile,857,699,2236,0.405,12,674.85
2024-07-07,Organic Search,Tablet,124,101,363,0.407,3,172.39
2024-07-07,Paid Search,Desktop,442,366,1244,0.358,22,1510.76
2024-07-07,Paid Search,Mobile,512,384,1299,0.512,13,811.9
2024-07-07,Paid Search,Tablet,70,56,181,0.395,2,165.38
2024-07-07,Referral,Desktop,133,99,360,0.398,5,370.08
2024-07-07,Referral,Mobile,164,136,511,0.447,3,198.62
2024-07-07,Referral,Tablet,27,22,75,0.364,1,81.55
2024-07-07,Social,Desktop,279,230,742,0.353,5,336.1
2024-07-07,Social,Mobile,351,276,806,0.426,4,228.06
2024-07-07,Social,Tablet,56,43,151,0.366,1,65.52
2024-07-08,Direct,Desktop,459,388,1463,0.307,14,949.43
2024-07-08,Direct,Mobile,701,519,2197,0.438,14,938.14
2024-07-08,Direct,Tablet,88,73,243,0.405,2,105.78
2024-07-08,Email,Desktop,203,155,395,0.325,9,664.02
2024-07-08,Email,Mobile,208,159,493,0.435,6,339.75
2024-07-08,Email,Tablet,34,29,101,0.377,1,65.18
2024-07-08,Organic Search,Desktop,940,764,2799,0.362,20,1039.13
2024-07-08,Organic Search,Mobile,1203,992,2805,0.464,20,1532.93
2024-07-08,Organic Search,Tablet,173,147,506,0.317,4,224.71
2024-07-08,Paid Search,Desktop,433,335,996,0.373,18,1128.49
2024-07-08,Paid Search,Mobile,514,395,968,0.512,13,688.77
2024-07-08,Paid Search,Tablet,83,67,203,0.398,2,136.61
2024-07-08,Referral,Desktop,180,142,562,0.374,5,346.79
2024-07-08,Referral,Mobile,167,131,492,0.422,4,216.65
2024-07-08,Referral,Tablet,26,22,73,0.417,1,86.44
2024-07-08,Social,Desktop,442,348,987,0.382,6,362.22
2024-07-08,Social,Mobile,441,357,902,0.511,4,235.94
2024-07-08,Social,Tablet,86,65,237,0.336,1,71.72
2024-07-09,Direct,Desktop,585,434,1696,0.332,18,1041.46
2024-07-09,Direct,Mobile,663,494,2005,0.46,13,770.23
2024-07-09,Direct,Tablet,95,77,180,0.358,2,117.03
2024-07-09,Email,Desktop,215,168,524,0.327,9,457.94
2024-07-09,Email,Mobile,236,191,647,0.447,7,553.27
2024-07-09,Email,Tablet,32,25,85,0.405,1,78.91
2024-07-09,Organic Search,Desktop,1006,748,2677,0.393,23,1467.76
2024-07-09,Organic Search,Mobile,1189,966,3320,0.418,17,1102.33
2024-07-09,Organic Search,Tablet,187,158,566,0.301,3,161.54
2024-07-09,Paid Search,Desktop,502,420,1376,0.355,24,1173.41
2024-07-09,Paid Search,Mobile,508,428,1507,0.41,14,890.88
2024-07-09,Paid Search,Tablet,83,69,231,0.335,2,108.48
2024-07-09,Referral,Desktop,151,121,478,0.377,5,404.96
2024-07-09,Referral,Mobile,184,155,341,0.506,3,164.94
2024-07-09,Referral,Tablet,34,29,96,0.416,1,64.36
2024-07-09,Social,Desktop,398,311,943,0.388,5,387.11
2024-07-09,Social,Mobile,473,371,1314,0.507,5,283.29
2024-07-09,Social,Tablet,76,60,137,0.39,1,51.16
2024-07-10,Direct,Desktop,536,410,1149,0.311,15,845.76
2024-07-10,Direct,Mobile,584,443,1184,0.476,13,1024.8
2024-07-10,Direct,Tablet,95,79,263,0.392,2,137.66
2024-07-10,Email,Desktop,177,139,438,0.306,8,439.88
2024-07-10,Email,Mobile,203,172,430,0.471,7,411.24
2024-07-10,Email,Tablet,40,31,102,0.324,1,60.78
2024-07-10,Organic Search,Desktop,984,800,2926,0.417,27,1839.65
2024-07-10,Organic Search,Mobile,1174,872,2848,0.45,21,1605.75
2024-07-10,Organic Search,Tablet,194,167,539,0.41,4,228.21
2024-07-10,Paid Search,Desktop,455,376,1299,0.36,23,1338.9
2024-07-10,Paid Search,Mobile,643,527,1696,0.502,13,763.54
2024-07-10,Paid Search,Tablet,93,74,284,0.322,2,143.64
2024-07-10,Referral,Desktop,142,113,334,0.354,4,224.11
2024-07-10,Referral,Mobile,188,160,382,0.477,3,169.97
2024-07-10,Referral,Tablet,33,28,99,0.373,1,85.77
2024-07-10,Social,Desktop,349,265,768,0.372,5,353.88
2024-07-10,Social,Mobile,536,450,1256,0.465,4,192.81
2024-07-10,Social,Tablet,80,67,158,0.314,1,80.61
2024-07-11,Direct,Desktop,530,443,1142,0.361,19,1212.6
2024-07-11,Direct,Mobile,661,504,1535,0.515,16,811.8
2024-07-11,Direct,Tablet,95,78,249,0.347,2,172.04
2024-07-11,Email,Desktop,179,138,330,0.405,9,592.34
2024-07-11,Email,Mobile,238,183,541,0.512,7,462.16
2024-07-11,Email,Tablet,39,32,103,0.365,1,69.53
2024-07-11,Organic Search,Desktop,878,738,1798,0.347,19,1297.49
2024-07-11,Organic Search,Mobile,1070,905,2462,0.453,16,1235.5
2024-07-11,Organic Search,Tablet,174,145,505,0.357,4,212.52
2024-07-11,Paid Search,Desktop,556,464,1463,0.42,20,1146.6
2024-07-11,Paid Search,Mobile,666,560,1770,0.485,15,1001.04
2024-07-11,Paid Search,Tablet,103,85,192,0.332,3,199.8
2024-07-11,Referral,Desktop,168,139,491,0.339,5,291.0
2024-07-11,Referral,Mobile,181,139,377,0.423,3,154.46
2024-07-11,Referral,Tablet,29,23,85,0.349,1,63.41
2024-07-11,Social,Desktop,356,298,973,0.322,4,314.86
2024-07-11,Social,Mobile,525,398,1316,0.415,4,208.36
2024-07-11,Social,Tablet,84,64,208,0.319,1,86.91
2024-07-12,Direct,Desktop,474,404,946,0.31,18,1105.18
2024-07-12,Direct,Mobile,689,555,1791,0.505,15,1157.84
2024-07-12,Direct,Tablet,105,81,223,0.383,2,103.81
2024-07-12,Email,Desktop,184,151,541,0.418,8,537.87
2024-07-12,Email,Mobile,259,202,632,0.502,9,530.32
2024-07-12,Email,Tablet,37,30,90,0.363,1,51.97
2024-07-12,Organic Search,Desktop,827,653,2485,0.319,25,2109.99
2024-07-12,Organic Search,Mobile,1023,807,2628,0.44,13,874.92
2024-07-12,Organic Search,Tablet,191,154,500,0.392,3,243.95
2024-07-12,Paid Search,Desktop,481,366,882,0.372,22,1851.32
2024-07-12,Paid Search,Mobile,612,502,1915,0.421,15,1280.54
2024-07-12,Paid Search,Tablet,98,77,280,0.396,3,204.02
2024-07-12,Referral,Desktop,139,111,399,0.397,5,304.84
2024-07-12,Referral,Mobile,196,161,537,0.507,4,196.33
2024-07-12,Referral,Tablet,30,24,75,0.33,1,81.4
2024-07-12,Social,Desktop,438,329,792,0.414,7,389.04
2024-07-12,Social,Mobile,514,437,1117,0.516,4,217.9
2024-07-12,Social,Tablet,69,51,138,0.402,1,59.08
2024-07-13,Direct,Desktop,467,393,952,0.33,19,1634.99
2024-07-13,Direct,Mobile,482,366,1433,0.503,10,573.59
2024-07-13,Direct,Tablet,90,68,285,0.418,2,136.53
2024-07-13,Email,Desktop,161,130,411,0.38,9,496.6
2024-07-13,Email,Mobile,177,140,354,0.48,6,423.88
2024-07-13,Email,Tablet,26,19,49,0.411,1,85.27
2024-07-13,Organic Search,Desktop,801,644,2271,0.317,24,1398.07
2024-07-13,Organic Search,Mobile,855,646,1647,0.451,16,1210.59
2024-07-13,Organic Search,Tablet,155,129,297,0.363,3,230.26
2024-07-13,Paid Search,Desktop,430,348,1311,0.332,17,891.25
2024-07-13,Paid Search,Mobile,418,351,1268,0.423,11,695.0
2024-07-13,Paid Search,Tablet,70,52,206,0.354,2,104.61
2024-07-13,Referral,Desktop,123,98,285,0.395,4,202.03
2024-07-13,Referral,Mobile,151,128,346,0.424,3,165.8
2024-07-13,Referral,Tablet,28,23,69,0.324,1,70.16
2024-07-13,Social,Desktop,352,301,853,0.307,5,393.48
2024-07-13,Social,Mobile,406,331,1223,0.516,4,331.34
2024-07-13,Social,Tablet,53,40,146,0.385,1,69.56
2024-07-14,Direct,Desktop,368,315,1162,0.41,12,872.37
2024-07-14,Direct,Mobile,539,456,1322,0.432,11,578.18
2024-07-14,Direct,Tablet,87,67,222,0.314,2,96.19
2024-07-14,Email,Desktop,171,131,543,0.351,8,703.46
2024-07-14,Email,Mobile,199,147,464,0.498,7,579.9
2024-07-14,Email,Tablet,31,23,81,0.365,1,84.63
2024-07-14,Organic Search,Desktop,678,554,2168,0.326,20,1562.0
2024-07-14,Organic Search,Mobile,773,597,2421,0.485,11,840.38
2024-07-14,Organic Search,Tablet,150,127,333,0.36,3,201.07
2024-07-14,Paid Search,Desktop,420,357,1249,0.305,17,1046.68
2024-07-14,Paid Search,Mobile,442,375,1104,0.414,10,861.23
2024-07-14,Paid Search,Tablet,67,55,171,0.324,2,146.1
2024-07-14,Referral,Desktop,116,88,250,0.402,4,276.26
2024-07-14,Referral,Mobile,160,130,439,0.482,3,199.77
2024-07-14,Referral,Tablet,25,21,49,0.392,0,0.0
2024-07-14,Social,Desktop,355,279,690,0.322,6,358.88
2024-07-14,Social,Mobile,356,293,873,0.512,3,225.77
2024-07-14,Social,Tablet,66,50,140,0.385,1,74.52
2024-07-15,Direct,Desktop,532,424,1112,0.343,16,1308.1
2024-07-15,Direct,Mobile,663,518,1417,0.453,16,1333.75
2024-07-15,Direct,Tablet,100,82,248,0.385,3,229.08
2024-07-15,Email,Desktop,196,156,426,0.401,10,556.08
2024-07-15,Email,Mobile,226,178,605,0.507,6,467.4
2024-07-15,Email,Tablet,39,32,114,0.368,1,50.86
2024-07-15,Organic Search,Desktop,932,739,1996,0.353,24,1925.01
2024-07-15,Organic Search,Mobile,977,816,2676,0.519,18,1383.6
2024-07-15,Organic Search,Tablet,150,116,428,0.355,3,222.5
2024-07-15,Paid Search,Desktop,478,368,1425,0.398,22,1300.31
2024-07-15,Paid Search,Mobile,661,521,1598,0.477,14,771.1
2024-07-15,Paid Search,Tablet,99,75,249,0.408,3,209.47
2024-07-15,Referral,Desktop,181,150,397,0.419,5,290.92
2024-07-15,Referral,Mobile,194,147,455,0.473,4,290.77
2024-07-15,Referral,Tablet,26,20,53,0.357,1,69.87
2024-07-15,Social,Desktop,352,278,812,0.364,5,275.78
2024-07-15,Social,Mobile,500,388,1499,0.457,5,300.25
2024-07-15,Social,Tablet,69,58,135,0.329,1,55.55
2024-07-16,Direct,Desktop,547,450,1111,0.349,18,1293.8
2024-07-16,Direct,Mobile,640,510,1745,0.472,15,772.08
2024-07-16,Direct,Tablet,111,87,343,0.336,2,133.01
2024-07-16,Email,Desktop,193,151,615,0.374,10,791.65
2024-07-16,Email,Mobile,248,213,586,0.462,9,728.64
2024-07-16,Email,Tablet,33,25,89,0.389,1,65.86
2024-07-16,Organic Search,Desktop,963,748,2129,0.306,26,1622.78
2024-07-16,Organic Search,Mobile,960,805,2029,0.412,18,1465.52
2024-07-16,Organic Search,Tablet,163,136,429,0.344,3,243.63
2024-07-16,Paid Search,Desktop,552,457,1081,0.4,24,1775.4
2024-07-16,Paid Search,Mobile,664,566,2099,0.454,14,911.05
2024-07-16,Paid Search,Tablet,106,81,326,0.403,4,281.99
2024-07-16,Referral,Desktop,167,133,448,0.358,5,424.5
2024-07-16,Referral,Mobile,206,165,597,0.502,4,244.64
2024-07-16,Referral,Tablet,33,26,63,0.358,1,80.77
2024-07-16,Social,Desktop,395,310,1239,0.341,6,357.54
2024-07-16,Social,Mobile,487,395,1509,0.404,5,422.33
2024-07-16,Social,Tablet,67,50,199,0.352,1,53.19
2024-07-17,Direct,Desktop,601,451,1142,0.336,18,1475.17
2024-07-17,Direct,Mobile,629,487,1442,0.447,15,1125.43
2024-07-17,Direct,Tablet,116,90,210,0.395,3,150.26
2024-07-17,Email,Desktop,225,178,459,0.356,12,981.27
2024-07-17,Email,Mobile,224,173,588,0.44,7,507.15
2024-07-17,Email,Tablet,33,27,66,0.362,1,52.99
2024-07-17,Organic Search,Desktop,906,765,2752,0.394,25,1734.58
2024-07-17,Organic Search,Mobile,976,768,1993,0.427,16,1299.76
2024-07-17,Organic Search,Tablet,176,134,527,0.348,4,279.56
2024-07-17,Paid Search,Desktop,551,456,1665,0.33,27,1978.72
2024-07-17,Paid Search,Mobile,581,446,1772,0.419,17,1382.88
2024-07-17,Paid Search,Tablet,83,63,176,0.403,3,175.91
2024-07-17,Referral,Desktop,160,135,350,0.357,6,520.73
2024-07-17,Referral,Mobile,190,144,367,0.461,3,196.66
2024-07-17,Referral,Tablet,29,24,60,0.408,1,71.33
2024-07-17,Social,Desktop,365,271,768,0.314,6,430.91
2024-07-17,Social,Mobile,547,458,1273,0.454,5,293.14
2024-07-17,Social,Tablet,77,61,217,0.392,1,60.49
2024-07-18,Direct,Desktop,552,412,1161,0.329,16,1078.62
2024-07-18,Direct,Mobile,717,611,1867,0.449,16,1110.88
2024-07-18,Direct,Tablet,92,78,227,0.333,2,132.02
2024-07-18,Email,Desktop,179,146,328,0.355,9,456.94
2024-07-18,Email,Mobile,209,173,500,0.498,7,354.74
2024-07-18,Email,Tablet,33,26,97,0.408,1,48.96
2024-07-18,Organic Search,Desktop,828,689,2100,0.302,23,1661.93
2024-07-18,Organic Search,Mobile,1106,876,2471,0.436,16,805.57
2024-07-18,Organic Search,Tablet,190,143,432,0.406,4,262.29
2024-07-18,Paid Search,Desktop,429,354,839,0.301,15,1267.34
2024-07-18,Paid Search,Mobile,583,435,1738,0.42,15,860.11
2024-07-18,Paid Search,Tablet,94,72,186,0.32,3,155.4
2024-07-18,Referral,Desktop,165,138,486,0.403,5,433.22
2024-07-18,Referral,Mobile,175,138,414,0.502,3,149.47
2024-07-18,Referral,Tablet,28,21,72,0.369,1,61.75
2024-07-18,Social,Desktop,449,375,1050,0.318,5,300.9
2024-07-18,Social,Mobile,463,365,1267,0.468,4,253.6
2024-07-18,Social,Tablet,80,65,196,0.362,1,56.04
2024-07-19,Direct,Desktop,521,402,1063,0.337,20,1293.88
2024-07-19,Direct,Mobile,599,446,1709,0.517,11,646.73
2024-07-19,Direct,Tablet,110,88,201,0.346,3,150.7
2024-07-19,Email,Desktop,188,148,534,0.324,10,812.18
2024-07-19,Email,Mobile,220,166,540,0.458,6,444.23
2024-07-19,Email,Tablet,33,27,75,0.305,1,51.98
2024-07-19,Organic Search,Desktop,990,757,2513,0.3,23,1720.59
2024-07-19,Organic Search,Mobile,976,767,2384,0.474,14,713.28
2024-07-19,Organic Search,Tablet,182,136,343,0.365,4,192.75
2024-07-19,Paid Search,Desktop,424,360,1307,0.41,18,1214.48
2024-07-19,Paid Search,Mobile,589,496,1597,0.497,16,1339.2
2024-07-19,Paid Search,Tablet,95,79,215,0.314,3,165.12
2024-07-19,Referral,Desktop,177,135,395,0.341,5,255.13
2024-07-19,Referral,Mobile,216,166,554,0.403,4,307.88
2024-07-19,Referral,Tablet,34,28,88,0.365,1,60.4
2024-07-19,Social,Desktop,400,334,1025,0.371,5,321.6
2024-07-19,Social,Mobile,538,453,1584,0.407,5,422.95
2024-07-19,Social,Tablet,67,52,156,0.374,1,49.98
2024-07-20,Direct,Desktop,471,363,904,0.334,14,1128.76
2024-07-20,Direct,Mobile,580,453,1611,0.425,10,860.15
2024-07-20,Direct,Tablet,74,61,137,0.417,2,163.83
2024-07-20,Email,Desktop,179,149,398,0.391,8,542.57
2024-07-20,Email,Mobile,202,159,621,0.477,7,448.37
2024-07-20,Email,Tablet,28,23,86,0.398,1,48.99
2024-07-20,Organic Search,Desktop,765,579,1675,0.397,19,1057.97
2024-07-20,Organic Search,Mobile,866,685,1889,0.487,12,1020.15
2024-07-20,Organic Search,Tablet,137,104,291,0.381,2,154.33
2024-07-20,Paid Search,Desktop,372,284,842,0.371,15,1111.29
2024-07-20,Paid Search,Mobile,519,394,1441,0.489,15,1115.57
2024-07-20,Paid Search,Tablet,83,70,215,0.382,3,154.05
2024-07-20,Referral,Desktop,135,111,285,0.324,5,261.18
2024-07-20,Referral,Mobile,169,129,347,0.452,4,262.62
2024-07-20,Referral,Tablet,23,17,47,0.347,1,61.1
2024-07-20,Social,Desktop,363,293,718,0.391,6,324.82
2024-07-20,Social,Mobile,400,337,1046,0.409,4,267.89
2024-07-20,Social,Tablet,69,57,214,0.321,1,84.03
2024-07-21,Direct,Desktop,450,371,967,0.377,16,858.95
2024-07-21,Direct,Mobile,486,382,1552,0.496,12,970.12
2024-07-21,Direct,Tablet,92,73,176,0.368,3,248.42
2024-07-21,Email,Desktop,178,134,460,0.4,10,602.17
2024-07-21,Email,Mobile,180,152,454,0.496,6,377.15
2024-07-21,Email,Tablet,27,21,62,0.329,1,60.06
2024-07-21,Organic Search,Desktop,640,526,1834,0.314,15,772.2
2024-07-21,Organic Search,Mobile,823,662,2127,0.433,13,991.54
2024-07-21,Organic Search,Tablet,117,97,237,0.305,2,100.97
2024-07-21,Paid Search,Desktop,339,275,896,0.381,16,937.93
2024-07-21,Paid Search,Mobile,435,334,1013,0.428,13,971.35
2024-07-21,Paid Search,Tablet,75,60,230,0.358,2,136.75
2024-07-21,Referral,Desktop,126,94,331,0.417,4,236.97
2024-07-21,Referral,Mobile,162,122,401,0.401,3,149.09
2024-07-21,Referral,Tablet,23,19,54,0.302,1,57.07
2024-07-21,Social,Desktop,312,254,711,0.315,4,201.8
2024-07-21,Social,Mobile,341,284,937,0.422,3,208.02
2024-07-21,Social,Tablet,58,44,170,0.361,1,55.87
2024-07-22,Direct,Desktop,460,369,915,0.357,15,1181.03
2024-07-22,Direct,Mobile,546,420,1524,0.405,9,514.01
2024-07-22,Direct,Tablet,104,89,263,0.38,3,204.48
2024-07-22,Email,Desktop,180,153,453,0.381,9,613.0
2024-07-22,Email,Mobile,228,179,685,0.427,6,358.62
2024-07-22,Email,Tablet,39,32,102,0.319,2,123.43
2024-07-22,Organic Search,Desktop,848,694,2028,0.335,26,1995.76
2024-07-22,Organic Search,Mobile,1055,801,2004,0.467,14,1186.28
2024-07-22,Organic Search,Tablet,150,124,439,0.317,3,198.46
2024-07-22,Paid Search,Desktop,534,419,1114,0.307,24,2054.22
2024-07-22,Paid Search,Mobile,636,477,1441,0.463,15,1291.73
2024-07-22,Paid Search,Tablet,107,85,233,0.339,3,253.99
2024-07-22,Referral,Desktop,152,115,463,0.317,5,411.78
2024-07-22,Referral,Mobile,168,128,420,0.437,4,268.46
2024-07-22,Referral,Tablet,28,23,82,0.309,1,64.79
2024-07-22,Social,Desktop,441,328,1315,0.323,8,494.1
2024-07-22,Social,Mobile,434,345,1234,0.46,4,281.31
2024-07-22,Social,Tablet,85,69,224,0.413,1,60.31
2024-07-23,Direct,Desktop,616,496,1539,0.325,22,1210.59
2024-07-23,Direct,Mobile,705,547,2003,0.49,13,924.69
2024-07-23,Direct,Tablet,111,94,218,0.307,3,227.85
2024-07-23,Email,Desktop,184,141,577,0.315,8,408.39
2024-07-23,Email,Mobile,225,187,629,0.459,6,505.53
2024-07-23,Email,Tablet,38,30,90,0.324,2,142.91
2024-07-23,Organic Search,Desktop,847,704,2448,0.384,23,1459.21
2024-07-23,Organic Search,Mobile,1139,925,2532,0.484,17,843.92
2024-07-23,Organic Search,Tablet,148,123,435,0.411,3,147.47
2024-07-23,Paid Search,Desktop,463,367,1220,0.372,19,973.83
2024-07-23,Paid Search,Mobile,581,496,1145,0.494,14,920.47
2024-07-23,Paid Search,Tablet,81,69,256,0.344,3,159.77
2024-07-23,Referral,Desktop,149,123,273,0.326,5,350.41
2024-07-23,Referral,Mobile,169,145,514,0.444,3,182.52
2024-07-23,Referral,Tablet,32,24,94,0.372,1,50.57
2024-07-23,Social,Desktop,419,328,1271,0.319,5,337.0
2024-07-23,Social,Mobile,409,331,898,0.458,3,230.95
2024-07-23,Social,Tablet,75,56,227,0.411,1,55.78
2024-07-24,Direct,Desktop,515,408,1179,0.396,20,1468.83
2024-07-24,Direct,Mobile,663,559,1849,0.476,15,1180.48
2024-07-24,Direct,Tablet,100,82,298,0.369,3,201.65
2024-07-24,Email,Desktop,220,187,587,0.417,11,942.01
2024-07-24,Email,Mobile,243,187,583,0.475,8,423.42
2024-07-24,Email,Tablet,42,31,129,0.343,2,136.31
2024-07-24,Organic Search,Desktop,803,668,2043,0.328,20,1325.72
2024-07-24,Organic Search,Mobile,1204,979,3603,0.512,17,1445.31
2024-07-24,Organic Search,Tablet,196,166,531,0.42,3,249.29
2024-07-24,Paid Search,Desktop,490,376,1289,0.413,20,1024.31
2024-07-24,Paid Search,Mobile,505,380,1603,0.485,11,941.11
2024-07-24,Paid Search,Tablet,85,63,167,0.318,2,138.18
2024-07-24,Referral,Desktop,175,136,487,0.325,5,422.88
2024-07-24,Referral,Mobile,202,157,487,0.508,3,252.79
2024-07-24,Referral,Tablet,34,27,93,0.417,1,74.73
2024-07-24,Social,Desktop,446,354,886,0.377,7,466.53
2024-07-24,Social,Mobile,506,392,1214,0.423,5,345.38
2024-07-24,Social,Tablet,78,58,150,0.32,1,83.47
2024-07-25,Direct,Desktop,618,496,1314,0.363,25,1260.99
2024-07-25,Direct,Mobile,553,421,1213,0.519,13,853.46
2024-07-25,Direct,Tablet,104,83,312,0.305,3,258.73
2024-07-25,Email,Desktop,178,137,500,0.334,8,390.82
2024-07-25,Email,Mobile,228,181,460,0.41,7,572.98
2024-07-25,Email,Tablet,38,28,103,0.331,1,67.71
2024-07-25,Organic Search,Desktop,820,631,1900,0.309,25,1597.14
2024-07-25,Organic Search,Mobile,1110,871,2819,0.45,20,1122.54
2024-07-25,Organic Search,Tablet,153,119,416,0.391,3,185.2
2024-07-25,Paid Search,Desktop,533,415,1452,0.302,21,1112.17
2024-07-25,Paid Search,Mobile,574,425,1665,0.432,14,884.62
2024-07-25,Paid Search,Tablet,90,67,242,0.3,2,167.75
2024-07-25,Referral,Desktop,170,133,363,0.374,5,304.67
2024-07-25,Referral,Mobile,221,167,686,0.511,4,260.6
2024-07-25,Referral,Tablet,28,22,65,0.42,1,56.73
2024-07-25,Social,Desktop,369,281,966,0.388,5,422.27
2024-07-25,Social,Mobile,547,443,1182,0.457,4,249.85
2024-07-25,Social,Tablet,79,63,175,0.339,1,55.98
2024-07-26,Direct,Desktop,577,465,1076,0.384,24,1590.24
2024-07-26,Direct,Mobile,661,514,1281,0.454,15,1264.65
2024-07-26,Direct,Tablet,102,87,268,0.318,3,159.61
2024-07-26,Email,Desktop,180,144,469,0.356,10,639.06
2024-07-26,Email,Mobile,238,182,605,0.426,7,410.52
2024-07-26,Email,Tablet,39,32,100,0.354,2,126.09
2024-07-26,Organic Search,Desktop,1026,765,2760,0.383,31,1716.82
2024-07-26,Organic Search,Mobile,998,796,2791,0.489,18,1442.62
2024-07-26,Organic Search,Tablet,166,130,357,0.386,3,149.62
2024-07-26,Paid Search,Desktop,437,348,798,0.329,16,824.43
2024-07-26,Paid Search,Mobile,618,470,1651,0.448,17,828.12
2024-07-26,Paid Search,Tablet,98,78,208,0.389,3,183.51
2024-07-26,Referral,Desktop,142,110,402,0.41,5,244.6
2024-07-26,Referral,Mobile,186,152,492,0.452,4,202.45
2024-07-26,Referral,Tablet,29,22,82,0.367,1,70.71
2024-07-26,Social,Desktop,375,319,1086,0.304,5,245.25
2024-07-26,Social,Mobile,414,350,1101,0.4,3,172.89
2024-07-26,Social,Tablet,73,54,151,0.389,1,86.99
2024-07-27,Direct,Desktop,453,383,1380,0.382,16,1393.48
2024-07-27,Direct,Mobile,468,390,1448,0.462,9,507.83
2024-07-27,Direct,Tablet,92,71,198,0.363,2,133.91
2024-07-27,Email,Desktop,141,121,325,0.333,7,477.12
2024-07-27,Email,Mobile,189,150,545,0.46,6,516.13
2024-07-27,Email,Tablet,27,21,63,0.415,1,86.84
2024-07-27,Organic Search,Desktop,662,497,1730,0.397,20,1349.1
2024-07-27,Organic Search,Mobile,913,763,2825,0.481,15,1150.43
2024-07-27,Organic Search,Tablet,157,119,352,0.403,3,170.27
2024-07-27,Paid Search,Desktop,344,289,1038,0.379,17,1101.7
2024-07-27,Paid Search,Mobile,473,376,1009,0.485,13,1109.57
2024-07-27,Paid Search,Tablet,78,64,229,0.304,2,148.62
2024-07-27,Referral,Desktop,117,90,269,0.387,4,236.08
2024-07-27,Referral,Mobile,155,117,475,0.421,3,217.79
2024-07-27,Referral,Tablet,25,21,66,0.396,1,79.85
2024-07-27,Social,Desktop,310,243,909,0.414,5,316.34
2024-07-27,Social,Mobile,330,274,986,0.426,3,169.83
2024-07-27,Social,Tablet,56,47,107,0.37,1,73.62
2024-07-28,Direct,Desktop,394,326,953,0.309,11,633.1
2024-07-28,Direct,Mobile,448,347,820,0.404,8,678.6
2024-07-28,Direct,Tablet,85,72,210,0.382,2,118.09
2024-07-28,Email,Desktop,166,126,473,0.383,8,402.63
2024-07-28,Email,Mobile,214,167,390,0.49,6,476.96
2024-07-28,Email,Tablet,28,21,73,0.312,1,65.76
2024-07-28,Organic Search,Desktop,623,504,1856,0.3,15,975.06
2024-07-28,Organic Search,Mobile,780,603,2217,0.5,13,1060.41
2024-07-28,Organic Search,Tablet,131,108,275,0.324,2,119.99
2024-07-28,Paid Search,Desktop,354,266,946,0.357,14,1125.46
2024-07-28,Paid Search,Mobile,523,418,986,0.506,13,812.88
2024-07-28,Paid Search,Tablet,76,65,222,0.357,3,150.86
2024-07-28,Referral,Desktop,122,102,362,0.403,3,228.07
2024-07-28,Referral,Mobile,147,115,418,0.455,3,145.45
2024-07-28,Referral,Tablet,26,20,76,0.409,1,85.06
2024-07-28,Social,Desktop,315,257,973,0.379,5,347.13
2024-07-28,Social,Mobile,384,311,927,0.457,3,154.47
2024-07-28,Social,Tablet,55,45,171,0.33,1,70.61
2024-07-29,Direct,Desktop,546,409,1536,0.407,17,1078.31
2024-07-29,Direct,Mobile,689,525,2123,0.454,14,779.63
2024-07-29,Direct,Tablet,105,88,193,0.42,3,210.06
2024-07-29,Email,Desktop,173,145,517,0.384,9,526.64
2024-07-29,Email,Mobile,228,179,561,0.485,7,524.43
2024-07-29,Email,Tablet,42,36,133,0.413,2,130.66
2024-07-29,Organic Search,Desktop,1024,788,1948,0.397,31,2369.24
2024-07-29,Organic Search,Mobile,1160,866,2629,0.496,16,1250.01
2024-07-29,Organic Search,Tablet,159,137,292,0.32,3,167.8
2024-07-29,Paid Search,Desktop,529,402,961,0.393,26,2272.02
2024-07-29,Paid Search,Mobile,621,524,1845,0.411,18,1384.41
2024-07-29,Paid Search,Tablet,108,81,258,0.412,3,252.46
2024-07-29,Referral,Desktop,173,135,445,0.359,6,302.9
2024-07-29,Referral,Mobile,180,137,527,0.484,4,303.16
2024-07-29,Referral,Tablet,27,21,74,0.348,1,69.01
2024-07-29,Social,Desktop,457,376,1152,0.322,6,527.8
2024-07-29,Social,Mobile,484,397,963,0.468,5,260.25
2024-07-29,Social,Tablet,74,59,190,0.41,1,66.19
2024-07-30,Direct,Desktop,522,419,1494,0.328,18,1037.64
2024-07-30,Direct,Mobile,669,563,1816,0.421,17,1035.76
2024-07-30,Direct,Tablet,117,90,337,0.37,3,238.79
2024-07-30,Email,Desktop,192,150,589,0.353,11,546.09
2024-07-30,Email,Mobile,222,175,547,0.469,6,311.03
2024-07-30,Email,Tablet,33,26,96,0.398,1,87.25
2024-07-30,Organic Search,Desktop,920,712,1669,0.413,29,1451.66
2024-07-30,Organic Search,Mobile,1185,974,3770,0.419,20,1615.38
2024-07-30,Organic Search,Tablet,166,131,401,0.412,3,223.26
2024-07-30,Paid Search,Desktop,499,389,1472,0.309,18,1214.08
2024-07-30,Paid Search,Mobile,672,570,1305,0.419,19,1070.32
2024-07-30,Paid Search,Tablet,88,65,184,0.417,3,219.54
2024-07-30,Referral,Desktop,172,134,440,0.409,6,440.16
2024-07-30,Referral,Mobile,168,136,370,0.518,4,236.72
2024-07-30,Referral,Tablet,30,26,94,0.332,1,54.01
2024-07-30,Social,Desktop,428,366,981,0.368,8,659.37
2024-07-30,Social,Mobile,465,371,1236,0.473,4,213.71
2024-07-30,Social,Tablet,78,61,219,0.403,1,50.32
2024-07-31,Direct,Desktop,617,477,1961,0.333,25,1560.27
2024-07-31,Direct,Mobile,613,478,1362,0.517,14,925.13
2024-07-31,Direct,Tablet,117,88,367,0.322,3,208.65
2024-07-31,Email,Desktop,200,169,596,0.38,9,551.84
2024-07-31,Email,Mobile,227,181,433,0.493,7,553.66
2024-07-31,Email,Tablet,36,30,69,0.325,1,85.42
2024-07-31,Organic Search,Desktop,1033,821,2681,0.391,25,1417.23
2024-07-31,Organic Search,Mobile,940,712,2977,0.432,14,715.57
2024-07-31,Organic Search,Tablet,181,135,562,0.407,3,232.34
2024-07-31,Paid Search,Desktop,431,349,1318,0.413,18,971.99
2024-07-31,Paid Search,Mobile,604,507,1486,0.472,14,791.08
2024-07-31,Paid Search,Tablet,103,79,301,0.344,3,174.53
2024-07-31,Referral,Desktop,162,138,335,0.381,5,277.1
2024-07-31,Referral,Mobile,170,135,396,0.432,3,221.24
2024-07-31,Referral,Tablet,33,27,100,0.409,1,51.01
2024-07-31,Social,Desktop,423,322,1068,0.365,7,479.53
2024-07-31,Social,Mobile,489,418,1291,0.46,5,391.56
2024-07-31,Social,Tablet,87,67,180,0.332,1,54.8
2024-08-01,Direct,Desktop,474,366,1258,0.345,15,1188.81
2024-08-01,Direct,Mobile,678,520,1935,0.509,16,1008.76
2024-08-01,Direct,Tablet,88,75,184,0.322,2,116.55
2024-08-01,Email,Desktop,221,186,578,0.404,11,850.85
2024-08-01,Email,Mobile,256,201,638,0.501,8,619.34
2024-08-01,Email,Tablet,41,33,105,0.303,2,146.84
2024-08-01,Organic Search,Desktop,843,690,1872,0.333,21,1333.5
2024-08-01,Organic Search,Mobile,1144,929,2129,0.512,15,906.36
2024-08-01,Organic Search,Tablet,177,132,556,0.414,3,258.99
2024-08-01,Paid Search,Desktop,481,395,1229,0.375,18,1244.6
2024-08-01,Paid Search,Mobile,639,540,1467,0.459,17,1053.12
2024-08-01,Paid Search,Tablet,103,89,196,0.338,3,217.77
2024-08-01,Referral,Desktop,149,126,456,0.345,5,244.72
2024-08-01,Referral,Mobile,215,169,409,0.506,5,369.83
2024-08-01,Referral,Tablet,31,23,75,0.346,1,58.51
2024-08-01,Social,Desktop,426,359,1049,0.316,8,516.34
2024-08-01,Social,Mobile,448,380,959,0.491,4,239.57
2024-08-01,Social,Tablet,69,57,199,0.351,1,76.45
2024-08-02,Direct,Desktop,477,400,1441,0.37,15,1212.61
2024-08-02,Direct,Mobile,692,519,2007,0.426,15,1081.01
2024-08-02,Direct,Tablet,97,74,182,0.391,3,160.54
2024-08-02,Email,Desktop,176,144,476,0.386,11,966.79
2024-08-02,Email,Mobile,215,166,592,0.474,6,355.28
2024-08-02,Email,Tablet,34,27,90,0.311,1,60.52
2024-08-02,Organic Search,Desktop,938,705,2236,0.373,27,1387.49
2024-08-02,Organic Search,Mobile,927,738,2851,0.456,17,859.32
2024-08-02,Organic Search,Tablet,163,129,366,0.334,3,228.09
2024-08-02,Paid Search,Desktop,492,369,1386,0.365,19,1610.24
2024-08-02,Paid Search,Mobile,535,415,1571,0.407,16,1262.11
2024-08-02,Paid Search,Tablet,80,64,199,0.374,2,155.12
2024-08-02,Referral,Desktop,182,137,473,0.382,6,435.12
2024-08-02,Referral,Mobile,219,186,576,0.505,5,259.51
2024-08-02,Referral,Tablet,29,24,61,0.367,1,53.64
2024-08-02,Social,Desktop,367,273,849,0.391,6,362.23
2024-08-02,Social,Mobile,480,389,904,0.448,5,321.15
2024-08-02,Social,Tablet,89,69,214,0.324,1,84.73
2024-08-03,Direct,Desktop,471,393,1447,0.396,18,1545.68
2024-08-03,Direct,Mobile,538,416,1266,0.479,11,787.32
2024-08-03,Direct,Tablet,93,78,243,0.344,2,112.03
2024-08-03,Email,Desktop,167,142,466,0.32,10,731.54
2024-08-03,Email,Mobile,171,136,457,0.442,5,420.71
2024-08-03,Email,Tablet,32,26,73,0.349,1,55.55
2024-08-03,Organic Search,Desktop,728,549,1729,0.344,16,1029.98
2024-08-03,Organic Search,Mobile,792,656,2345,0.402,14,801.94
2024-08-03,Organic Search,Tablet,155,125,463,0.4,3,225.31
2024-08-03,Paid Search,Desktop,356,302,817,0.355,17,1008.23
2024-08-03,Paid Search,Mobile,436,372,992,0.474,10,827.39
2024-08-03,Paid Search,Tablet,82,68,235,0.316,2,114.49
2024-08-03,Referral,Desktop,120,101,258,0.306,4,269.06
2024-08-03,Referral,Mobile,161,122,395,0.52,4,255.3
2024-08-03,Referral,Tablet,22,17,62,0.356,0,0.0
2024-08-03,Social,Desktop,327,267,978,0.362,6,454.87
2024-08-03,Social,Mobile,346,269,728,0.433,4,263.97
2024-08-03,Social,Tablet,69,52,200,0.408,1,59.81
2024-08-04,Direct,Desktop,403,309,1182,0.314,14,1106.29
2024-08-04,Direct,Mobile,514,415,1244,0.432,10,534.05
2024-08-04,Direct,Tablet,83,65,168,0.326,2,160.34
2024-08-04,Email,Desktop,182,143,570,0.377,8,478.68
2024-08-04,Email,Mobile,206,153,555,0.507,5,421.44
2024-08-04,Email,Tablet,33,26,84,0.318,1,55.7
2024-08-04,Organic Search,Desktop,625,512,1727,0.408,16,1200.81
2024-08-04,Organic Search,Mobile,817,621,1555,0.47,15,760.23
2024-08-04,Organic Search,Tablet,121,103,261,0.335,2,161.36
2024-08-04,Paid Search,Desktop,360,303,1150,0.353,18,1425.07
2024-08-04,Paid Search,Mobile,442,364,1357,0.489,10,829.98
2024-08-04,Paid Search,Tablet,78,62,199,0.351,2,122.46
2024-08-04,Referral,Desktop,141,117,445,0.327,5,429.42
2024-08-04,Referral,Mobile,166,142,310,0.429,3,256.15
2024-08-04,Referral,Tablet,26,19,55,0.384,1,58.03
2024-08-04,Social,Desktop,294,222,643,0.36,4,269.42
2024-08-04,Social,Mobile,363,294,791,0.43,4,202.31
2024-08-04,Social,Tablet,59,46,187,0.391,1,49.72
2024-08-05,Direct,Desktop,468,355,1014,0.312,15,1027.17
2024-08-05,Direct,Mobile,554,420,1102,0.51,13,951.15
2024-08-05,Direct,Tablet,105,83,282,0.404,3,206.54
2024-08-05,Email,Desktop,174,140,424,0.35,8,583.87
2024-08-05,Email,Mobile,217,165,686,0.496,6,423.03
2024-08-05,Email,Tablet,38,29,106,0.321,1,48.11
2024-08-05,Organic Search,Desktop,788,659,1564,0.402,18,1009.18
2024-08-05,Organic Search,Mobile,1038,860,2640,0.5,14,1202.8
2024-08-05,Organic Search,Tablet,186,159,341,0.349,3,262.39
2024-08-05,Paid Search,Desktop,519,422,1569,0.367,24,1822.84
2024-08-05,Paid Search,Mobile,677,574,1960,0.473,20,1444.41
2024-08-05,Paid Search,Tablet,108,84,265,0.348,3,182.86
2024-08-05,Referral,Desktop,149,125,442,0.383,5,284.29
2024-08-05,Referral,Mobile,198,147,507,0.504,3,241.8
2024-08-05,Referral,Tablet,33,28,78,0.32,1,74.01
2024-08-05,Social,Desktop,437,373,1120,0.351,7,428.13
2024-08-05,Social,Mobile,474,373,1024,0.487,4,332.11
2024-08-05,Social,Tablet,82,62,236,0.388,1,81.27
2024-08-06,Direct,Desktop,575,461,1463,0.357,16,1239.03
2024-08-06,Direct,Mobile,559,428,1152,0.476,10,718.68
2024-08-06,Direct,Tablet,106,80,286,0.38,3,255.85
2024-08-06,Email,Desktop,175,139,540,0.32,9,581.79
2024-08-06,Email,Mobile,246,184,785,0.431,7,603.27
2024-08-06,Email,Tablet,42,35,89,0.393,2,127.37
2024-08-06,Organic Search,Desktop,802,602,2202,0.372,25,1323.49
2024-08-06,Organic Search,Mobile,938,749,2314,0.43,17,1303.1
2024-08-06,Organic Search,Tablet,150,117,404,0.312,3,257.99
2024-08-06,Paid Search,Desktop,483,378,1210,0.32,20,1039.44
2024-08-06,Paid Search,Mobile,580,488,1305,0.418,13,957.29
2024-08-06,Paid Search,Tablet,100,74,239,0.34,3,149.43
2024-08-06,Referral,Desktop,166,125,479,0.348,6,369.12
2024-08-06,Referral,Mobile,186,158,407,0.509,3,219.43
2024-08-06,Referral,Tablet,28,21,73,0.353,1,54.77
2024-08-06,Social,Desktop,467,368,854,0.411,7,366.94
2024-08-06,Social,Mobile,457,361,1387,0.424,4,346.98
2024-08-06,Social,Tablet,79,65,207,0.387,1,73.12
2024-08-07,Direct,Desktop,621,524,1174,0.34,20,1038.74
2024-08-07,Direct,Mobile,646,506,1743,0.4,16,1142.33
2024-08-07,Direct,Tablet,110,88,331,0.301,2,102.38
2024-08-07,Email,Desktop,227,182,467,0.355,13,629.59
2024-08-07,Email,Mobile,209,174,513,0.415,6,514.56
2024-08-07,Email,Tablet,34,26,89,0.309,1,82.93
2024-08-07,Organic Search,Desktop,801,625,2522,0.402,22,1685.61
2024-08-07,Organic Search,Mobile,948,783,1821,0.493,13,1054.26
2024-08-07,Organic Search,Tablet,169,139,472,0.357,4,294.12
2024-08-07,Paid Search,Desktop,430,358,1233,0.356,17,1377.45
2024-08-07,Paid Search,Mobile,624,495,1990,0.462,16,1100.28
2024-08-07,Paid Search,Tablet,99,77,296,0.398,3,203.35
2024-08-07,Referral,Desktop,159,131,482,0.419,5,365.37
2024-08-07,Referral,Mobile,202,158,573,0.418,3,212.55
2024-08-07,Referral,Tablet,34,26,84,0.402,1,64.47
2024-08-07,Social,Desktop,362,270,726,0.324,5,296.52
2024-08-07,Social,Mobile,488,373,1251,0.406,4,281.59
2024-08-07,Social,Tablet,72,60,176,0.39,1,53.55
2024-08-08,Direct,Desktop,596,509,1796,0.394,22,1385.97
2024-08-08,Direct,Mobile,623,506,1740,0.435,12,879.38
2024-08-08,Direct,Tablet,96,81,195,0.336,2,138.54
2024-08-08,Email,Desktop,221,178,698,0.303,9,624.89
2024-08-08,Email,Mobile,270,209,528,0.46,8,699.76
2024-08-08,Email,Tablet,36,30,83,0.35,1,78.98
2024-08-08,Organic Search,Desktop,989,757,2116,0.32,22,1520.09
2024-08-08,Organic Search,Mobile,1185,981,3520,0.41,18,1450.57
2024-08-08,Organic Search,Tablet,157,116,342,0.329,2,128.2
2024-08-08,Paid Search,Desktop,440,334,898,0.326,22,1363.39
2024-08-08,Paid Search,Mobile,625,508,1974,0.453,18,1131.67
2024-08-08,Paid Search,Tablet,94,72,271,0.364,3,157.08
2024-08-08,Referral,Desktop,155,124,349,0.32,6,457.24
2024-08-08,Referral,Mobile,202,157,614,0.47,4,317.85
2024-08-08,Referral,Tablet,30,22,63,0.374,1,76.93
2024-08-08,Social,Desktop,459,379,967,0.304,8,682.89
2024-08-08,Social,Mobile,460,374,914,0.4,4,193.48
2024-08-08,Social,Tablet,85,69,192,0.34,1,70.98
2024-08-09,Direct,Desktop,619,465,1960,0.347,21,1612.44
2024-08-09,Direct,Mobile,721,538,2104,0.404,13,1094.53
2024-08-09,Direct,Tablet,102,78,204,0.351,3,189.51
2024-08-09,Email,Desktop,176,145,409,0.365,10,695.86
2024-08-09,Email,Mobile,218,183,441,0.476,8,675.7
2024-08-09,Email,Tablet,43,34,109,0.363,2,146.92
2024-08-09,Organic Search,Desktop,775,643,2231,0.416,21,1173.72
2024-08-09,Organic Search,Mobile,1037,799,2810,0.443,17,882.25
2024-08-09,Organic Search,Tablet,163,127,446,0.4,4,209.93
2024-08-09,Paid Search,Desktop,477,387,1519,0.411,19,1601.38
2024-08-09,Paid Search,Mobile,656,523,1258,0.474,16,1050.65
2024-08-09,Paid Search,Tablet,102,87,293,0.382,3,167.7
2024-08-09,Referral,Desktop,141,114,329,0.321,5,260.26
2024-08-09,Referral,Mobile,217,169,477,0.456,5,255.21
2024-08-09,Referral,Tablet,29,24,74,0.408,1,50.67
2024-08-09,Social,Desktop,376,291,985,0.374,5,273.62
2024-08-09,Social,Mobile,446,348,1389,0.445,3,191.78
2024-08-09,Social,Tablet,67,50,189,0.349,1,68.27
2024-08-10,Direct,Desktop,487,410,1290,0.319,16,801.77
2024-08-10,Direct,Mobile,575,468,1383,0.463,14,1033.16
2024-08-10,Direct,Tablet,91,77,263,0.337,2,165.63
2024-08-10,Email,Desktop,148,125,302,0.303,7,510.12
2024-08-10,Email,Mobile,204,166,613,0.451,6,496.54
2024-08-10,Email,Tablet,32,24,80,0.314,1,51.83
2024-08-10,Organic Search,Desktop,801,611,1581,0.326,24,1384.2
2024-08-10,Organic Search,Mobile,892,679,2039,0.41,16,1086.1
2024-08-10,Organic Search,Tablet,123,99,306,0.361,2,120.64
2024-08-10,Paid Search,Desktop,406,309,876,0.364,19,1418.87
2024-08-10,Paid Search,Mobile,518,437,1492,0.459,11,950.47
2024-08-10,Paid Search,Tablet,72,59,199,0.402,2,160.81
2024-08-10,Referral,Desktop,139,119,294,0.378,4,315.24
2024-08-10,Referral,Mobile,150,114,472,0.463,3,210.0
2024-08-10,Referral,Tablet,22,17,56,0.338,0,0.0
2024-08-10,Social,Desktop,316,238,619,0.373,4,263.63
2024-08-10,Social,Mobile,387,323,752,0.427,4,194.88
2024-08-10,Social,Tablet,61,52,120,0.307,1,53.03
2024-08-11,Direct,Desktop,389,334,709,0.412,13,679.99
2024-08-11,Direct,Mobile,577,494,1427,0.464,11,571.98
2024-08-11,Direct,Tablet,89,69,191,0.33,2,154.19
2024-08-11,Email,Desktop,146,113,275,0.302,7,351.6
2024-08-11,Email,Mobile,198,167,589,0.48,6,450.7
2024-08-11,Email,Tablet,29,23,71,0.351,1,75.04
2024-08-11,Organic Search,Desktop,807,598,2085,0.314,22,1443.89
2024-08-11,Organic Search,Mobile,845,690,2212,0.491,15,1246.53
2024-08-11,Organic Search,Tablet,151,115,349,0.308,3,151.32
2024-08-11,Paid Search,Desktop,427,341,1244,0.32,18,1051.45
2024-08-11,Paid Search,Mobile,474,375,1120,0.512,14,1112.89
2024-08-11,Paid Search,Tablet,67,57,131,0.309,2,152.05
2024-08-11,Referral,Desktop,115,89,248,0.308,3,196.2
2024-08-11,Referral,Mobile,152,128,481,0.401,3,202.83
2024-08-11,Referral,Tablet,24,18,46,0.343,1,82.21
2024-08-11,Social,Desktop,297,224,841,0.415,4,342.83
2024-08-11,Social,Mobile,380,320,1173,0.439,3,210.97
2024-08-11,Social,Tablet,62,48,171,0.304,1,75.85
2024-08-12,Direct,Desktop,487,414,1556,0.362,20,1564.11
2024-08-12,Direct,Mobile,723,562,1805,0.412,18,933.45
2024-08-12,Direct,Tablet,91,69,260,0.397,2,167.78
2024-08-12,Email,Desktop,210,171,539,0.355,10,743.05
2024-08-12,Email,Mobile,210,156,459,0.501,5,385.72
2024-08-12,Email,Tablet,38,30,100,0.413,2,123.85
2024-08-12,Organic Search,Desktop,929,717,2202,0.379,24,1266.57
2024-08-12,Organic Search,Mobile,1002,794,2621,0.417,14,985.92
2024-08-12,Organic Search,Tablet,180,137,498,0.325,4,288.17
2024-08-12,Paid Search,Desktop,457,361,1380,0.389,16,959.4
2024-08-12,Paid Search,Mobile,600,453,1844,0.474,17,986.16
2024-08-12,Paid Search,Tablet,100,77,261,0.402,3,177.56
2024-08-12,Referral,Desktop,142,120,308,0.346,4,235.1
2024-08-12,Referral,Mobile,192,161,470,0.413,3,148.32
2024-08-12,Referral,Tablet,28,24,62,0.37,1,64.5
2024-08-12,Social,Desktop,461,364,1189,0.345,6,380.37
2024-08-12,Social,Mobile,414,350,1113,0.507,4,246.78
2024-08-12,Social,Tablet,80,65,174,0.366,1,84.0
2024-08-13,Direct,Desktop,555,450,1066,0.349,21,1522.8
2024-08-13,Direct,Mobile,629,488,1682,0.466,16,1278.12
2024-08-13,Direct,Tablet,93,75,252,0.301,3,242.69
2024-08-13,Email,Desktop,215,159,618,0.305,11,964.22
2024-08-13,Email,Mobile,233,175,707,0.429,7,580.44
2024-08-13,Email,Tablet,41,32,123,0.318,1,64.11
2024-08-13,Organic Search,Desktop,1036,856,2627,0.403,31,1513.23
2024-08-13,Organic Search,Mobile,1050,837,2980,0.453,16,1238.12
2024-08-13,Organic Search,Tablet,181,154,388,0.361,4,240.73
2024-08-13,Paid Search,Desktop,530,408,1049,0.414,19,1500.71
2024-08-13,Paid Search,Mobile,545,413,1030,0.433,15,1250.51
2024-08-13,Paid Search,Tablet,105,79,268,0.339,3,224.91
2024-08-13,Referral,Desktop,152,130,348,0.356,5,252.52
2024-08-13,Referral,Mobile,200,164,371,0.465,4,192.6
2024-08-13,Referral,Tablet,31,26,76,0.41,1,69.32
2024-08-13,Social,Desktop,432,349,1172,0.384,6,413.87
2024-08-13,Social,Mobile,500,388,1022,0.479,4,214.86
2024-08-13,Social,Tablet,71,57,148,0.379,1,87.89
2024-08-14,Direct,Desktop,568,451,1225,0.372,20,1668.58
2024-08-14,Direct,Mobile,736,551,1969,0.482,13,1117.14
2024-08-14,Direct,Tablet,112,84,307,0.317,3,165.08
2024-08-14,Email,Desktop,171,130,546,0.371,9,578.28
2024-08-14,Email,Mobile,206,156,520,0.44,7,577.24
2024-08-14,Email,Tablet,43,36,102,0.395,2,157.35
2024-08-14,Organic Search,Desktop,849,685,1942,0.325,20,1688.35
2024-08-14,Organic Search,Mobile,1245,1030,3490,0.499,20,1106.96
2024-08-14,Organic Search,Tablet,198,151,384,0.352,3,234.68
2024-08-14,Paid Search,Desktop,441,371,1209,0.379,19,1175.54
2024-08-14,Paid Search,Mobile,650,553,1297,0.489,14,741.34
2024-08-14,Paid Search,Tablet,101,76,265,0.304,3,249.34
2024-08-14,Referral,Desktop,149,114,351,0.323,5,427.85
2024-08-14,Referral,Mobile,180,136,438,0.513,4,239.77
2024-08-14,Referral,Tablet,34,26,93,0.337,1,53.13
2024-08-14,Social,Desktop,368,310,1157,0.301,6,488.01
2024-08-14,Social,Mobile,428,319,860,0.432,4,269.57
2024-08-14,Social,Tablet,84,68,161,0.4,1,65.58
2024-08-15,Direct,Desktop,508,390,1402,0.308,20,1461.97
2024-08-15,Direct,Mobile,613,493,1877,0.406,15,928.18
2024-08-15,Direct,Tablet,115,88,249,0.4,3,254.67
2024-08-15,Email,Desktop,200,161,395,0.401,12,668.56
2024-08-15,Email,Mobile,206,156,471,0.41,5,324.51
2024-08-15,Email,Tablet,35,26,111,0.347,1,74.7
2024-08-15,Organic Search,Desktop,901,712,1643,0.382,27,2240.03
2024-08-15,Organic Search,Mobile,984,819,1783,0.417,15,777.61
2024-08-15,Organic Search,Tablet,160,135,489,0.353,3,252.1
2024-08-15,Paid Search,Desktop,486,377,1112,0.34,19,1092.11
2024-08-15,Paid Search,Mobile,660,489,1971,0.487,17,931.34
2024-08-15,Paid Search,Tablet,107,79,256,0.345,3,146.95
2024-08-15,Referral,Desktop,149,111,324,0.379,6,491.92
2024-08-15,Referral,Mobile,190,148,605,0.463,3,151.53
2024-08-15,Referral,Tablet,28,24,79,0.401,1,83.56
2024-08-15,Social,Desktop,427,355,892,0.332,5,309.35
2024-08-15,Social,Mobile,495,397,1426,0.451,4,215.08
2024-08-15,Social,Tablet,85,73,220,0.404,1,63.8
2024-08-16,Direct,Desktop,506,408,1485,0.419,20,1551.83
2024-08-16,Direct,Mobile,607,512,1164,0.439,12,782.86
2024-08-16,Direct,Tablet,92,71,220,0.337,3,173.98
2024-08-16,Email,Desktop,187,142,442,0.3,9,581.54
2024-08-16,Email,Mobile,261,197,488,0.421,9,569.2
2024-08-16,Email,Tablet,43,33,106,0.312,2,148.33
2024-08-16,Organic Search,Desktop,826,682,2463,0.346,18,1075.96
2024-08-16,Organic Search,Mobile,1209,907,2847,0.478,18,1410.71
2024-08-16,Organic Search,Tablet,160,124,333,0.376,4,225.22
2024-08-16,Paid Search,Desktop,476,389,909,0.326,19,1397.64
2024-08-16,Paid Search,Mobile,646,511,1995,0.406,19,1462.91
2024-08-16,Paid Search,Tablet,91,78,169,0.318,3,230.77
2024-08-16,Referral,Desktop,186,139,382,0.358,7,504.26
2024-08-16,Referral,Mobile,169,138,405,0.401,4,222.45
2024-08-16,Referral,Tablet,32,27,79,0.373,1,56.19
2024-08-16,Social,Desktop,404,332,1074,0.378,7,533.18
2024-08-16,Social,Mobile,416,354,1187,0.466,4,261.95
2024-08-16,Social,Tablet,69,53,191,0.306,1,59.52
2024-08-17,Direct,Desktop,453,363,1251,0.324,17,938.43
2024-08-17,Direct,Mobile,502,397,1104,0.485,10,618.66
2024-08-17,Direct,Tablet,73,61,197,0.406,2,116.11
2024-08-17,Email,Desktop,163,134,380,0.329,8,597.3
2024-08-17,Email,Mobile,186,146,430,0.413,6,458.84
2024-08-17,Email,Tablet,30,23,66,0.355,1,86.66
2024-08-17,Organic Search,Desktop,711,573,1851,0.352,17,1055.52
2024-08-17,Organic Search,Mobile,871,687,1673,0.414,13,899.22
2024-08-17,Organic Search,Tablet,135,106,371,0.371,3,217.54
2024-08-17,Paid Search,Desktop,391,301,902,0.343,16,1310.02
2024-08-17,Paid Search,Mobile,413,330,1031,0.413,11,707.92
2024-08-17,Paid Search,Tablet,79,61,152,0.408,2,112.71
2024-08-17,Referral,Desktop,130,106,360,0.344,4,305.33
2024-08-17,Referral,Mobile,179,151,450,0.48,3,237.31
2024-08-17,Referral,Tablet,28,22,77,0.305,1,63.26
2024-08-17,Social,Desktop,376,311,995,0.365,5,343.14
2024-08-17,Social,Mobile,346,258,980,0.471,3,262.55
2024-08-17,Social,Tablet,64,52,190,0.35,1,80.59
2024-08-18,Direct,Desktop,489,387,1193,0.306,19,1595.37
2024-08-18,Direct,Mobile,521,441,1583,0.452,12,642.38
2024-08-18,Direct,Tablet,84,65,169,0.312,2,147.93
2024-08-18,Email,Desktop,150,117,273,0.397,7,373.93
2024-08-18,Email,Mobile,174,147,503,0.437,6,437.17
2024-08-18,Email,Tablet,35,29,89,0.409,2,109.69
2024-08-18,Organic Search,Desktop,632,539,1221,0.358,14,965.21
2024-08-18,Organic Search,Mobile,760,643,2423,0.51,11,881.42
2024-08-18,Organic Search,Tablet,123,102,321,0.408,2,173.26
2024-08-18,Paid Search,Desktop,434,341,1233,0.418,15,1091.43
2024-08-18,Paid Search,Mobile,409,342,1117,0.509,11,637.62
2024-08-18,Paid Search,Tablet,85,65,193,0.419,3,221.67
2024-08-18,Referral,Desktop,134,107,273,0.303,4,303.58
2024-08-18,Referral,Mobile,140,120,447,0.402,3,200.95
2024-08-18,Referral,Tablet,23,20,66,0.378,1,80.32
2024-08-18,Social,Desktop,320,240,733,0.403,6,430.92
2024-08-18,Social,Mobile,349,269,667,0.422,4,336.04
2024-08-18,Social,Tablet,65,54,175,0.393,1,61.96
2024-08-19,Direct,Desktop,482,384,1316,0.35,19,1381.24
2024-08-19,Direct,Mobile,608,513,1625,0.42,11,540.6
2024-08-19,Direct,Tablet,117,97,298,0.306,3,186.82
2024-08-19,Email,Desktop,181,151,452,0.404,10,497.0
2024-08-19,Email,Mobile,223,178,643,0.487,7,398.23
2024-08-19,Email,Tablet,41,34,81,0.301,2,159.72
2024-08-19,Organic Search,Desktop,957,760,1886,0.32,28,1491.21
2024-08-19,Organic Search,Mobile,1033,847,1932,0.452,15,783.1
2024-08-19,Organic Search,Tablet,155,121,337,0.325,3,158.05
2024-08-19,Paid Search,Desktop,544,431,1166,0.383,19,1524.51
2024-08-19,Paid Search,Mobile,599,461,1809,0.466,16,918.51
2024-08-19,Paid Search,Tablet,86,70,267,0.326,3,186.25
2024-08-19,Referral,Desktop,173,140,455,0.318,6,345.79
2024-08-19,Referral,Mobile,216,185,406,0.48,5,309.29
2024-08-19,Referral,Tablet,36,30,75,0.402,1,61.76
2024-08-19,Social,Desktop,390,298,890,0.373,5,317.21
2024-08-19,Social,Mobile,556,478,1512,0.511,5,319.05
2024-08-19,Social,Tablet,70,60,173,0.382,1,86.97
2024-08-20,Direct,Desktop,617,459,1167,0.343,24,1562.41
2024-08-20,Direct,Mobile,570,476,1348,0.471,12,831.97
2024-08-20,Direct,Tablet,99,75,290,0.364,3,144.75
2024-08-20,Email,Desktop,189,159,427,0.393,11,836.71
2024-08-20,Email,Mobile,270,225,705,0.409,8,526.58
2024-08-20,Email,Tablet,34,27,73,0.366,1,69.27
2024-08-20,Organic Search,Desktop,964,772,2975,0.305,26,2114.04
2024-08-20,Organic Search,Mobile,1161,877,2678,0.485,15,1225.06
2024-08-20,Organic Search,Tablet,173,130,339,0.381,3,208.09
2024-08-20,Paid Search,Desktop,552,436,1646,0.406,23,1511.51
2024-08-20,Paid Search,Mobile,533,454,1056,0.416,14,698.88
2024-08-20,Paid Search,Tablet,105,85,210,0.31,3,218.1
2024-08-20,Referral,Desktop,141,113,437,0.381,4,259.35
2024-08-20,Referral,Mobile,208,156,664,0.434,4,226.44
2024-08-20,Referral,Tablet,34,27,106,0.303,1,80.34
2024-08-20,Social,Desktop,420,320,844,0.377,5,379.67
2024-08-20,Social,Mobile,432,342,779,0.518,3,171.14
2024-08-20,Social,Tablet,85,65,194,0.302,1,76.13
2024-08-21,Direct,Desktop,480,383,913,0.383,14,679.79
2024-08-21,Direct,Mobile,581,443,1628,0.42,12,1031.52
2024-08-21,Direct,Tablet,92,72,216,0.332,2,130.07
2024-08-21,Email,Desktop,224,182,619,0.395,12,789.0
2024-08-21,Email,Mobile,213,169,610,0.46,7,401.67
2024-08-21,Email,Tablet,33,25,95,0.324,1,48.61
2024-08-21,Organic Search,Desktop,890,668,2512,0.353,20,1184.5
2024-08-21,Organic Search,Mobile,1072,847,3255,0.499,16,1404.59
2024-08-21,Organic Search,Tablet,194,152,549,0.346,3,148.38
2024-08-21,Paid Search,Desktop,514,440,1264,0.341,21,1209.27
2024-08-21,Paid Search,Mobile,626,520,1156,0.506,15,1152.18
2024-08-21,Paid Search,Tablet,95,73,182,0.385,2,120.94
2024-08-21,Referral,Desktop,174,147,477,0.418,5,422.45
2024-08-21,Referral,Mobile,221,184,426,0.428,5,346.66
2024-08-21,Referral,Tablet,36,31,72,0.409,1,60.99
2024-08-21,Social,Desktop,415,308,857,0.336,6,524.8
2024-08-21,Social,Mobile,458,386,1365,0.408,4,343.74
2024-08-21,Social,Tablet,89,69,196,0.418,1,63.93
2024-08-22,Direct,Desktop,555,458,1447,0.353,16,977.94
2024-08-22,Direct,Mobile,658,519,1634,0.463,11,581.29
2024-08-22,Direct,Tablet,115,88,305,0.321,3,230.7
2024-08-22,Email,Desktop,222,168,577,0.367,13,1112.38
2024-08-22,Email,Mobile,269,215,630,0.516,8,456.36
2024-08-22,Email,Tablet,40,33,75,0.363,2,130.95
2024-08-22,Organic Search,Desktop,1040,852,1899,0.373,22,1661.84
2024-08-22,Organic Search,Mobile,1199,1028,3297,0.418,21,1580.47
2024-08-22,Organic Search,Tablet,182,152,582,0.393,3,246.29
2024-08-22,Paid Search,Desktop,532,403,1672,0.389,22,1540.39
2024-08-22,Paid Search,Mobile,559,467,1473,0.502,13,1111.18
2024-08-22,Paid Search,Tablet,83,62,162,0.321,2,143.93
2024-08-22,Referral,Desktop,175,143,405,0.337,5,391.82
2024-08-22,Referral,Mobile,189,162,511,0.439,4,313.2
2024-08-22,Referral,Tablet,31,26,63,0.373,1,68.31
2024-08-22,Social,Desktop,466,369,1285,0.359,8,389.31
2024-08-22,Social,Mobile,475,388,1076,0.413,5,328.93
2024-08-22,Social,Tablet,72,54,157,0.414,1,85.65
2024-08-23,Direct,Desktop,611,466,1387,0.411,24,1911.1
2024-08-23,Direct,Mobile,687,541,1958,0.456,14,747.94
2024-08-23,Direct,Tablet,103,84,315,0.355,2,134.31
2024-08-23,Email,Desktop,191,155,562,0.36,11,699.8
2024-08-23,Email,Mobile,228,176,511,0.459,6,358.56
2024-08-23,Email,Tablet,41,32,78,0.409,2,165.77
2024-08-23,Organic Search,Desktop,951,765,2182,0.393,23,1118.92
2024-08-23,Organic Search,Mobile,1010,867,1950,0.459,16,901.69
2024-08-23,Organic Search,Tablet,155,117,378,0.369,3,225.32
2024-08-23,Paid Search,Desktop,501,405,1457,0.37,23,1470.64
2024-08-23,Paid Search,Mobile,665,562,1934,0.515,19,1065.35
2024-08-23,Paid Search,Tablet,89,67,207,0.417,2,115.94
2024-08-23,Referral,Desktop,173,137,527,0.308,5,244.79
2024-08-23,Referral,Mobile,188,150,465,0.464,3,258.86
2024-08-23,Referral,Tablet,31,24,66,0.362,1,52.16
2024-08-23,Social,Desktop,449,339,1335,0.417,7,462.71
2024-08-23,Social,Mobile,512,382,1338,0.454,4,281.51
2024-08-23,Social,Tablet,90,68,190,0.417,1,51.92
2024-08-24,Direct,Desktop,380,282,754,0.348,12,724.94
2024-08-24,Direct,Mobile,518,420,1446,0.433,12,940.2
2024-08-24,Direct,Tablet,71,60,195,0.316,2,150.92
2024-08-24,Email,Desktop,166,135,490,0.404,10,687.25
2024-08-24,Email,Mobile,178,144,431,0.415,6,342.64
2024-08-24,Email,Tablet,27,21,73,0.335,1,67.61
2024-08-24,Organic Search,Desktop,815,620,1731,0.375,21,1735.18
2024-08-24,Organic Search,Mobile,773,621,1701,0.501,10,568.5
2024-08-24,Organic Search,Tablet,138,113,407,0.386,3,227.02
2024-08-24,Paid Search,Desktop,455,373,1284,0.388,18,959.84
2024-08-24,Paid Search,Mobile,418,325,1265,0.477,13,1100.3
2024-08-24,Paid Search,Tablet,81,61,229,0.339,3,249.15
2024-08-24,Referral,Desktop,118,89,328,0.374,3,249.78
2024-08-24,Referral,Mobile,157,123,482,0.472,2,114.86
2024-08-24,Referral,Tablet,23,18,55,0.337,1,67.76
2024-08-24,Social,Desktop,353,293,1069,0.397,6,433.6
2024-08-24,Social,Mobile,343,270,1064,0.499,3,214.19
2024-08-24,Social,Tablet,66,52,153,0.368,1,82.21
2024-08-25,Direct,Desktop,447,344,1104,0.355,16,1206.45
2024-08-25,Direct,Mobile,501,393,1583,0.44,9,623.68
2024-08-25,Direct,Tablet,93,77,201,0.396,3,205.04
2024-08-25,Email,Desktop,178,148,433,0.337,9,435.71
2024-08-25,Email,Mobile,202,150,499,0.417,5,386.07
2024-08-25,Email,Tablet,27,20,66,0.393,1,63.29
2024-08-25,Organic Search,Desktop,667,521,1959,0.384,18,921.89
2024-08-25,Organic Search,Mobile,949,795,2126,0.416,14,1136.74
2024-08-25,Organic Search,Tablet,132,100,321,0.416,2,108.93
2024-08-25,Paid Search,Desktop,416,357,1306,0.333,16,1292.52
2024-08-25,Paid Search,Mobile,444,362,967,0.453,12,634.86
2024-08-25,Paid Search,Tablet,72,54,159,0.324,3,250.64
2024-08-25,Referral,Desktop,151,129,362,0.349,4,197.2
2024-08-25,Referral,Mobile,159,127,426,0.498,3,198.76
2024-08-25,Referral,Tablet,28,23,57,0.357,1,75.34
2024-08-25,Social,Desktop,342,259,1025,0.384,5,390.7
2024-08-25,Social,Mobile,352,296,1041,0.432,4,346.83
2024-08-25,Social,Tablet,61,46,121,0.404,1,63.03
2024-08-26,Direct,Desktop,487,409,1447,0.343,17,1214.13
2024-08-26,Direct,Mobile,571,431,1430,0.469,12,750.69
2024-08-26,Direct,Tablet,111,91,253,0.314,3,188.83
2024-08-26,Email,Desktop,197,151,574,0.403,9,605.09
2024-08-26,Email,Mobile,262,219,792,0.516,9,596.66
2024-08-26,Email,Tablet,36,27,75,0.41,1,74.22
2024-08-26,Organic Search,Desktop,859,650,2590,0.379,25,1352.2
2024-08-26,Organic Search,Mobile,1211,971,2409,0.411,21,1050.97
2024-08-26,Organic Search,Tablet,170,141,510,0.361,3,184.67
2024-08-26,Paid Search,Desktop,464,379,1195,0.312,20,1413.31
2024-08-26,Paid Search,Mobile,568,433,1799,0.435,14,881.41
2024-08-26,Paid Search,Tablet,85,72,174,0.334,2,136.6
2024-08-26,Referral,Desktop,187,139,364,0.371,5,270.09
2024-08-26,Referral,Mobile,170,143,391,0.469,3,193.9
2024-08-26,Referral,Tablet,29,24,74,0.345,1,76.89
2024-08-26,Social,Desktop,377,309,814,0.406,6,354.13
2024-08-26,Social,Mobile,548,425,1677,0.437,5,316.83
2024-08-26,Social,Tablet,74,59,214,0.4,1,87.46
2024-08-27,Direct,Desktop,482,385,1331,0.312,14,894.06
2024-08-27,Direct,Mobile,582,475,1727,0.517,11,596.34
2024-08-27,Direct,Tablet,105,88,264,0.342,3,259.7
2024-08-27,Email,Desktop,230,180,459,0.367,11,708.59
2024-08-27,Email,Mobile,219,184,470,0.458,7,382.73
2024-08-27,Email,Tablet,40,32,99,0.348,1,60.76
2024-08-27,Organic Search,Desktop,795,674,2514,0.301,21,1681.93
2024-08-27,Organic Search,Mobile,974,725,2484,0.41,15,1315.12
2024-08-27,Organic Search,Tablet,199,167,596,0.375,4,274.08
2024-08-27,Paid Search,Desktop,514,414,949,0.347,26,1991.3
2024-08-27,Paid Search,Mobile,687,580,1416,0.461,14,678.01
2024-08-27,Paid Search,Tablet,85,72,252,0.355,3,172.19
2024-08-27,Referral,Desktop,168,141,397,0.387,5,381.41
2024-08-27,Referral,Mobile,213,178,649,0.508,3,239.09
2024-08-27,Referral,Tablet,30,23,86,0.367,1,49.74
2024-08-27,Social,Desktop,462,381,1127,0.365,8,449.4
2024-08-27,Social,Mobile,450,360,1327,0.407,4,325.81
2024-08-27,Social,Tablet,78,64,151,0.328,1,60.51
2024-08-28,Direct,Desktop,627,517,1431,0.402,18,1553.15
2024-08-28,Direct,Mobile,644,503,1868,0.48,15,1213.19
2024-08-28,Direct,Tablet,98,76,235,0.334,2,168.33
2024-08-28,Email,Desktop,223,169,645,0.331,11,779.11
2024-08-28,Email,Mobile,248,190,628,0.465,9,619.16
2024-08-28,Email,Tablet,35,26,88,0.31,1,81.39
2024-08-28,Organic Search,Desktop,973,721,3105,0.404,30,1850.88
2024-08-28,Organic Search,Mobile,977,829,1947,0.487,13,708.23
2024-08-28,Organic Search,Tablet,182,149,539,0.336,3,164.69
2024-08-28,Paid Search,Desktop,557,416,1129,0.35,20,1244.89
2024-08-28,Paid Search,Mobile,620,459,1235,0.482,15,1302.92
2024-08-28,Paid Search,Tablet,97,73,280,0.38,3,260.06
2024-08-28,Referral,Desktop,184,138,424,0.415,6,354.66
2024-08-28,Referral,Mobile,180,135,502,0.506,3,179.2
2024-08-28,Referral,Tablet,33,26,85,0.353,1,55.92
2024-08-28,Social,Desktop,397,313,1007,0.317,6,419.11
2024-08-28,Social,Mobile,464,373,1142,0.459,4,224.39
2024-08-28,Social,Tablet,67,57,154,0.382,1,50.0
2024-08-29,Direct,Desktop,624,511,1276,0.388,25,2179.93
2024-08-29,Direct,Mobile,624,515,1134,0.421,11,900.9
2024-08-29,Direct,Tablet,109,91,303,0.413,3,204.65
2024-08-29,Email,Desktop,197,146,522,0.363,10,854.67
2024-08-29,Email,Mobile,227,179,550,0.499,8,502.29
2024-08-29,Email,Tablet,43,34,78,0.309,2,163.64
2024-08-29,Organic Search,Desktop,966,826,2878,0.306,25,2009.98
2024-08-29,Organic Search,Mobile,1080,818,3262,0.443,15,1032.9
2024-08-29,Organic Search,Tablet,171,145,534,0.395,3,168.86
2024-08-29,Paid Search,Desktop,568,437,1502,0.389,25,1967.12
2024-08-29,Paid Search,Mobile,665,526,1658,0.503,15,808.67
2024-08-29,Paid Search,Tablet,91,71,268,0.391,3,155.35
2024-08-29,Referral,Desktop,181,148,477,0.326,5,368.33
2024-08-29,Referral,Mobile,175,149,514,0.403,3,198.43
2024-08-29,Referral,Tablet,33,27,64,0.389,1,69.13
2024-08-29,Social,Desktop,423,322,1148,0.316,6,473.26
2024-08-29,Social,Mobile,473,372,882,0.494,4,251.51
2024-08-29,Social,Tablet,70,58,152,0.319,1,85.87
2024-08-30,Direct,Desktop,490,400,1302,0.316,20,1547.23
2024-08-30,Direct,Mobile,745,610,1768,0.515,14,705.44
2024-08-30,Direct,Tablet,117,90,361,0.376,3,173.4
2024-08-30,Email,Desktop,184,157,422,0.305,9,733.84
2024-08-30,Email,Mobile,228,188,624,0.497,6,516.65
2024-08-30,Email,Tablet,42,36,97,0.418,2,168.39
2024-08-30,Organic Search,Desktop,1010,805,2520,0.32,24,1969.51
2024-08-30,Organic Search,Mobile,1202,1020,3291,0.408,19,1115.06
2024-08-30,Organic Search,Tablet,173,134,401,0.342,3,188.22
2024-08-30,Paid Search,Desktop,568,462,1201,0.327,20,1591.25
2024-08-30,Paid Search,Mobile,519,445,1229,0.403,13,1121.08
2024-08-30,Paid Search,Tablet,84,67,249,0.332,3,239.02
2024-08-30,Referral,Desktop,161,138,471,0.407,4,304.33
2024-08-30,Referral,Mobile,218,162,660,0.502,5,372.86
2024-08-30,Referral,Tablet,28,23,51,0.408,1,87.15
2024-08-30,Social,Desktop,414,338,1138,0.353,7,366.17
2024-08-30,Social,Mobile,439,377,1150,0.444,4,340.92
2024-08-30,Social,Tablet,90,67,175,0.313,1,54.08
2024-08-31,Direct,Desktop,407,346,934,0.359,15,742.56
2024-08-31,Direct,Mobile,552,447,1408,0.461,10,672.38
2024-08-31,Direct,Tablet,74,61,195,0.353,2,139.96
2024-08-31,Email,Desktop,139,119,401,0.342,6,376.22
2024-08-31,Email,Mobile,180,149,352,0.443,6,410.38
2024-08-31,Email,Tablet,33,28,103,0.385,1,76.76
2024-08-31,Organic Search,Desktop,706,523,1491,0.348,17,1218.9
2024-08-31,Organic Search,Mobile,844,706,2515,0.46,11,733.67
2024-08-31,Organic Search,Tablet,147,114,414,0.383,2,133.73
2024-08-31,Paid Search,Desktop,429,364,928,0.35,17,1473.41
2024-08-31,Paid Search,Mobile,506,392,1526,0.462,12,890.79
2024-08-31,Paid Search,Tablet,71,53,203,0.365,2,109.59
2024-08-31,Referral,Desktop,140,115,387,0.357,5,380.21
2024-08-31,Referral,Mobile,163,131,477,0.496,3,180.83
2024-08-31,Referral,Tablet,24,20,47,0.414,1,57.12
2024-08-31,Social,Desktop,301,236,640,0.405,4,271.89
2024-08-31,Social,Mobile,454,383,1326,0.419,4,317.66
2024-08-31,Social,Tablet,71,55,188,0.324,1,83.82
2024-09-01,Direct,Desktop,473,405,942,0.343,17,1178.12
2024-09-01,Direct,Mobile,513,398,1514,0.422,9,673.89
2024-09-01,Direct,Tablet,83,63,191,0.305,2,169.18
2024-09-01,Email,Desktop,175,141,401,0.373,10,535.88
2024-09-01,Email,Mobile,182,149,478,0.502,6,443.48
2024-09-01,Email,Tablet,27,20,61,0.358,1,57.55
2024-09-01,Organic Search,Desktop,846,703,2155,0.374,26,1478.49
2024-09-01,Organic Search,Mobile,972,803,2724,0.51,16,784.65
2024-09-01,Organic Search,Tablet,136,103,335,0.309,3,260.87
2024-09-01,Paid Search,Desktop,455,364,937,0.359,19,1279.58
2024-09-01,Paid Search,Mobile,503,415,954,0.407,13,1032.84
2024-09-01,Paid Search,Tablet,88,71,188,0.401,2,122.63
2024-09-01,Referral,Desktop,144,118,423,0.316,4,269.72
2024-09-01,Referral,Mobile,156,132,347,0.501,3,188.11
2024-09-01,Referral,Tablet,27,21,56,0.375,1,75.22
2024-09-01,Social,Desktop,291,247,796,0.411,5,411.7
2024-09-01,Social,Mobile,389,320,1217,0.464,4,336.69
2024-09-01,Social,Tablet,72,56,174,0.309,1,73.75
2024-09-02,Direct,Desktop,623,498,1327,0.419,21,1807.57
2024-09-02,Direct,Mobile,577,493,1757,0.416,14,1004.24
2024-09-02,Direct,Tablet,110,86,274,0.373,3,186.02
2024-09-02,Email,Desktop,220,167,648,0.35,12,823.73
2024-09-02,Email,Mobile,275,234,703,0.501,7,594.41
2024-09-02,Email,Tablet,35,30,71,0.389,1,54.0
2024-09-02,Organic Search,Desktop,994,844,2596,0.344,21,1560.4
2024-09-02,Organic Search,Mobile,1094,832,2866,0.407,18,1190.85
2024-09-02,Organic Search,Tablet,179,135,427,0.398,3,180.35
2024-09-02,Paid Search,Desktop,574,434,1484,0.401,20,1524.51
2024-09-02,Paid Search,Mobile,569,486,1714,0.408,12,848.57
2024-09-02,Paid Search,Tablet,95,80,275,0.352,2,103.79
2024-09-02,Referral,Desktop,166,135,516,0.354,5,275.48
2024-09-02,Referral,Mobile,204,162,563,0.431,4,227.88
2024-09-02,Referral,Tablet,33,25,75,0.314,1,78.28
2024-09-02,Social,Desktop,372,289,755,0.351,6,367.8
2024-09-02,Social,Mobile,511,432,1419,0.455,5,268.81
2024-09-02,Social,Tablet,81,60,190,0.381,1,69.98
2024-09-03,Direct,Desktop,592,506,1867,0.346,24,1406.93
2024-09-03,Direct,Mobile,661,562,1277,0.475,13,652.59
2024-09-03,Direct,Tablet,106,86,268,0.314,3,232.09
2024-09-03,Email,Desktop,218,181,697,0.38,13,772.13
2024-09-03,Email,Mobile,219,178,697,0.432,8,420.65
2024-09-03,Email,Tablet,34,26,106,0.366,1,84.52
2024-09-03,Organic Search,Desktop,986,751,2974,0.333,21,1351.78
2024-09-03,Organic Search,Mobile,1015,839,2033,0.491,15,1171.08
2024-09-03,Organic Search,Tablet,172,147,453,0.351,4,237.56
2024-09-03,Paid Search,Desktop,550,449,1463,0.408,20,1480.87
2024-09-03,Paid Search,Mobile,695,589,1741,0.499,19,1129.87
2024-09-03,Paid Search,Tablet,107,87,314,0.39,4,197.44
2024-09-03,Referral,Desktop,160,130,297,0.338,4,334.0
2024-09-03,Referral,Mobile,175,145,325,0.484,4,253.59
2024-09-03,Referral,Tablet,30,23,91,0.405,1,53.13
2024-09-03,Social,Desktop,420,317,846,0.326,7,552.93
2024-09-03,Social,Mobile,457,348,1045,0.495,3,172.06
2024-09-03,Social,Tablet,68,52,169,0.309,1,49.45
2024-09-04,Direct,Desktop,472,362,980,0.326,14,1070.11
2024-09-04,Direct,Mobile,582,449,1852,0.454,15,1075.34
2024-09-04,Direct,Tablet,97,77,237,0.388,3,191.08
2024-09-04,Email,Desktop,174,143,475,0.409,9,438.58
2024-09-04,Email,Mobile,274,234,578,0.413,8,676.85
2024-09-04,Email,Tablet,43,35,87,0.414,2,130.6
2024-09-04,Organic Search,Desktop,832,706,1592,0.405,19,1666.71
2024-09-04,Organic Search,Mobile,1263,993,2740,0.419,18,1168.86
2024-09-04,Organic Search,Tablet,201,160,373,0.413,4,241.47
2024-09-04,Paid Search,Desktop,445,348,1055,0.355,20,1614.18
2024-09-04,Paid Search,Mobile,655,530,1754,0.508,16,1208.15
2024-09-04,Paid Search,Tablet,101,85,189,0.352,4,348.99
2024-09-04,Referral,Desktop,157,118,285,0.411,4,292.35
2024-09-04,Referral,Mobile,169,144,307,0.428,3,261.08
2024-09-04,Referral,Tablet,32,25,62,0.394,1,49.66
2024-09-04,Social,Desktop,426,328,890,0.359,6,296.36
2024-09-04,Social,Mobile,532,443,1031,0.454,4,252.62
2024-09-04,Social,Tablet,90,77,284,0.31,1,73.02
2024-09-05,Direct,Desktop,586,456,1316,0.345,24,1989.36
2024-09-05,Direct,Mobile,609,454,1751,0.477,14,1212.34
2024-09-05,Direct,Tablet,110,92,220,0.335,2,146.5
2024-09-05,Email,Desktop,178,141,378,0.322,10,557.63
2024-09-05,Email,Mobile,229,178,625,0.469,6,373.35
2024-09-05,Email,Tablet,37,30,115,0.377,2,145.53
2024-09-05,Organic Search,Desktop,977,807,1955,0.388,23,1248.98
2024-09-05,Organic Search,Mobile,940,710,2853,0.441,13,815.0
2024-09-05,Organic Search,Tablet,159,126,380,0.341,3,190.66
2024-09-05,Paid Search,Desktop,531,439,1246,0.314,25,2116.36
2024-09-05,Paid Search,Mobile,596,502,1699,0.455,17,1495.83
2024-09-05,Paid Search,Tablet,102,79,209,0.333,3,197.25
2024-09-05,Referral,Desktop,163,138,386,0.316,5,415.85
2024-09-05,Referral,Mobile,185,150,372,0.491,4,219.07
2024-09-05,Referral,Tablet,33,25,81,0.346,1,82.78
2024-09-05,Social,Desktop,433,365,794,0.375,6,376.94
2024-09-05,Social,Mobile,502,376,1443,0.451,5,432.39
2024-09-05,Social,Tablet,72,55,169,0.325,1,84.11
2024-09-06,Direct,Desktop,536,440,1431,0.329,19,1643.86
2024-09-06,Direct,Mobile,599,505,1761,0.429,11,874.18
2024-09-06,Direct,Tablet,104,84,314,0.311,3,252.72
2024-09-06,Email,Desktop,228,169,719,0.413,14,901.22
2024-09-06,Email,Mobile,258,198,501,0.4,9,554.71
2024-09-06,Email,Tablet,34,28,86,0.377,1,60.27
2024-09-06,Organic Search,Desktop,1019,799,2884,0.353,27,1837.41
2024-09-06,Organic Search,Mobile,1026,806,1973,0.457,16,1226.43
2024-09-06,Organic Search,Tablet,174,136,520,0.415,3,194.77
2024-09-06,Paid Search,Desktop,564,433,1697,0.394,25,2079.74
2024-09-06,Paid Search,Mobile,602,456,1620,0.456,15,885.94
2024-09-06,Paid Search,Tablet,86,74,253,0.359,3,260.48
2024-09-06,Referral,Desktop,171,127,534,0.325,6,520.17
2024-09-06,Referral,Mobile,212,179,638,0.401,3,172.65
2024-09-06,Referral,Tablet,32,26,94,0.338,1,50.87
2024-09-06,Social,Desktop,416,336,859,0.314,6,489.06
2024-09-06,Social,Mobile,431,362,1284,0.497,4,322.9
2024-09-06,Social,Tablet,77,60,229,0.307,1,59.5
2024-09-07,Direct,Desktop,452,372,1258,0.403,17,1077.83
2024-09-07,Direct,Mobile,517,398,1039,0.403,11,575.33
2024-09-07,Direct,Tablet,85,71,257,0.304,2,169.36
2024-09-07,Email,Desktop,140,118,349,0.379,8,426.12
2024-09-07,Email,Mobile,198,162,366,0.418,5,378.75
2024-09-07,Email,Tablet,31,26,57,0.341,1,77.94
2024-09-07,Organic Search,Desktop,756,620,1772,0.383,22,1241.75
2024-09-07,Organic Search,Mobile,884,699,1672,0.425,13,1138.8
2024-09-07,Organic Search,Tablet,133,107,339,0.352,3,165.3
2024-09-07,Paid Search,Desktop,420,338,875,0.376,18,1191.61
2024-09-07,Paid Search,Mobile,417,311,1265,0.488,13,1058.52
2024-09-07,Paid Search,Tablet,89,75,198,0.312,2,150.2
2024-09-07,Referral,Desktop,146,125,374,0.333,5,421.7
2024-09-07,Referral,Mobile,181,136,448,0.447,4,285.23
2024-09-07,Referral,Tablet,28,22,56,0.303,1,84.93
2024-09-07,Social,Desktop,353,297,871,0.371,5,399.11
2024-09-07,Social,Mobile,400,305,1161,0.405,4,294.46
2024-09-07,Social,Tablet,57,44,112,0.305,1,76.93
2024-09-08,Direct,Desktop,506,386,1483,0.326,21,1245.86
2024-09-08,Direct,Mobile,599,467,1659,0.511,14,1124.57
2024-09-08,Direct,Tablet,74,59,138,0.348,2,175.04
2024-09-08,Email,Desktop,179,146,501,0.344,11,777.74
2024-09-08,Email,Mobile,180,149,450,0.514,6,504.78
2024-09-08,Email,Tablet,32,27,62,0.371,1,52.17
2024-09-08,Organic Search,Desktop,646,554,1786,0.41,14,885.12
2024-09-08,Organic Search,Mobile,806,616,1523,0.442,13,951.26
2024-09-08,Organic Search,Tablet,133,99,380,0.318,3,228.91
2024-09-08,Paid Search,Desktop,358,276,957,0.392,15,841.16
2024-09-08,Paid Search,Mobile,502,403,1005,0.426,15,1308.29
2024-09-08,Paid Search,Tablet,80,63,150,0.361,3,244.02
2024-09-08,Referral,Desktop,145,109,285,0.353,5,403.9
2024-09-08,Referral,Mobile,180,153,557,0.475,3,218.23
2024-09-08,Referral,Tablet,25,21,79,0.367,1,50.6
2024-09-08,Social,Desktop,326,246,1024,0.411,4,304.4
2024-09-08,Social,Mobile,360,308,701,0.42,3,225.51
2024-09-08,Social,Tablet,58,44,164,0.413,1,57.45
2024-09-09,Direct,Desktop,479,370,895,0.419,14,906.92
2024-09-09,Direct,Mobile,636,517,1727,0.43,14,1208.34
2024-09-09,Direct,Tablet,100,75,206,0.402,2,130.15
2024-09-09,Email,Desktop,228,196,580,0.39,13,1042.72
2024-09-09,Email,Mobile,257,200,478,0.483,9,677.19
2024-09-09,Email,Tablet,43,35,85,0.377,2,107.84
2024-09-09,Organic Search,Desktop,922,757,1757,0.346,28,1813.43
2024-09-09,Organic Search,Mobile,995,768,1885,0.44,13,1061.95
2024-09-09,Organic Search,Tablet,164,138,325,0.392,3,151.89
2024-09-09,Paid Search,Desktop,450,349,1022,0.309,16,1320.53
2024-09-09,Paid Search,Mobile,654,528,1881,0.404,15,1312.43
2024-09-09,Paid Search,Tablet,108,88,226,0.304,3,204.84
2024-09-09,Referral,Desktop,148,118,366,0.329,5,336.54
2024-09-09,Referral,Mobile,212,171,530,0.517,5,436.0
2024-09-09,Referral,Tablet,31,23,90,0.35,1,49.71
2024-09-09,Social,Desktop,375,305,991,0.409,6,465.04
2024-09-09,Social,Mobile,423,350,832,0.486,3,181.68
2024-09-09,Social,Tablet,76,63,224,0.372,1,82.05
2024-09-10,Direct,Desktop,639,513,1788,0.356,26,1709.84
2024-09-10,Direct,Mobile,653,500,1715,0.432,15,803.16
2024-09-10,Direct,Tablet,111,85,251,0.38,3,181.36
2024-09-10,Email,Desktop,225,181,560,0.312,10,508.07
2024-09-10,Email,Mobile,242,187,737,0.52,9,730.35
2024-09-10,Email,Tablet,45,34,126,0.415,2,143.98
2024-09-10,Organic Search,Desktop,846,725,2043,0.413,26,1571.03
2024-09-10,Organic Search,Mobile,1227,963,3027,0.479,19,1281.27
2024-09-10,Organic Search,Tablet,168,143,339,0.361,3,221.44
2024-09-10,Paid Search,Desktop,568,483,1223,0.371,22,1581.51
2024-09-10,Paid Search,Mobile,588,450,1789,0.489,13,1110.13
2024-09-10,Paid Search,Tablet,110,91,277,0.325,3,207.19
2024-09-10,Referral,Desktop,153,130,402,0.349,4,210.14
2024-09-10,Referral,Mobile,183,150,524,0.435,3,219.66
2024-09-10,Referral,Tablet,28,22,58,0.387,1,59.29
2024-09-10,Social,Desktop,422,342,842,0.386,6,488.88
2024-09-10,Social,Mobile,447,360,949,0.457,4,200.61
2024-09-10,Social,Tablet,79,65,164,0.358,1,70.45
2024-09-11,Direct,Desktop,477,403,939,0.348,18,1543.43
2024-09-11,Direct,Mobile,698,584,1919,0.411,15,1092.96
2024-09-11,Direct,Tablet,98,80,181,0.399,3,161.04
2024-09-11,Email,Desktop,194,144,543,0.363,10,500.25
2024-09-11,Email,Mobile,228,180,623,0.412,7,509.73
2024-09-11,Email,Tablet,35,28,97,0.412,1,61.88
2024-09-11,Organic Search,Desktop,894,672,2300,0.356,24,2015.21
2024-09-11,Organic Search,Mobile,1011,788,1839,0.412,18,1422.64
2024-09-11,Organic Search,Tablet,203,156,444,0.419,4,260.88
2024-09-11,Paid Search,Desktop,464,379,1181,0.301,18,1069.11
2024-09-11,Paid Search,Mobile,686,558,1706,0.511,18,1455.18
2024-09-11,Paid Search,Tablet,85,70,248,0.365,3,204.94
2024-09-11,Referral,Desktop,148,120,329,0.397,6,322.72
2024-09-11,Referral,Mobile,175,149,504,0.418,3,187.54
2024-09-11,Referral,Tablet,28,21,78,0.382,1,87.63
2024-09-11,Social,Desktop,440,362,1042,0.353,7,463.02
2024-09-11,Social,Mobile,461,365,1233,0.493,4,267.88
2024-09-11,Social,Tablet,89,74,284,0.383,1,49.81
2024-09-12,Direct,Desktop,600,465,1868,0.341,19,1060.0
2024-09-12,Direct,Mobile,647,499,1599,0.495,12,606.37
2024-09-12,Direct,Tablet,104,86,190,0.351,3,150.15
2024-09-12,Email,Desktop,202,166,429,0.334,10,638.6
2024-09-12,Email,Mobile,257,209,712,0.481,8,459.67
2024-09-12,Email,Tablet,35,26,69,0.311,1,67.22
2024-09-12,Organic Search,Desktop,853,687,2613,0.398,18,961.18
2024-09-12,Organic Search,Mobile,964,774,2947,0.489,17,961.06
2024-09-12,Organic Search,Tablet,193,161,460,0.328,4,261.69
2024-09-12,Paid Search,Desktop,506,392,1132,0.302,24,1943.19
2024-09-12,Paid Search,Mobile,639,505,1344,0.503,14,1098.8
2024-09-12,Paid Search,Tablet,95,71,269,0.39,3,254.76
2024-09-12,Referral,Desktop,155,125,457,0.394,4,342.37
2024-09-12,Referral,Mobile,173,134,382,0.485,4,232.22
2024-09-12,Referral,Tablet,29,25,58,0.303,1,72.72
2024-09-12,Social,Desktop,364,288,1036,0.4,6,307.71
2024-09-12,Social,Mobile,526,429,1324,0.422,5,268.72
2024-09-12,Social,Tablet,72,60,148,0.373,1,71.63
2024-09-13,Direct,Desktop,498,408,1236,0.314,19,1217.6
2024-09-13,Direct,Mobile,729,550,1785,0.46,15,1071.33
2024-09-13,Direct,Tablet,117,92,243,0.387,3,211.91
2024-09-13,Email,Desktop,179,133,501,0.39,9,530.58
2024-09-13,Email,Mobile,277,233,874,0.425,10,568.1
2024-09-13,Email,Tablet,39,29,72,0.315,2,158.96
2024-09-13,Organic Search,Desktop,879,753,1719,0.402,21,1483.75
2024-09-13,Organic Search,Mobile,1010,797,2884,0.48,13,867.67
2024-09-13,Organic Search,Tablet,187,157,523,0.342,4,250.98
2024-09-13,Paid Search,Desktop,567,484,1651,0.354,20,1521.8
2024-09-13,Paid Search,Mobile,530,402,1638,0.409,16,1290.56
2024-09-13,Paid Search,Tablet,86,74,211,0.391,3,203.77
2024-09-13,Referral,Desktop,175,148,322,0.379,4,287.43
2024-09-13,Referral,Mobile,178,152,333,0.463,3,209.26
2024-09-13,Referral,Tablet,29,23,80,0.403,1,56.54
2024-09-13,Social,Desktop,462,345,1295,0.354,8,665.14
2024-09-13,Social,Mobile,567,432,1406,0.422,5,366.24
2024-09-13,Social,Tablet,73,59,158,0.413,1,69.64
2024-09-14,Direct,Desktop,439,371,1404,0.387,18,1174.82
2024-09-14,Direct,Mobile,541,421,1166,0.426,11,544.24
2024-09-14,Direct,Tablet,74,57,204,0.388,2,165.08
2024-09-14,Email,Desktop,141,119,330,0.305,6,474.16
2024-09-14,Email,Mobile,175,142,442,0.425,5,391.29
2024-09-14,Email,Tablet,31,24,64,0.409,1,84.65
2024-09-14,Organic Search,Desktop,735,622,1719,0.331,16,1144.24
2024-09-14,Organic Search,Mobile,846,672,1598,0.422,11,672.74
2024-09-14,Organic Search,Tablet,157,119,346,0.406,3,253.28
2024-09-14,Paid Search,Desktop,387,297,1090,0.366,14,971.5
2024-09-14,Paid Search,Mobile,536,401,1540,0.512,13,962.73
2024-09-14,Paid Search,Tablet,76,60,167,0.301,2,111.23
2024-09-14,Referral,Desktop,124,93,274,0.404,4,242.84
2024-09-14,Referral,Mobile,180,139,528,0.408,3,226.46
2024-09-14,Referral,Tablet,25,21,69,0.348,1,56.3
2024-09-14,Social,Desktop,358,292,862,0.404,5,362.53
2024-09-14,Social,Mobile,419,331,1146,0.439,4,240.98
2024-09-14,Social,Tablet,72,56,171,0.414,1,58.26
2024-09-15,Direct,Desktop,490,395,1484,0.309,17,853.85
2024-09-15,Direct,Mobile,521,433,1288,0.437,12,927.95
2024-09-15,Direct,Tablet,90,70,181,0.387,3,219.97
2024-09-15,Email,Desktop,169,143,359,0.373,8,636.76
2024-09-15,Email,Mobile,184,150,575,0.438,5,257.55
2024-09-15,Email,Tablet,27,21,59,0.364,1,66.22
2024-09-15,Organic Search,Desktop,668,538,1927,0.305,16,1230.61
2024-09-15,Organic Search,Mobile,879,702,2677,0.504,16,1184.89
2024-09-15,Organic Search,Tablet,132,112,366,0.418,3,224.18
2024-09-15,Paid Search,Desktop,442,345,1267,0.37,22,1713.78
2024-09-15,Paid Search,Mobile,526,429,990,0.466,11,823.72
2024-09-15,Paid Search,Tablet,68,52,203,0.326,2,122.79
2024-09-15,Referral,Desktop,120,101,368,0.349,4,316.25
2024-09-15,Referral,Mobile,139,111,410,0.409,2,160.95
2024-09-15,Referral,Tablet,23,18,47,0.361,0,0.0
2024-09-15,Social,Desktop,345,275,979,0.381,4,259.25
2024-09-15,Social,Mobile,446,358,1064,0.502,4,205.39
2024-09-15,Social,Tablet,58,47,128,0.31,1,64.14
2024-09-16,Direct,Desktop,631,499,1493,0.394,21,1546.76
2024-09-16,Direct,Mobile,607,484,1167,0.519,15,873.21
2024-09-16,Direct,Tablet,122,96,242,0.411,3,180.54
2024-09-16,Email,Desktop,206,161,399,0.329,9,778.26
2024-09-16,Email,Mobile,231,197,720,0.448,6,293.78
2024-09-16,Email,Tablet,33,25,94,0.391,1,61.23
2024-09-16,Organic Search,Desktop,829,675,1869,0.417,18,926.22
2024-09-16,Organic Search,Mobile,997,821,2971,0.442,18,1386.34
2024-09-16,Organic Search,Tablet,191,152,431,0.385,4,267.99
2024-09-16,Paid Search,Desktop,525,448,1244,0.374,25,1637.05
2024-09-16,Paid Search,Mobile,618,487,1261,0.456,17,1253.55
2024-09-16,Paid Search,Tablet,103,76,328,0.352,3,227.16
2024-09-16,Referral,Desktop,178,148,445,0.366,5,374.33
2024-09-16,Referral,Mobile,213,170,661,0.5,4,196.44
2024-09-16,Referral,Tablet,31,24,58,0.351,1,74.54
2024-09-16,Social,Desktop,451,335,1049,0.391,6,483.16
2024-09-16,Social,Mobile,464,349,1398,0.422,3,176.18
2024-09-16,Social,Tablet,78,59,209,0.399,1,60.42
2024-09-17,Direct,Desktop,535,434,1361,0.411,16,1034.73
2024-09-17,Direct,Mobile,605,454,1192,0.472,11,938.2
2024-09-17,Direct,Tablet,94,70,265,0.305,3,168.49
2024-09-17,Email,Desktop,225,193,705,0.329,12,685.66
2024-09-17,Email,Mobile,229,193,544,0.41,8,507.35
2024-09-17,Email,Tablet,43,36,80,0.375,2,121.04
2024-09-17,Organic Search,Desktop,1012,796,3225,0.416,27,2305.66
2024-09-17,Organic Search,Mobile,1178,962,3438,0.476,22,1137.51
2024-09-17,Organic Search,Tablet,154,114,355,0.36,3,151.22
2024-09-17,Paid Search,Desktop,529,399,1008,0.415,19,1523.63
2024-09-17,Paid Search,Mobile,631,494,1364,0.436,19,1569.73
2024-09-17,Paid Search,Tablet,100,75,194,0.406,3,179.69
2024-09-17,Referral,Desktop,154,130,437,0.352,6,504.15
2024-09-17,Referral,Mobile,205,170,628,0.408,4,203.0
2024-09-17,Referral,Tablet,34,27,63,0.344,1,82.06
2024-09-17,Social,Desktop,428,354,996,0.392,6,490.8
2024-09-17,Social,Mobile,461,380,1141,0.425,5,285.5
2024-09-17,Social,Tablet,71,54,213,0.333,1,59.37
2024-09-18,Direct,Desktop,479,374,1266,0.36,16,1313.06
2024-09-18,Direct,Mobile,670,532,1605,0.48,17,826.67
2024-09-18,Direct,Tablet,91,69,179,0.404,2,118.03
2024-09-18,Email,Desktop,221,176,501,0.335,11,811.81
2024-09-18,Email,Mobile,276,213,622,0.512,8,688.68
2024-09-18,Email,Tablet,35,27,66,0.35,1,83.18
2024-09-18,Organic Search,Desktop,1026,787,2782,0.316,26,2222.85
2024-09-18,Organic Search,Mobile,1251,1036,3059,0.415,22,1798.5
2024-09-18,Organic Search,Tablet,177,150,454,0.313,3,151.41
2024-09-18,Paid Search,Desktop,500,425,1490,0.341,24,1946.27
2024-09-18,Paid Search,Mobile,561,449,1200,0.489,16,950.46
2024-09-18,Paid Search,Tablet,97,73,299,0.359,3,179.48
2024-09-18,Referral,Desktop,157,124,343,0.317,6,390.5
2024-09-18,Referral,Mobile,202,150,635,0.484,4,348.37
2024-09-18,Referral,Tablet,33,28,75,0.383,1,61.78
2024-09-18,Social,Desktop,411,313,1309,0.412,6,451.18
2024-09-18,Social,Mobile,436,355,1298,0.493,4,305.74
2024-09-18,Social,Tablet,80,68,149,0.306,1,50.82
2024-09-19,Direct,Desktop,570,465,1541,0.364,22,1535.19
2024-09-19,Direct,Mobile,698,595,1259,0.492,12,1025.46
2024-09-19,Direct,Tablet,119,98,350,0.303,3,186.54
2024-09-19,Email,Desktop,229,186,577,0.342,10,653.49
2024-09-19,Email,Mobile,277,223,627,0.428,10,838.12
2024-09-19,Email,Tablet,44,35,110,0.365,2,141.91
2024-09-19,Organic Search,Desktop,876,747,2550,0.418,23,1565.27
2024-09-19,Organic Search,Mobile,1138,914,2344,0.448,18,1346.61
2024-09-19,Organic Search,Tablet,157,126,485,0.319,3,230.69
2024-09-19,Paid Search,Desktop,558,420,1312,0.379,21,1306.26
2024-09-19,Paid Search,Mobile,694,521,1323,0.443,21,1733.68
2024-09-19,Paid Search,Tablet,103,87,214,0.38,3,190.0
2024-09-19,Referral,Desktop,158,122,501,0.352,5,388.79
2024-09-19,Referral,Mobile,178,138,462,0.451,3,234.06
2024-09-19,Referral,Tablet,28,24,70,0.378,1,67.49
2024-09-19,Social,Desktop,387,324,749,0.368,7,588.61
2024-09-19,Social,Mobile,540,439,1084,0.483,6,407.66
2024-09-19,Social,Tablet,78,61,217,0.418,1,66.05
2024-09-20,Direct,Desktop,550,437,1392,0.411,21,1228.74
2024-09-20,Direct,Mobile,657,512,1859,0.494,16,1033.35
2024-09-20,Direct,Tablet,105,80,306,0.327,3,253.91
2024-09-20,Email,Desktop,197,162,589,0.403,10,803.24
2024-09-20,Email,Mobile,217,181,468,0.432,7,421.04
2024-09-20,Email,Tablet,43,36,80,0.372,1,82.97
2024-09-20,Organic Search,Desktop,991,792,2445,0.365,24,1922.33
2024-09-20,Organic Search,Mobile,1177,941,2897,0.459,16,949.78
2024-09-20,Organic Search,Tablet,157,130,398,0.344,3,150.12
2024-09-20,Paid Search,Desktop,547,438,1293,0.408,25,1848.73
2024-09-20,Paid Search,Mobile,531,431,1359,0.434,12,1035.9
2024-09-20,Paid Search,Tablet,105,85,312,0.383,4,273.34
2024-09-20,Referral,Desktop,161,138,410,0.351,4,274.83
2024-09-20,Referral,Mobile,174,144,543,0.513,3,184.82
2024-09-20,Referral,Tablet,36,27,102,0.321,1,76.38
2024-09-20,Social,Desktop,430,326,1111,0.355,5,432.96
2024-09-20,Social,Mobile,443,360,1279,0.483,5,311.6
2024-09-20,Social,Tablet,75,62,137,0.398,1,83.99
2024-09-21,Direct,Desktop,395,310,1242,0.379,12,636.01
2024-09-21,Direct,Mobile,533,410,1497,0.408,10,624.9
2024-09-21,Direct,Tablet,87,67,206,0.419,2,146.82
2024-09-21,Email,Desktop,152,121,305,0.382,9,497.16
2024-09-21,Email,Mobile,204,156,636,0.404,7,451.16
2024-09-21,Email,Tablet,35,29,108,0.396,1,76.65
2024-09-21,Organic Search,Desktop,670,546,1231,0.31,21,1551.5
2024-09-21,Organic Search,Mobile,973,782,2754,0.407,13,1088.6
2024-09-21,Organic Search,Tablet,152,116,419,0.365,3,246.93
2024-09-21,Paid Search,Desktop,461,389,938,0.342,19,1325.14
2024-09-21,Paid Search,Mobile,470,387,1158,0.469,12,1001.83
2024-09-21,Paid Search,Tablet,84,68,251,0.401,3,185.22
2024-09-21,Referral,Desktop,137,117,270,0.372,5,323.98
2024-09-21,Referral,Mobile,152,128,358,0.413,3,200.95
2024-09-21,Referral,Tablet,25,19,63,0.309,1,53.36
2024-09-21,Social,Desktop,361,301,1016,0.37,5,331.93
2024-09-21,Social,Mobile,394,317,1027,0.496,3,238.26
2024-09-21,Social,Tablet,57,42,155,0.4,1,84.22
2024-09-22,Direct,Desktop,454,341,954,0.314,16,933.04
2024-09-22,Direct,Mobile,526,399,1301,0.505,11,875.03
2024-09-22,Direct,Tablet,95,75,296,0.415,3,165.38
2024-09-22,Email,Desktop,185,139,396,0.394,8,400.95
2024-09-22,Email,Mobile,219,174,539,0.424,7,461.64
2024-09-22,Email,Tablet,29,23,92,0.369,1,77.59
2024-09-22,Organic Search,Desktop,783,584,1720,0.301,17,857.72
2024-09-22,Organic Search,Mobile,893,718,2497,0.45,13,762.56
2024-09-22,Organic Search,Tablet,122,99,314,0.368,2,111.11
2024-09-22,Paid Search,Desktop,471,371,1315,0.415,20,1399.64
2024-09-22,Paid Search,Mobile,418,340,1273,0.501,11,941.48
2024-09-22,Paid Search,Tablet,75,60,190,0.36,3,173.03
2024-09-22,Referral,Desktop,150,113,440,0.325,5,374.78
2024-09-22,Referral,Mobile,181,155,342,0.425,3,200.45
2024-09-22,Referral,Tablet,27,22,64,0.415,1,64.81
2024-09-22,Social,Desktop,323,275,675,0.347,4,219.67
2024-09-22,Social,Mobile,453,344,1250,0.486,4,327.25
2024-09-22,Social,Tablet,63,50,128,0.376,1,55.23
2024-09-23,Direct,Desktop,612,454,1691,0.336,22,1061.21
2024-09-23,Direct,Mobile,764,568,1823,0.44,19,1081.75
2024-09-23,Direct,Tablet,94,76,258,0.305,2,164.75
2024-09-23,Email,Desktop,212,163,468,0.308,11,947.46
2024-09-23,Email,Mobile,262,201,712,0.441,10,583.13
2024-09-23,Email,Tablet,34,27,104,0.364,1,62.51
2024-09-23,Organic Search,Desktop,953,766,2029,0.358,25,1416.08
2024-09-23,Organic Search,Mobile,1028,811,3088,0.428,16,1170.86
2024-09-23,Organic Search,Tablet,153,121,371,0.324,3,174.49
2024-09-23,Paid Search,Desktop,464,350,1413,0.382,23,1318.43
2024-09-23,Paid Search,Mobile,692,584,1676,0.476,18,1036.45
2024-09-23,Paid Search,Tablet,100,84,221,0.39,3,175.13
2024-09-23,Referral,Desktop,177,136,446,0.339,5,383.02
2024-09-23,Referral,Mobile,212,158,453,0.431,4,261.62
2024-09-23,Referral,Tablet,34,26,98,0.338,1,64.62
2024-09-23,Social,Desktop,449,332,1116,0.332,6,502.97
2024-09-23,Social,Mobile,571,482,1208,0.499,5,283.11
2024-09-23,Social,Tablet,69,54,207,0.401,1,64.79
2024-09-24,Direct,Desktop,505,388,1166,0.361,19,1605.81
2024-09-24,Direct,Mobile,685,581,1623,0.411,13,881.5
2024-09-24,Direct,Tablet,108,92,279,0.322,3,206.71
2024-09-24,Email,Desktop,184,151,548,0.395,9,477.88
2024-09-24,Email,Mobile,269,220,580,0.504,10,868.18
2024-09-24,Email,Tablet,42,36,104,0.405,2,140.12
2024-09-24,Organic Search,Desktop,996,811,2260,0.346,24,1872.03
2024-09-24,Organic Search,Mobile,1245,1055,3372,0.421,23,1716.63
2024-09-24,Organic Search,Tablet,182,135,471,0.38,3,257.71
2024-09-24,Paid Search,Desktop,517,437,1132,0.419,19,1299.68
2024-09-24,Paid Search,Mobile,568,467,1568,0.455,13,692.79
2024-09-24,Paid Search,Tablet,110,85,323,0.388,3,146.49
2024-09-24,Referral,Desktop,186,155,460,0.365,6,439.82
2024-09-24,Referral,Mobile,209,165,615,0.437,3,218.91
2024-09-24,Referral,Tablet,36,30,106,0.386,1,67.18
2024-09-24,Social,Desktop,371,292,1178,0.316,5,310.5
2024-09-24,Social,Mobile,540,409,1198,0.491,4,227.81
2024-09-24,Social,Tablet,74,56,209,0.367,1,65.16
2024-09-25,Direct,Desktop,607,501,1201,0.417,25,2076.56
2024-09-25,Direct,Mobile,658,493,1980,0.464,14,1172.49
2024-09-25,Direct,Tablet,93,72,293,0.353,2,143.05
2024-09-25,Email,Desktop,232,186,484,0.343,12,1054.22
2024-09-25,Email,Mobile,230,177,624,0.41,6,482.53
2024-09-25,Email,Tablet,34,26,63,0.413,1,78.22
2024-09-25,Organic Search,Desktop,903,725,2151,0.401,27,1598.95
2024-09-25,Organic Search,Mobile,996,810,2915,0.442,17,1370.03
2024-09-25,Organic Search,Tablet,198,148,435,0.347,3,231.34
2024-09-25,Paid Search,Desktop,485,395,973,0.372,21,1337.65
2024-09-25,Paid Search,Mobile,694,532,1565,0.434,16,1260.94
2024-09-25,Paid Search,Tablet,98,73,300,0.323,4,336.38
2024-09-25,Referral,Desktop,181,138,513,0.341,5,251.93
2024-09-25,Referral,Mobile,193,149,475,0.434,3,150.16
2024-09-25,Referral,Tablet,34,27,93,0.341,1,58.71
2024-09-25,Social,Desktop,369,296,684,0.359,6,327.38
2024-09-25,Social,Mobile,544,420,1064,0.478,6,396.54
2024-09-25,Social,Tablet,81,64,242,0.387,1,77.86
2024-09-26,Direct,Desktop,647,552,1598,0.419,26,1657.49
2024-09-26,Direct,Mobile,624,476,1772,0.463,11,832.14
2024-09-26,Direct,Tablet,105,78,234,0.326,2,123.75
2024-09-26,Email,Desktop,190,159,391,0.389,12,899.21
2024-09-26,Email,Mobile,275,236,741,0.4,7,378.35
2024-09-26,Email,Tablet,41,34,114,0.381,2,134.52
2024-09-26,Organic Search,Desktop,1024,758,2750,0.386,30,1760.22
2024-09-26,Organic Search,Mobile,1102,886,2147,0.459,15,1183.94
2024-09-26,Organic Search,Tablet,202,173,440,0.407,5,356.51
2024-09-26,Paid Search,Desktop,513,438,1209,0.387,21,1811.39
2024-09-26,Paid Search,Mobile,652,496,1189,0.439,14,1012.77
2024-09-26,Paid Search,Tablet,111,83,317,0.315,3,149.23
2024-09-26,Referral,Desktop,189,148,346,0.325,7,346.58
2024-09-26,Referral,Mobile,188,140,356,0.489,3,244.6
2024-09-26,Referral,Tablet,32,25,83,0.394,1,58.41
2024-09-26,Social,Desktop,392,305,801,0.42,5,409.43
2024-09-26,Social,Mobile,468,359,1210,0.478,5,246.3
2024-09-26,Social,Tablet,70,55,173,0.372,1,60.41
2024-09-27,Direct,Desktop,545,431,1047,0.335,17,1318.69
2024-09-27,Direct,Mobile,601,510,1570,0.406,15,773.71
2024-09-27,Direct,Tablet,109,86,327,0.341,3,215.08
2024-09-27,Email,Desktop,181,142,473,0.365,8,682.31
2024-09-27,Email,Mobile,235,196,516,0.428,6,298.93
2024-09-27,Email,Tablet,40,33,121,0.343,2,117.77
2024-09-27,Organic Search,Desktop,968,820,2954,0.326,24,1934.5
2024-09-27,Organic Search,Mobile,1056,900,3314,0.401,14,864.94
2024-09-27,Organic Search,Tablet,158,128,501,0.406,4,232.96
2024-09-27,Paid Search,Desktop,500,372,900,0.364,18,1222.12
2024-09-27,Paid Search,Mobile,568,486,1208,0.485,12,941.5
2024-09-27,Paid Search,Tablet,103,80,230,0.402,3,217.33
2024-09-27,Referral,Desktop,181,154,340,0.378,5,277.8
2024-09-27,Referral,Mobile,183,148,468,0.433,3,228.38
2024-09-27,Referral,Tablet,33,26,74,0.376,1,70.53
2024-09-27,Social,Desktop,390,333,911,0.303,7,487.03
2024-09-27,Social,Mobile,507,418,1282,0.444,5,414.05
2024-09-27,Social,Tablet,69,53,215,0.324,1,60.48
2024-09-28,Direct,Desktop,447,369,1210,0.394,14,1021.65
2024-09-28,Direct,Mobile,559,466,1614,0.417,11,638.37
2024-09-28,Direct,Tablet,84,72,212,0.368,2,132.23
2024-09-28,Email,Desktop,180,148,529,0.385,11,861.73
2024-09-28,Email,Mobile,183,146,420,0.408,7,462.22
2024-09-28,Email,Tablet,34,29,74,0.373,1,73.63
2024-09-28,Organic Search,Desktop,780,662,1505,0.376,23,1301.5
2024-09-28,Organic Search,Mobile,1020,850,3176,0.401,18,1299.54
2024-09-28,Organic Search,Tablet,150,117,340,0.419,3,188.85
2024-09-28,Paid Search,Desktop,369,275,701,0.405,14,928.67
2024-09-28,Paid Search,Mobile,450,339,1079,0.425,10,666.84
2024-09-28,Paid Search,Tablet,82,61,207,0.351,2,109.25
2024-09-28,Referral,Desktop,137,106,373,0.371,4,212.11
2024-09-28,Referral,Mobile,142,120,315,0.468,3,241.72
2024-09-28,Referral,Tablet,22,17,44,0.322,0,0.0
2024-09-28,Social,Desktop,335,268,922,0.306,6,408.58
2024-09-28,Social,Mobile,345,294,1044,0.476,4,335.37
2024-09-28,Social,Tablet,60,47,145,0.416,1,57.53
2024-09-29,Direct,Desktop,513,387,1342,0.412,16,1054.2
2024-09-29,Direct,Mobile,482,406,1282,0.432,10,806.34
2024-09-29,Direct,Tablet,75,61,204,0.33,2,120.23
2024-09-29,Email,Desktop,157,117,326,0.323,8,496.24
2024-09-29,Email,Mobile,226,168,584,0.519,8,499.75
2024-09-29,Email,Tablet,31,26,59,0.346,1,73.14
2024-09-29,Organic Search,Desktop,675,560,1325,0.318,16,1224.88
2024-09-29,Organic Search,Mobile,826,672,1994,0.502,14,1208.93
2024-09-29,Organic Search,Tablet,163,121,308,0.41,3,216.81
2024-09-29,Paid Search,Desktop,354,280,811,0.37,13,914.6
2024-09-29,Paid Search,Mobile,530,413,1039,0.412,11,932.61
2024-09-29,Paid Search,Tablet,87,73,183,0.34,2,163.71
2024-09-29,Referral,Desktop,153,128,335,0.412,4,194.84
2024-09-29,Referral,Mobile,163,127,495,0.458,3,211.58
2024-09-29,Referral,Tablet,24,19,50,0.413,1,77.03
2024-09-29,Social,Desktop,363,284,814,0.348,5,346.14
2024-09-29,Social,Mobile,397,329,910,0.402,4,270.37
2024-09-29,Social,Tablet,67,53,171,0.369,1,64.12
2024-09-30,Direct,Desktop,571,472,1584,0.312,16,1227.19
2024-09-30,Direct,Mobile,637,517,1238,0.503,16,1184.34
2024-09-30,Direct,Tablet,121,97,300,0.323,3,165.62
2024-09-30,Email,Desktop,229,192,513,0.357,11,595.8
2024-09-30,Email,Mobile,280,215,581,0.436,7,385.16
2024-09-30,Email,Tablet,38,30,69,0.375,1,69.77
2024-09-30,Organic Search,Desktop,913,719,2512,0.389,28,2027.04
2024-09-30,Organic Search,Mobile,1256,963,3275,0.455,18,1209.73
2024-09-30,Organic Search,Tablet,157,118,339,0.376,3,182.44
2024-09-30,Paid Search,Desktop,461,381,1099,0.364,20,1597.88
2024-09-30,Paid Search,Mobile,544,455,1689,0.476,12,785.17
2024-09-30,Paid Search,Tablet,107,81,270,0.419,3,179.7
2024-09-30,Referral,Desktop,188,152,455,0.419,5,276.72
2024-09-30,Referral,Mobile,193,151,383,0.43,3,190.41
2024-09-30,Referral,Tablet,30,23,72,0.396,1,86.04
2024-09-30,Social,Desktop,475,395,1405,0.398,7,561.72
2024-09-30,Social,Mobile,538,455,1472,0.5,4,342.49
2024-09-30,Social,Tablet,84,69,231,0.4,1,86.11
2024-10-01,Direct,Desktop,642,484,1951,0.347,19,1179.28
2024-10-01,Direct,Mobile,659,536,2094,0.434,12,793.68
2024-10-01,Direct,Tablet,105,86,286,0.389,2,125.02
2024-10-01,Email,Desktop,212,158,654,0.374,12,933.43
2024-10-01,Email,Mobile,222,182,496,0.505,6,362.55
2024-10-01,Email,Tablet,38,30,72,0.322,1,74.26
2024-10-01,Organic Search,Desktop,989,792,2135,0.323,28,1657.97
2024-10-01,Organic Search,Mobile,1270,989,3374,0.41,18,956.04
2024-10-01,Organic Search,Tablet,187,148,458,0.368,4,233.48
2024-10-01,Paid Search,Desktop,534,408,1650,0.398,21,1047.61
2024-10-01,Paid Search,Mobile,638,489,1965,0.496,13,941.29
2024-10-01,Paid Search,Tablet,87,66,183,0.38,3,246.43
2024-10-01,Referral,Desktop,176,144,385,0.346,5,297.14
2024-10-01,Referral,Mobile,190,145,399,0.406,4,212.25
2024-10-01,Referral,Tablet,33,27,103,0.365,1,86.89
2024-10-01,Social,Desktop,482,374,937,0.381,7,508.3
2024-10-01,Social,Mobile,556,454,1260,0.417,6,512.04
2024-10-01,Social,Tablet,72,55,204,0.393,1,65.38
2024-10-02,Direct,Desktop,485,374,1542,0.323,19,1126.51
2024-10-02,Direct,Mobile,735,595,1789,0.474,14,919.73
2024-10-02,Direct,Tablet,95,78,280,0.414,3,209.86
2024-10-02,Email,Desktop,197,154,455,0.401,11,938.2
2024-10-02,Email,Mobile,277,236,636,0.474,9,439.61
2024-10-02,Email,Tablet,37,31,106,0.42,1,53.9
2024-10-02,Organic Search,Desktop,1079,912,2061,0.346,34,2244.14
2024-10-02,Organic Search,Mobile,1112,948,2881,0.52,18,1463.44
2024-10-02,Organic Search,Tablet,204,168,617,0.3,3,179.74
2024-10-02,Paid Search,Desktop,450,380,1421,0.378,15,1030.56
2024-10-02,Paid Search,Mobile,706,524,1723,0.493,16,1055.33
2024-10-02,Paid Search,Tablet,104,81,248,0.344,4,268.72
2024-10-02,Referral,Desktop,164,133,473,0.385,6,308.22
2024-10-02,Referral,Mobile,222,167,699,0.424,4,301.98
2024-10-02,Referral,Tablet,32,25,80,0.311,1,77.38
2024-10-02,Social,Desktop,483,381,1176,0.369,8,550.01
2024-10-02,Social,Mobile,518,431,1522,0.419,4,248.96
2024-10-02,Social,Tablet,85,73,181,0.415,1,76.52
2024-10-03,Direct,Desktop,601,449,1781,0.341,24,1975.93
2024-10-03,Direct,Mobile,668,530,1635,0.487,13,967.93
2024-10-03,Direct,Tablet,100,74,205,0.411,3,249.38
2024-10-03,Email,Desktop,203,165,539,0.382,10,564.28
2024-10-03,Email,Mobile,278,221,745,0.517,8,689.64
2024-10-03,Email,Tablet,41,31,75,0.312,1,64.22
2024-10-03,Organic Search,Desktop,1067,845,2984,0.379,24,1757.51
2024-10-03,Organic Search,Mobile,1163,924,2507,0.486,20,1551.35
2024-10-03,Organic Search,Tablet,182,140,567,0.359,4,319.58
2024-10-03,Paid Search,Desktop,596,451,1140,0.303,23,1864.01
2024-10-03,Paid Search,Mobile,630,491,1137,0.446,17,987.25
2024-10-03,Paid Search,Tablet,97,80,296,0.355,3,242.01
2024-10-03,Referral,Desktop,170,140,382,0.336,5,384.71
2024-10-03,Referral,Mobile,185,157,407,0.494,3,168.96
2024-10-03,Referral,Tablet,36,28,93,0.346,1,52.15
2024-10-03,Social,Desktop,463,377,957,0.414,8,537.07
2024-10-03,Social,Mobile,468,381,928,0.467,5,322.67
2024-10-03,Social,Tablet,89,74,177,0.358,1,64.29
2024-10-04,Direct,Desktop,517,422,1172,0.408,20,1166.96
2024-10-04,Direct,Mobile,757,618,1513,0.507,18,1176.55
2024-10-04,Direct,Tablet,103,79,302,0.384,3,153.74
2024-10-04,Email,Desktop,227,172,484,0.367,12,951.44
2024-10-04,Email,Mobile,233,199,446,0.42,7,454.13
2024-10-04,Email,Tablet,45,37,104,0.316,1,49.75
2024-10-04,Organic Search,Desktop,1026,861,2856,0.378,31,2212.83
2024-10-04,Organic Search,Mobile,1202,1005,2467,0.484,22,1867.36
2024-10-04,Organic Search,Tablet,161,123,477,0.341,3,145.03
2024-10-04,Paid Search,Desktop,575,454,1425,0.35,26,1984.5
2024-10-04,Paid Search,Mobile,551,424,1644,0.457,14,1122.67
2024-10-04,Paid Search,Tablet,111,92,309,0.307,3,200.91
2024-10-04,Referral,Desktop,187,144,511,0.379,7,371.15
2024-10-04,Referral,Mobile,186,144,571,0.518,4,200.0
2024-10-04,Referral,Tablet,31,26,60,0.393,1,68.39
2024-10-04,Social,Desktop,405,323,780,0.338,6,338.5
2024-10-04,Social,Mobile,560,466,1641,0.465,4,210.62
2024-10-04,Social,Tablet,85,64,247,0.301,1,73.48
2024-10-05,Direct,Desktop,445,370,1183,0.4,13,1024.88
2024-10-05,Direct,Mobile,592,496,1230,0.402,10,639.5
2024-10-05,Direct,Tablet,85,73,170,0.404,2,169.49
2024-10-05,Email,Desktop,157,131,337,0.323,8,593.55
2024-10-05,Email,Mobile,178,149,438,0.52,5,396.1
2024-10-05,Email,Tablet,34,26,85,0.388,1,81.42
2024-10-05,Organic Search,Desktop,755,600,1566,0.376,17,1171.25
2024-10-05,Organic Search,Mobile,919,733,1704,0.407,12,819.48
2024-10-05,Organic Search,Tablet,132,103,343,0.371,3,165.75
2024-10-05,Paid Search,Desktop,425,352,1014,0.308,22,1487.24
2024-10-05,Paid Search,Mobile,467,371,859,0.446,14,798.96
2024-10-05,Paid Search,Tablet,84,67,160,0.412,3,175.61
2024-10-05,Referral,Desktop,154,122,483,0.411,4,302.64
2024-10-05,Referral,Mobile,155,116,353,0.438,3,235.51
2024-10-05,Referral,Tablet,28,23,62,0.359,1,63.41
2024-10-05,Social,Desktop,374,279,1078,0.345,5,375.15
2024-10-05,Social,Mobile,400,329,815,0.425,4,199.77
2024-10-05,Social,Tablet,69,54,127,0.391,1,61.9
2024-10-06,Direct,Desktop,506,376,1267,0.404,21,1253.74
2024-10-06,Direct,Mobile,554,433,1725,0.409,11,598.24
2024-10-06,Direct,Tablet,75,60,138,0.363,2,110.02
2024-10-06,Email,Desktop,158,127,419,0.346,7,593.24
2024-10-06,Email,Mobile,187,149,564,0.496,5,378.76
2024-10-06,Email,Tablet,28,22,70,0.331,1,74.99
2024-10-06,Organic Search,Desktop,867,721,1710,0.301,20,1140.19
2024-10-06,Organic Search,Mobile,789,649,1865,0.519,11,954.98
2024-10-06,Organic Search,Tablet,162,138,485,0.377,3,251.69
2024-10-06,Paid Search,Desktop,452,367,1220,0.316,19,1603.98
2024-10-06,Paid Search,Mobile,474,378,935,0.429,12,890.03
2024-10-06,Paid Search,Tablet,73,58,198,0.351,2,102.05
2024-10-06,Referral,Desktop,146,120,323,0.384,5,415.56
2024-10-06,Referral,Mobile,161,120,400,0.513,3,204.23
2024-10-06,Referral,Tablet,24,19,57,0.313,0,0.0
2024-10-06,Social,Desktop,295,223,872,0.306,4,263.53
2024-10-06,Social,Mobile,402,334,1014,0.413,4,281.03
2024-10-06,Social,Tablet,64,53,204,0.391,1,79.41
2024-10-07,Direct,Desktop,548,456,1549,0.328,23,1550.84
2024-10-07,Direct,Mobile,711,551,1810,0.435,17,1369.06
2024-10-07,Direct,Tablet,110,82,327,0.31,3,254.27
2024-10-07,Email,Desktop,191,158,566,0.37,11,842.49
2024-10-07,Email,Mobile,213,176,661,0.515,6,496.61
2024-10-07,Email,Tablet,45,36,105,0.393,2,99.11
2024-10-07,Organic Search,Desktop,1055,841,2604,0.338,29,2106.48
2024-10-07,Organic Search,Mobile,1076,849,2086,0.415,17,851.53
2024-10-07,Organic Search,Tablet,184,141,390,0.368,3,211.11
2024-10-07,Paid Search,Desktop,563,480,1037,0.306,20,1606.47
2024-10-07,Paid Search,Mobile,666,570,1264,0.428,19,1541.73
2024-10-07,Paid Search,Tablet,107,84,226,0.409,3,177.59
2024-10-07,Referral,Desktop,193,157,389,0.345,6,456.66
2024-10-07,Referral,Mobile,177,136,518,0.458,4,272.26
2024-10-07,Referral,Tablet,34,29,76,0.324,1,50.57
2024-10-07,Social,Desktop,415,331,920,0.325,6,473.31
2024-10-07,Social,Mobile,459,365,1251,0.439,4,349.86
2024-10-07,Social,Tablet,88,71,223,0.371,1,53.29
2024-10-08,Direct,Desktop,613,487,1737,0.405,22,1756.22
2024-10-08,Direct,Mobile,623,463,1900,0.519,14,1191.36
2024-10-08,Direct,Tablet,108,91,279,0.312,3,149.06
2024-10-08,Email,Desktop,180,150,498,0.353,9,661.9
2024-10-08,Email,Mobile,225,186,432,0.517,6,455.64
2024-10-08,Email,Tablet,42,33,131,0.399,1,51.82
2024-10-08,Organic Search,Desktop,1083,869,3133,0.309,28,2004.9
2024-10-08,Organic Search,Mobile,992,800,1847,0.412,17,981.65
2024-10-08,Organic Search,Tablet,203,151,477,0.312,4,236.34
2024-10-08,Paid Search,Desktop,483,378,1429,0.346,17,1420.3
2024-10-08,Paid Search,Mobile,623,534,1182,0.481,17,1212.54
2024-10-08,Paid Search,Tablet,108,80,338,0.304,4,343.67
2024-10-08,Referral,Desktop,174,140,521,0.371,6,407.94
2024-10-08,Referral,Mobile,219,182,682,0.426,4,220.42
2024-10-08,Referral,Tablet,28,24,83,0.324,1,60.34
2024-10-08,Social,Desktop,388,319,979,0.334,5,387.32
2024-10-08,Social,Mobile,539,453,1470,0.509,4,284.15
2024-10-08,Social,Tablet,76,60,233,0.304,1,85.88
2024-10-09,Direct,Desktop,571,423,1109,0.311,16,1286.67
2024-10-09,Direct,Mobile,611,507,1792,0.465,13,770.31
2024-10-09,Direct,Tablet,110,85,270,0.32,3,224.04
2024-10-09,Email,Desktop,187,139,375,0.378,9,607.38
2024-10-09,Email,Mobile,283,238,574,0.467,10,636.14
2024-10-09,Email,Tablet,44,34,104,0.415,2,109.74
2024-10-09,Organic Search,Desktop,953,790,2707,0.308,26,2137.79
2024-10-09,Organic Search,Mobile,1294,1089,3387,0.465,20,1628.84
2024-10-09,Organic Search,Tablet,181,135,396,0.319,4,199.2
2024-10-09,Paid Search,Desktop,517,392,1466,0.412,23,1965.95
2024-10-09,Paid Search,Mobile,565,428,1351,0.456,13,1138.41
2024-10-09,Paid Search,Tablet,110,91,316,0.326,3,191.71
2024-10-09,Referral,Desktop,184,157,567,0.388,7,516.31
2024-10-09,Referral,Mobile,177,141,509,0.421,4,268.32
2024-10-09,Referral,Tablet,28,22,66,0.374,1,59.94
2024-10-09,Social,Desktop,462,391,1154,0.402,7,450.71
2024-10-09,Social,Mobile,448,350,1358,0.491,4,328.71
2024-10-09,Social,Tablet,83,64,167,0.358,1,86.13
2024-10-10,Direct,Desktop,637,479,1607,0.31,26,1703.3
2024-10-10,Direct,Mobile,765,587,2421,0.442,16,843.87
2024-10-10,Direct,Tablet,101,85,310,0.322,2,137.67
2024-10-10,Email,Desktop,194,167,512,0.404,12,635.07
2024-10-10,Email,Mobile,214,166,529,0.41,7,339.85
2024-10-10,Email,Tablet,42,35,130,0.329,2,119.62
2024-10-10,Organic Search,Desktop,850,664,2447,0.321,19,1379.68
2024-10-10,Organic Search,Mobile,1204,970,2493,0.438,21,1246.79
2024-10-10,Organic Search,Tablet,176,135,371,0.373,3,239.46
2024-10-10,Paid Search,Desktop,446,333,1406,0.311,21,1112.93
2024-10-10,Paid Search,Mobile,651,535,1817,0.419,15,743.56
2024-10-10,Paid Search,Tablet,88,71,276,0.379,3,171.4
2024-10-10,Referral,Desktop,193,159,425,0.39,6,446.95
2024-10-10,Referral,Mobile,185,156,494,0.467,3,221.02
2024-10-10,Referral,Tablet,32,27,90,0.318,1,80.93
2024-10-10,Social,Desktop,376,296,876,0.402,5,313.35
2024-10-10,Social,Mobile,514,420,1339,0.514,5,347.74
2024-10-10,Social,Tablet,82,67,223,0.33,1,83.19
2024-10-11,Direct,Desktop,619,532,1721,0.343,25,1223.39
2024-10-11,Direct,Mobile,676,550,1900,0.515,15,1044.88
2024-10-11,Direct,Tablet,93,78,197,0.389,2,121.58
2024-10-11,Email,Desktop,217,173,551,0.332,9,538.34
2024-10-11,Email,Mobile,249,191,617,0.417,9,724.13
2024-10-11,Email,Tablet,40,32,77,0.326,1,64.88
2024-10-11,Organic Search,Desktop,1044,833,2551,0.335,27,1884.26
2024-10-11,Organic Search,Mobile,1295,992,2974,0.486,17,1434.6
2024-10-11,Organic Search,Tablet,160,129,393,0.3,3,150.59
2024-10-11,Paid Search,Desktop,537,423,1679,0.388,18,1452.26
2024-10-11,Paid Search,Mobile,529,435,1597,0.509,16,1249.54
2024-10-11,Paid Search,Tablet,97,80,190,0.341,3,239.07
2024-10-11,Referral,Desktop,179,136,418,0.389,6,383.35
2024-10-11,Referral,Mobile,190,155,583,0.421,3,241.49
2024-10-11,Referral,Tablet,32,27,80,0.399,1,87.7
2024-10-11,Social,Desktop,411,332,1283,0.39,6,519.26
2024-10-11,Social,Mobile,480,357,1481,0.45,4,244.46
2024-10-11,Social,Tablet,72,55,200,0.381,1,61.8
2024-10-12,Direct,Desktop,516,418,984,0.415,16,1251.06
2024-10-12,Direct,Mobile,563,429,1651,0.413,12,750.45
2024-10-12,Direct,Tablet,88,75,203,0.346,2,112.17
2024-10-12,Email,Desktop,173,140,482,0.349,10,572.16
2024-10-12,Email,Mobile,199,154,481,0.441,6,327.64
2024-10-12,Email,Tablet,35,27,91,0.33,2,160.99
2024-10-12,Organic Search,Desktop,737,634,1676,0.379,23,1404.2
2024-10-12,Organic Search,Mobile,950,786,1861,0.461,16,1406.41
2024-10-12,Organic Search,Tablet,141,117,420,0.398,3,175.79
2024-10-12,Paid Search,Desktop,416,336,1134,0.334,14,810.94
2024-10-12,Paid Search,Mobile,519,430,1541,0.486,13,1038.15
2024-10-12,Paid Search,Tablet,86,69,155,0.375,2,98.05
2024-10-12,Referral,Desktop,144,119,437,0.415,4,272.1
2024-10-12,Referral,Mobile,182,153,560,0.438,3,181.53
2024-10-12,Referral,Tablet,28,24,72,0.319,1,76.54
2024-10-12,Social,Desktop,384,325,767,0.305,7,555.23
2024-10-12,Social,Mobile,428,318,1126,0.438,4,305.44
2024-10-12,Social,Tablet,69,57,189,0.333,1,76.74
2024-10-13,Direct,Desktop,406,308,1084,0.412,16,1241.35
2024-10-13,Direct,Mobile,611,460,1605,0.412,12,818.17
2024-10-13,Direct,Tablet,90,69,269,0.328,2,166.4
2024-10-13,Email,Desktop,149,114,460,0.374,8,465.28
2024-10-13,Email,Mobile,205,161,394,0.44,6,414.22
2024-10-13,Email,Tablet,35,29,73,0.382,1,83.57
2024-10-13,Organic Search,Desktop,769,644,1778,0.398,22,1146.2
2024-10-13,Organic Search,Mobile,1014,829,2632,0.515,19,1508.7
2024-10-13,Organic Search,Tablet,159,121,321,0.303,3,248.36
2024-10-13,Paid Search,Desktop,360,299,1042,0.336,18,1484.83
2024-10-13,Paid Search,Mobile,479,403,1298,0.404,14,909.59
2024-10-13,Paid Search,Tablet,89,74,163,0.346,3,197.25
2024-10-13,Referral,Desktop,142,115,266,0.354,4,284.6
2024-10-13,Referral,Mobile,169,137,330,0.42,3,151.6
2024-10-13,Referral,Tablet,28,23,58,0.339,1,68.39
2024-10-13,Social,Desktop,343,261,1048,0.367,4,218.06
2024-10-13,Social,Mobile,412,334,960,0.454,4,262.24
2024-10-13,Social,Tablet,73,60,160,0.338,1,67.29
2024-10-14,Direct,Desktop,568,456,1740,0.372,19,1217.21
2024-10-14,Direct,Mobile,720,600,2115,0.427,13,650.55
2024-10-14,Direct,Tablet,107,86,324,0.403,2,166.11
2024-10-14,Email,Desktop,198,155,375,0.394,11,716.63
2024-10-14,Email,Mobile,267,225,817,0.495,7,561.76
2024-10-14,Email,Tablet,46,37,141,0.303,2,144.72
2024-10-14,Organic Search,Desktop,972,738,2293,0.344,21,1479.75
2024-10-14,Organic Search,Mobile,1046,831,1883,0.469,16,823.78
2024-10-14,Organic Search,Tablet,193,162,367,0.371,4,200.69
2024-10-14,Paid Search,Desktop,519,407,1220,0.399,25,2184.83
2024-10-14,Paid Search,Mobile,636,537,1949,0.512,16,1248.51
2024-10-14,Paid Search,Tablet,96,77,198,0.371,3,165.77
2024-10-14,Referral,Desktop,147,117,420,0.387,4,294.85
2024-10-14,Referral,Mobile,181,136,380,0.415,3,218.65
2024-10-14,Referral,Tablet,32,26,98,0.391,1,81.51
2024-10-14,Social,Desktop,389,307,793,0.311,6,371.15
2024-10-14,Social,Mobile,531,403,1266,0.496,5,384.02
2024-10-14,Social,Tablet,86,67,231,0.329,1,73.69
2024-10-15,Direct,Desktop,631,535,1993,0.349,19,1359.24
2024-10-15,Direct,Mobile,681,520,2087,0.464,12,600.36
2024-10-15,Direct,Tablet,96,71,210,0.419,3,149.47
2024-10-15,Email,Desktop,200,159,589,0.322,11,847.62
2024-10-15,Email,Mobile,250,190,559,0.437,7,546.61
2024-10-15,Email,Tablet,38,30,107,0.32,1,66.67
2024-10-15,Organic Search,Desktop,892,715,2392,0.387,25,2040.05
2024-10-15,Organic Search,Mobile,969,788,2454,0.461,14,1162.2
2024-10-15,Organic Search,Tablet,201,166,610,0.355,4,238.91
2024-10-15,Paid Search,Desktop,512,383,958,0.31,18,917.6
2024-10-15,Paid Search,Mobile,609,463,1665,0.423,18,985.2
2024-10-15,Paid Search,Tablet,86,69,193,0.343,3,180.1
2024-10-15,Referral,Desktop,157,122,424,0.313,5,318.45
2024-10-15,Referral,Mobile,206,174,607,0.51,4,224.97
2024-10-15,Referral,Tablet,31,25,90,0.373,1,70.62
2024-10-15,Social,Desktop,381,292,1174,0.356,5,292.86
2024-10-15,Social,Mobile,554,472,1597,0.515,5,392.85
2024-10-15,Social,Tablet,75,60,143,0.401,1,49.26
2024-10-16,Direct,Desktop,620,468,1297,0.403,21,1697.89
2024-10-16,Direct,Mobile,747,576,1537,0.512,16,867.94
2024-10-16,Direct,Tablet,111,95,330,0.363,3,151.13
2024-10-16,Email,Desktop,200,160,585,0.338,9,713.09
2024-10-16,Email,Mobile,219,165,398,0.444,8,627.64
2024-10-16,Email,Tablet,37,32,93,0.349,1,53.01
2024-10-16,Organic Search,Desktop,834,633,1572,0.351,21,1524.16
2024-10-16,Organic Search,Mobile,1116,844,2225,0.402,21,1562.49
2024-10-16,Organic Search,Tablet,159,118,304,0.354,3,222.98
2024-10-16,Paid Search,Desktop,503,414,1016,0.376,20,1384.04
2024-10-16,Paid Search,Mobile,716,609,1974,0.434,16,1336.75
2024-10-16,Paid Search,Tablet,89,74,175,0.385,3,263.83
2024-10-16,Referral,Desktop,168,143,503,0.307,6,495.6
2024-10-16,Referral,Mobile,192,148,529,0.424,3,231.25
2024-10-16,Referral,Tablet,36,31,80,0.41,1,72.65
2024-10-16,Social,Desktop,464,370,1332,0.374,6,527.25
2024-10-16,Social,Mobile,549,417,1680,0.507,6,499.59
2024-10-16,Social,Tablet,70,55,140,0.351,1,60.01
2024-10-17,Direct,Desktop,624,486,1198,0.339,18,874.75
2024-10-17,Direct,Mobile,626,538,1387,0.506,15,1103.89
2024-10-17,Direct,Tablet,110,94,269,0.4,3,160.06
2024-10-17,Email,Desktop,216,179,452,0.356,10,676.2
2024-10-17,Email,Mobile,240,178,649,0.493,7,351.11
2024-10-17,Email,Tablet,41,31,123,0.397,1,65.46
2024-10-17,Organic Search,Desktop,998,844,2609,0.348,29,2366.62
2024-10-17,Organic Search,Mobile,1289,1028,3191,0.486,19,1258.84
2024-10-17,Organic Search,Tablet,207,167,466,0.312,4,275.27
2024-10-17,Paid Search,Desktop,601,481,1428,0.394,26,1877.05
2024-10-17,Paid Search,Mobile,626,501,1852,0.458,17,947.06
2024-10-17,Paid Search,Tablet,86,72,208,0.346,2,104.23
2024-10-17,Referral,Desktop,184,143,544,0.327,7,478.97
2024-10-17,Referral,Mobile,207,166,415,0.481,4,205.84
2024-10-17,Referral,Tablet,34,27,90,0.322,1,68.94
2024-10-17,Social,Desktop,409,315,931,0.396,7,361.62
2024-10-17,Social,Mobile,440,342,945,0.421,4,238.68
2024-10-17,Social,Tablet,85,71,168,0.327,1,49.96
2024-10-18,Direct,Desktop,568,423,1191,0.402,17,1187.53
2024-10-18,Direct,Mobile,640,503,1729,0.435,13,952.53
2024-10-18,Direct,Tablet,103,82,327,0.313,2,172.47
2024-10-18,Email,Desktop,183,149,582,0.325,9,510.24
2024-10-18,Email,Mobile,271,219,635,0.478,7,563.84
2024-10-18,Email,Tablet,38,29,97,0.32,1,49.64
2024-10-18,Organic Search,Desktop,1084,907,3118,0.314,29,2469.37
2024-10-18,Organic Search,Mobile,1238,1010,3617,0.442,18,1288.49
2024-10-18,Organic Search,Tablet,191,148,450,0.321,4,346.8
2024-10-18,Paid Search,Desktop,560,417,1151,0.387,25,2036.93
2024-10-18,Paid Search,Mobile,633,540,1740,0.446,15,953.48
2024-10-18,Paid Search,Tablet,105,88,309,0.373,3,228.75
2024-10-18,Referral,Desktop,192,147,367,0.4,5,325.15
2024-10-18,Referral,Mobile,178,138,498,0.402,3,222.72
2024-10-18,Referral,Tablet,31,24,96,0.341,1,60.61
2024-10-18,Social,Desktop,464,355,993,0.372,7,388.72
2024-10-18,Social,Mobile,489,371,1312,0.438,4,232.71
2024-10-18,Social,Tablet,90,68,249,0.413,1,82.18
2024-10-19,Direct,Desktop,510,379,1335,0.416,15,846.75
2024-10-19,Direct,Mobile,476,369,1344,0.465,9,656.59
2024-10-19,Direct,Tablet,79,59,218,0.418,2,132.01
2024-10-19,Email,Desktop,161,137,308,0.351,8,571.17
2024-10-19,Email,Mobile,182,154,382,0.435,5,278.8
2024-10-19,Email,Tablet,31,26,62,0.345,1,56.65
2024-10-19,Organic Search,Desktop,736,589,2039,0.318,22,1185.45
2024-10-19,Organic Search,Mobile,973,728,2561,0.509,16,815.74
2024-10-19,Organic Search,Tablet,143,121,265,0.303,2,142.88
2024-10-19,Paid Search,Desktop,402,318,1030,0.414,20,1110.49
2024-10-19,Paid Search,Mobile,502,429,1526,0.499,15,1062.18
2024-10-19,Paid Search,Tablet,83,62,239,0.378,2,127.95
2024-10-19,Referral,Desktop,140,113,362,0.396,5,243.92
2024-10-19,Referral,Mobile,154,130,365,0.409,3,209.45
2024-10-19,Referral,Tablet,29,22,68,0.384,1,81.1
2024-10-19,Social,Desktop,323,240,739,0.303,5,364.55
2024-10-19,Social,Mobile,405,347,1235,0.465,4,206.83
2024-10-19,Social,Tablet,66,53,133,0.35,1,80.29
2024-10-20,Direct,Desktop,441,370,1154,0.38,15,1017.64
2024-10-20,Direct,Mobile,470,366,1146,0.418,12,975.93
2024-10-20,Direct,Tablet,85,63,231,0.378,2,134.51
2024-10-20,Email,Desktop,168,128,330,0.322,10,617.19
2024-10-20,Email,Mobile,211,159,600,0.51,5,319.88
2024-10-20,Email,Tablet,36,29,98,0.323,1,66.59
2024-10-20,Organic Search,Desktop,836,704,1797,0.391,21,1654.14
2024-10-20,Organic Search,Mobile,952,794,1928,0.403,14,698.57
2024-10-20,Organic Search,Tablet,124,98,396,0.365,2,114.74
2024-10-20,Paid Search,Desktop,395,303,792,0.407,20,1531.9
2024-10-20,Paid Search,Mobile,484,364,1373,0.495,12,884.06
2024-10-20,Paid Search,Tablet,72,54,163,0.416,3,165.31
2024-10-20,Referral,Desktop,132,109,256,0.326,4,285.49
2024-10-20,Referral,Mobile,165,127,518,0.462,3,199.2
2024-10-20,Referral,Tablet,22,16,40,0.374,0,0.0
2024-10-20,Social,Desktop,328,277,876,0.312,6,449.01
2024-10-20,Social,Mobile,428,341,1244,0.423,4,240.2
2024-10-20,Social,Tablet,57,45,139,0.328,1,53.4
2024-10-21,Direct,Desktop,498,420,1020,0.344,20,1280.05
2024-10-21,Direct,Mobile,751,643,2352,0.463,15,1064.69
2024-10-21,Direct,Tablet,116,87,231,0.359,3,236.59
2024-10-21,Email,Desktop,235,181,451,0.36,11,749.38
2024-10-21,Email,Mobile,219,184,608,0.415,6,297.48
2024-10-21,Email,Tablet,45,35,115,0.396,2,126.62
2024-10-21,Organic Search,Desktop,1094,877,2870,0.346,32,2648.94
2024-10-21,Organic Search,Mobile,1023,861,3111,0.436,16,875.55
2024-10-21,Organic Search,Tablet,208,161,628,0.377,4,285.91
2024-10-21,Paid Search,Desktop,592,497,1510,0.319,24,1826.12
2024-10-21,Paid Search,Mobile,668,567,1862,0.483,20,1116.74
2024-10-21,Paid Search,Tablet,87,74,186,0.355,2,130.44
2024-10-21,Referral,Desktop,174,140,486,0.39,6,460.79
2024-10-21,Referral,Mobile,216,185,656,0.411,4,315.75
2024-10-21,Referral,Tablet,31,26,75,0.399,1,84.16
2024-10-21,Social,Desktop,463,374,1281,0.316,7,513.03
2024-10-21,Social,Mobile,450,361,827,0.498,4,212.69
2024-10-21,Social,Tablet,79,60,202,0.309,1,84.12
2024-10-22,Direct,Desktop,534,407,1427,0.303,18,1255.94
2024-10-22,Direct,Mobile,725,597,1634,0.439,17,1447.59
2024-10-22,Direct,Tablet,108,82,296,0.343,3,149.6
2024-10-22,Email,Desktop,193,163,397,0.362,10,656.77
2024-10-22,Email,Mobile,255,210,518,0.493,7,457.07
2024-10-22,Email,Tablet,38,31,115,0.337,2,112.86
2024-10-22,Organic Search,Desktop,948,717,2303,0.333,20,1042.09
2024-10-22,Organic Search,Mobile,1060,844,2708,0.48,14,1052.42
2024-10-22,Organic Search,Tablet,197,163,405,0.377,4,305.53
2024-10-22,Paid Search,Desktop,462,349,1113,0.408,20,1084.81
2024-10-22,Paid Search,Mobile,699,580,1948,0.408,15,1315.2
2024-10-22,Paid Search,Tablet,95,76,244,0.387,3,205.7
2024-10-22,Referral,Desktop,164,127,322,0.333,5,373.47
2024-10-22,Referral,Mobile,235,174,673,0.492,4,338.15
2024-10-22,Referral,Tablet,37,32,81,0.311,1,85.63
2024-10-22,Social,Desktop,431,320,864,0.329,7,451.34
2024-10-22,Social,Mobile,539,418,1459,0.464,4,315.03
2024-10-22,Social,Tablet,76,64,178,0.419,1,55.3
2024-10-23,Direct,Desktop,606,501,1798,0.363,18,1052.05
2024-10-23,Direct,Mobile,647,499,1607,0.495,12,625.87
2024-10-23,Direct,Tablet,107,80,267,0.371,2,157.91
2024-10-23,Email,Desktop,237,196,646,0.359,10,540.8
2024-10-23,Email,Mobile,221,171,540,0.403,8,642.69
2024-10-23,Email,Tablet,39,33,96,0.324,1,60.2
2024-10-23,Organic Search,Desktop,1014,828,2861,0.318,31,1924.46
2024-10-23,Organic Search,Mobile,1296,985,3882,0.432,21,1200.23
2024-10-23,Organic Search,Tablet,178,149,332,0.34,4,193.12
2024-10-23,Paid Search,Desktop,569,454,1326,0.406,22,1206.02
2024-10-23,Paid Search,Mobile,638,485,1970,0.498,16,1014.94
2024-10-23,Paid Search,Tablet,115,95,327,0.392,3,159.68
2024-10-23,Referral,Desktop,165,135,407,0.383,4,228.51
2024-10-23,Referral,Mobile,229,190,518,0.432,5,255.31
2024-10-23,Referral,Tablet,30,23,72,0.334,1,54.0
2024-10-23,Social,Desktop,381,327,1063,0.392,6,330.0
2024-10-23,Social,Mobile,458,386,1113,0.438,3,238.12
2024-10-23,Social,Tablet,89,68,206,0.414,1,81.44
2024-10-24,Direct,Desktop,616,520,1478,0.346,22,1586.07
2024-10-24,Direct,Mobile,770,646,2218,0.517,19,1457.65
2024-10-24,Direct,Tablet,119,100,296,0.397,3,163.1
2024-10-24,Email,Desktop,203,171,498,0.396,11,750.51
2024-10-24,Email,Mobile,242,183,713,0.451,8,458.66
2024-10-24,Email,Tablet,45,38,127,0.312,2,167.73
2024-10-24,Organic Search,Desktop,937,721,2522,0.316,20,1712.93
2024-10-24,Organic Search,Mobile,1223,1028,3009,0.509,22,1746.25
2024-10-24,Organic Search,Tablet,183,150,490,0.362,4,239.03
2024-10-24,Paid Search,Desktop,522,448,1095,0.316,22,1153.15
2024-10-24,Paid Search,Mobile,706,532,1652,0.441,18,1442.91
2024-10-24,Paid Search,Tablet,87,70,225,0.304,2,112.87
2024-10-24,Referral,Desktop,159,129,480,0.385,5,352.91
2024-10-24,Referral,Mobile,227,189,722,0.429,4,235.76
2024-10-24,Referral,Tablet,31,24,90,0.329,1,82.85
2024-10-24,Social,Desktop,438,372,868,0.414,6,467.67
2024-10-24,Social,Mobile,455,368,1378,0.409,5,294.88
2024-10-24,Social,Tablet,84,71,163,0.415,1,62.86
2024-10-25,Direct,Desktop,502,390,1069,0.313,20,1647.76
2024-10-25,Direct,Mobile,714,545,1931,0.476,16,803.77
2024-10-25,Direct,Tablet,121,103,335,0.385,3,252.97
2024-10-25,Email,Desktop,200,168,516,0.379,9,488.46
2024-10-25,Email,Mobile,283,230,836,0.51,7,359.86
2024-10-25,Email,Tablet,43,36,122,0.355,2,122.64
2024-10-25,Organic Search,Desktop,895,752,2023,0.368,21,1821.02
2024-10-25,Organic Search,Mobile,1109,834,2778,0.425,16,1017.55
2024-10-25,Organic Search,Tablet,166,130,378,0.395,3,233.44
2024-10-25,Paid Search,Desktop,510,400,1209,0.356,26,1887.83
2024-10-25,Paid Search,Mobile,540,443,1313,0.473,13,971.49
2024-10-25,Paid Search,Tablet,106,79,264,0.336,3,205.93
2024-10-25,Referral,Desktop,175,139,388,0.32,5,382.38
2024-10-25,Referral,Mobile,186,147,402,0.498,4,311.29
2024-10-25,Referral,Tablet,30,25,79,0.303,1,86.61
2024-10-25,Social,Desktop,423,328,1335,0.334,5,353.04
2024-10-25,Social,Mobile,490,392,1361,0.421,4,318.85
2024-10-25,Social,Tablet,92,72,269,0.4,1,61.41
2024-10-26,Direct,Desktop,443,357,1376,0.323,16,1192.63
2024-10-26,Direct,Mobile,585,472,1456,0.437,13,1068.52
2024-10-26,Direct,Tablet,77,60,147,0.365,2,140.33
2024-10-26,Email,Desktop,183,157,361,0.327,8,514.26
2024-10-26,Email,Mobile,230,178,438,0.499,8,527.31
2024-10-26,Email,Tablet,29,24,86,0.364,1,49.91
2024-10-26,Organic Search,Desktop,740,621,2301,0.413,19,1398.86
2024-10-26,Organic Search,Mobile,845,685,1590,0.505,13,733.86
2024-10-26,Organic Search,Tablet,164,128,455,0.323,4,336.05
2024-10-26,Paid Search,Desktop,479,410,1077,0.412,23,1353.89
2024-10-26,Paid Search,Mobile,470,367,1077,0.468,13,822.34
2024-10-26,Paid Search,Tablet,85,71,270,0.345,3,224.68
2024-10-26,Referral,Desktop,118,100,307,0.365,3,198.58
2024-10-26,Referral,Mobile,178,149,327,0.48,3,184.49
2024-10-26,Referral,Tablet,24,18,66,0.377,1,84.46
2024-10-26,Social,Desktop,296,240,925,0.401,5,372.44
2024-10-26,Social,Mobile,376,316,932,0.52,4,229.59
2024-10-26,Social,Tablet,75,57,137,0.364,1,59.07
2024-10-27,Direct,Desktop,396,310,1120,0.407,16,780.56
2024-10-27,Direct,Mobile,573,428,1181,0.405,12,772.94
2024-10-27,Direct,Tablet,75,56,142,0.341,2,111.95
2024-10-27,Email,Desktop,177,148,424,0.393,9,755.32
2024-10-27,Email,Mobile,186,152,551,0.469,6,406.16
2024-10-27,Email,Tablet,29,24,81,0.313,1,80.71
2024-10-27,Organic Search,Desktop,701,600,1913,0.354,17,1195.97
2024-10-27,Organic Search,Mobile,983,800,2931,0.46,15,799.69
2024-10-27,Organic Search,Tablet,154,129,470,0.308,3,183.74
2024-10-27,Paid Search,Desktop,422,344,1341,0.39,21,1425.79
2024-10-27,Paid Search,Mobile,454,348,1448,0.425,11,711.09
2024-10-27,Paid Search,Tablet,72,55,131,0.419,2,160.03
2024-10-27,Referral,Desktop,131,111,300,0.325,4,349.69
2024-10-27,Referral,Mobile,157,117,346,0.461,3,145.28
2024-10-27,Referral,Tablet,27,23,55,0.34,1,64.83
2024-10-27,Social,Desktop,318,255,679,0.351,6,390.24
2024-10-27,Social,Mobile,440,328,1052,0.403,4,253.77
2024-10-27,Social,Tablet,68,52,206,0.404,1,74.87
2024-10-28,Direct,Desktop,619,526,1762,0.416,18,1534.69
2024-10-28,Direct,Mobile,725,601,2044,0.424,16,864.97
2024-10-28,Direct,Tablet,105,80,285,0.415,3,214.8
2024-10-28,Email,Desktop,209,174,411,0.412,9,653.74
2024-10-28,Email,Mobile,226,187,475,0.424,7,454.28
2024-10-28,Email,Tablet,45,36,124,0.348,2,137.03
2024-10-28,Organic Search,Desktop,1087,843,3177,0.415,30,2491.26
2024-10-28,Organic Search,Mobile,975,737,2564,0.456,18,1049.1
2024-10-28,Organic Search,Tablet,206,164,404,0.374,4,279.59
2024-10-28,Paid Search,Desktop,604,452,1292,0.34,29,2425.12
2024-10-28,Paid Search,Mobile,618,511,1424,0.445,15,1028.02
2024-10-28,Paid Search,Tablet,86,65,194,0.377,3,245.14
2024-10-28,Referral,Desktop,163,133,521,0.4,6,350.74
2024-10-28,Referral,Mobile,214,181,567,0.467,4,338.71
2024-10-28,Referral,Tablet,37,28,70,0.38,1,70.59
2024-10-28,Social,Desktop,484,381,1297,0.37,8,507.33
2024-10-28,Social,Mobile,506,406,1269,0.43,4,278.64
2024-10-28,Social,Tablet,79,65,184,0.417,1,81.66
2024-10-29,Direct,Desktop,621,503,1784,0.392,23,2015.51
2024-10-29,Direct,Mobile,749,600,1638,0.487,14,894.99
2024-10-29,Direct,Tablet,124,92,388,0.378,3,215.49
2024-10-29,Email,Desktop,210,165,562,0.309,12,655.91
2024-10-29,Email,Mobile,247,185,669,0.505,9,438.7
2024-10-29,Email,Tablet,39,30,104,0.333,1,65.32
2024-10-29,Organic Search,Desktop,879,670,2301,0.405,23,1650.37
2024-10-29,Organic Search,Mobile,1093,887,2596,0.481,20,1742.99
2024-10-29,Organic Search,Tablet,198,167,427,0.311,3,247.68
2024-10-29,Paid Search,Desktop,474,381,1487,0.329,23,1503.68
2024-10-29,Paid Search,Mobile,630,500,1881,0.517,14,959.63
2024-10-29,Paid Search,Tablet,108,93,295,0.4,3,176.09
2024-10-29,Referral,Desktop,183,154,547,0.376,6,307.12
2024-10-29,Referral,Mobile,178,146,520,0.431,4,234.71
2024-10-29,Referral,Tablet,37,28,70,0.344,1,59.14
2024-10-29,Social,Desktop,418,348,1031,0.352,7,541.09
2024-10-29,Social,Mobile,439,337,1247,0.445,4,209.18
2024-10-29,Social,Tablet,78,65,187,0.391,1,52.54
2024-10-30,Direct,Desktop,601,511,1114,0.415,17,1252.74
2024-10-30,Direct,Mobile,657,520,2010,0.403,13,1024.39
2024-10-30,Direct,Tablet,99,75,208,0.33,2,144.5
2024-10-30,Email,Desktop,197,153,595,0.357,8,400.22
2024-10-30,Email,Mobile,262,213,771,0.468,9,582.63
2024-10-30,Email,Tablet,38,30,108,0.334,1,66.67
2024-10-30,Organic Search,Desktop,848,704,2420,0.342,25,1870.07
2024-10-30,Organic Search,Mobile,1193,907,3783,0.423,21,1413.85
2024-10-30,Organic Search,Tablet,200,169,586,0.389,4,349.83
2024-10-30,Paid Search,Desktop,545,421,1393,0.351,19,1533.2
2024-10-30,Paid Search,Mobile,593,485,1112,0.451,15,922.03
2024-10-30,Paid Search,Tablet,95,76,292,0.367,3,249.8
2024-10-30,Referral,Desktop,183,141,484,0.395,6,322.46
2024-10-30,Referral,Mobile,179,137,417,0.479,3,184.41
2024-10-30,Referral,Tablet,31,26,58,0.338,1,78.93
2024-10-30,Social,Desktop,479,401,1319,0.337,8,489.16
2024-10-30,Social,Mobile,524,444,1104,0.519,4,226.22
2024-10-30,Social,Tablet,82,62,188,0.341,1,51.94
2024-10-31,Direct,Desktop,599,506,1376,0.343,19,1617.9
2024-10-31,Direct,Mobile,600,502,1747,0.482,11,587.18
2024-10-31,Direct,Tablet,124,102,349,0.323,3,209.47
2024-10-31,Email,Desktop,233,177,716,0.332,10,766.94
2024-10-31,Email,Mobile,229,188,569,0.435,8,685.52
2024-10-31,Email,Tablet,46,36,110,0.32,2,96.99
2024-10-31,Organic Search,Desktop,1096,823,3202,0.316,25,1999.34
2024-10-31,Organic Search,Mobile,1123,868,2694,0.457,14,814.1
2024-10-31,Organic Search,Tablet,180,147,522,0.314,4,325.14
2024-10-31,Paid Search,Desktop,475,390,1438,0.395,22,1506.19
2024-10-31,Paid Search,Mobile,636,524,1539,0.476,15,787.1
2024-10-31,Paid Search,Tablet,113,97,216,0.311,3,248.01
2024-10-31,Referral,Desktop,181,145,503,0.325,6,360.68
2024-10-31,Referral,Mobile,209,167,485,0.438,4,200.81
2024-10-31,Referral,Tablet,34,27,102,0.371,1,81.81
2024-10-31,Social,Desktop,396,331,1147,0.347,5,242.79
2024-10-31,Social,Mobile,449,346,987,0.451,4,344.36
2024-10-31,Social,Tablet,74,62,171,0.346,1,57.93
2024-11-01,Direct,Desktop,522,389,1074,0.333,19,1489.05
2024-11-01,Direct,Mobile,762,631,2014,0.456,17,1370.24
2024-11-01,Direct,Tablet,96,80,284,0.35,3,216.88
2024-11-01,Email,Desktop,228,176,632,0.347,10,798.34
2024-11-01,Email,Mobile,284,213,853,0.439,9,591.02
2024-11-01,Email,Tablet,42,32,132,0.347,2,104.94
2024-11-01,Organic Search,Desktop,877,698,2548,0.351,19,1517.55
2024-11-01,Organic Search,Mobile,1262,948,2419,0.405,22,1131.41
2024-11-01,Organic Search,Tablet,175,143,519,0.357,3,171.63
2024-11-01,Paid Search,Desktop,580,431,1157,0.408,23,1734.54
2024-11-01,Paid Search,Mobile,587,496,1443,0.439,14,888.11
2024-11-01,Paid Search,Tablet,109,84,264,0.395,4,339.67
2024-11-01,Referral,Desktop,191,151,399,0.373,6,383.0
2024-11-01,Referral,Mobile,227,178,556,0.465,5,362.68
2024-11-01,Referral,Tablet,34,26,95,0.337,1,71.93
2024-11-01,Social,Desktop,447,381,1191,0.352,8,550.7
2024-11-01,Social,Mobile,482,414,1127,0.506,5,293.68
2024-11-01,Social,Tablet,92,69,179,0.398,1,71.0
2024-11-02,Direct,Desktop,492,369,1468,0.334,18,1121.15
2024-11-02,Direct,Mobile,535,416,984,0.489,12,600.04
2024-11-02,Direct,Tablet,93,76,231,0.364,3,202.64
2024-11-02,Email,Desktop,171,136,344,0.345,9,645.92
2024-11-02,Email,Mobile,175,150,440,0.43,4,238.99
2024-11-02,Email,Tablet,32,26,78,0.346,1,58.08
2024-11-02,Organic Search,Desktop,702,562,1735,0.31,17,1269.69
2024-11-02,Organic Search,Mobile,1014,848,2648,0.439,15,1167.79
2024-11-02,Organic Search,Tablet,162,121,311,0.323,3,189.94
2024-11-02,Paid Search,Desktop,455,380,1086,0.364,18,1470.06
2024-11-02,Paid Search,Mobile,531,438,1230,0.476,12,853.06
2024-11-02,Paid Search,Tablet,87,70,274,0.412,3,198.04
2024-11-02,Referral,Desktop,145,108,365,0.339,5,260.11
2024-11-02,Referral,Mobile,175,147,344,0.496,3,197.91
2024-11-02,Referral,Tablet,23,19,60,0.408,1,53.11
2024-11-02,Social,Desktop,306,244,962,0.387,4,323.9
2024-11-02,Social,Mobile,454,378,1363,0.472,4,317.21
2024-11-02,Social,Tablet,61,48,179,0.384,1,74.82
2024-11-03,Direct,Desktop,522,448,1424,0.382,20,1300.26
2024-11-03,Direct,Mobile,509,380,1241,0.466,12,968.12
2024-11-03,Direct,Tablet,76,58,191,0.377,2,100.01
2024-11-03,Email,Desktop,152,114,474,0.319,8,395.85
2024-11-03,Email,Mobile,189,140,570,0.473,6,384.85
2024-11-03,Email,Tablet,33,27,88,0.417,1,64.25
2024-11-03,Organic Search,Desktop,734,572,2239,0.366,19,1281.57
2024-11-03,Organic Search,Mobile,955,778,2084,0.446,13,1046.79
2024-11-03,Organic Search,Tablet,148,115,450,0.414,3,262.59
2024-11-03,Paid Search,Desktop,389,330,817,0.301,15,1241.88
2024-11-03,Paid Search,Mobile,567,476,1086,0.5,13,846.83
2024-11-03,Paid Search,Tablet,80,63,222,0.347,3,262.64
2024-11-03,Referral,Desktop,148,121,410,0.343,5,432.27
2024-11-03,Referral,Mobile,153,118,310,0.44,2,168.05
2024-11-03,Referral,Tablet,25,19,58,0.382,1,85.39
2024-11-03,Social,Desktop,382,283,942,0.414,7,513.94
2024-11-03,Social,Mobile,415,332,776,0.466,4,320.25
2024-11-03,Social,Tablet,75,64,199,0.387,1,59.73
2024-11-04,Direct,Desktop,513,435,1562,0.309,18,1544.45
2024-11-04,Direct,Mobile,643,519,1773,0.473,16,857.93
2024-11-04,Direct,Tablet,96,74,210,0.321,2,122.74
2024-11-04,Email,Desktop,225,170,507,0.356,14,760.55
2024-11-04,Email,Mobile,278,227,810,0.477,10,532.64
2024-11-04,Email,Tablet,43,32,124,0.366,1,67.44
2024-11-04,Organic Search,Desktop,1081,805,3009,0.396,25,1444.97
2024-11-04,Organic Search,Mobile,1274,1053,3925,0.515,23,1125.65
2024-11-04,Organic Search,Tablet,176,150,468,0.331,4,316.69
2024-11-04,Paid Search,Desktop,488,416,1524,0.321,24,1988.25
2024-11-04,Paid Search,Mobile,672,571,1330,0.488,17,953.47
2024-11-04,Paid Search,Tablet,113,88,279,0.381,3,178.27
2024-11-04,Referral,Desktop,156,118,286,0.365,6,526.19
2024-11-04,Referral,Mobile,211,166,589,0.478,4,205.01
2024-11-04,Referral,Tablet,30,24,95,0.342,1,72.74
2024-11-04,Social,Desktop,492,414,1249,0.387,6,315.92
2024-11-04,Social,Mobile,501,427,1013,0.505,4,245.15
2024-11-04,Social,Tablet,78,65,219,0.331,1,56.97
2024-11-05,Direct,Desktop,525,438,1620,0.327,18,1199.51
2024-11-05,Direct,Mobile,701,539,1378,0.428,16,1317.38
2024-11-05,Direct,Tablet,125,95,271,0.32,3,208.85
2024-11-05,Email,Desktop,185,150,466,0.394,11,792.63
2024-11-05,Email,Mobile,247,198,680,0.506,7,351.56
2024-11-05,Email,Tablet,36,30,113,0.382,1,75.21
2024-11-05,Organic Search,Desktop,930,702,2397,0.384,28,2147.73
2024-11-05,Organic Search,Mobile,1038,843,2813,0.468,16,1382.84
2024-11-05,Organic Search,Tablet,157,131,363,0.317,3,206.46
2024-11-05,Paid Search,Desktop,577,445,1792,0.399,21,1315.34
2024-11-05,Paid Search,Mobile,615,497,1896,0.435,19,1533.52
2024-11-05,Paid Search,Tablet,89,66,267,0.405,3,207.66
2024-11-05,Referral,Desktop,149,120,377,0.302,5,365.24
2024-11-05,Referral,Mobile,196,145,418,0.487,3,223.42
2024-11-05,Referral,Tablet,38,30,97,0.311,1,67.08
2024-11-05,Social,Desktop,414,321,847,0.405,7,555.72
2024-11-05,Social,Mobile,459,384,1137,0.514,4,350.19
2024-11-05,Social,Tablet,77,58,236,0.328,1,64.8
2024-11-06,Direct,Desktop,655,517,1234,0.357,22,1439.12
2024-11-06,Direct,Mobile,679,566,2071,0.465,16,846.66
2024-11-06,Direct,Tablet,106,80,277,0.315,3,196.98
2024-11-06,Email,Desktop,181,147,452,0.336,9,513.12
2024-11-06,Email,Mobile,262,213,631,0.407,8,682.01
2024-11-06,Email,Tablet,42,35,80,0.366,1,58.24
2024-11-06,Organic Search,Desktop,992,805,2854,0.354,25,1541.53
2024-11-06,Organic Search,Mobile,1321,1096,2750,0.454,25,2115.01
2024-11-06,Organic Search,Tablet,197,162,592,0.318,4,291.72
2024-11-06,Paid Search,Desktop,488,361,1175,0.343,24,1963.29
2024-11-06,Paid Search,Mobile,693,554,1493,0.433,21,1643.12
2024-11-06,Paid Search,Tablet,98,82,278,0.339,3,251.1
2024-11-06,Referral,Desktop,173,137,396,0.331,5,378.17
2024-11-06,Referral,Mobile,209,163,439,0.477,4,328.04
2024-11-06,Referral,Tablet,30,22,55,0.397,1,84.18
2024-11-06,Social,Desktop,448,364,1298,0.402,8,588.54
2024-11-06,Social,Mobile,577,448,1090,0.444,6,395.96
2024-11-06,Social,Tablet,90,67,202,0.32,1,67.84
2024-11-07,Direct,Desktop,623,515,1319,0.358,25,1558.82
2024-11-07,Direct,Mobile,657,552,1873,0.44,15,1132.04
2024-11-07,Direct,Tablet,118,96,281,0.3,3,200.7
2024-11-07,Email,Desktop,188,145,502,0.35,9,701.07
2024-11-07,Email,Mobile,257,214,566,0.505,9,617.46
2024-11-07,Email,Tablet,36,30,102,0.402,1,72.25
2024-11-07,Organic Search,Desktop,940,697,1853,0.336,29,2430.17
2024-11-07,Organic Search,Mobile,1289,1019,4085,0.505,20,1007.08
2024-11-07,Organic Search,Tablet,160,119,455,0.373,3,154.55
2024-11-07,Paid Search,Desktop,556,430,1561,0.38,26,2222.38
2024-11-07,Paid Search,Mobile,692,513,1548,0.47,19,1642.49
2024-11-07,Paid Search,Tablet,116,95,300,0.32,3,187.03
2024-11-07,Referral,Desktop,193,162,530,0.314,6,407.9
2024-11-07,Referral,Mobile,212,173,552,0.404,4,253.61
2024-11-07,Referral,Tablet,38,30,87,0.411,1,81.96
2024-11-07,Social,Desktop,445,374,1409,0.362,7,575.22
2024-11-07,Social,Mobile,589,483,1433,0.519,4,196.71
2024-11-07,Social,Tablet,76,65,177,0.34,1,70.74
2024-11-08,Direct,Desktop,648,490,1242,0.378,21,1434.84
2024-11-08,Direct,Mobile,682,543,1280,0.446,12,823.47
2024-11-08,Direct,Tablet,108,80,318,0.347,3,180.4
2024-11-08,Email,Desktop,195,157,612,0.411,9,647.49
2024-11-08,Email,Mobile,257,193,703,0.421,8,620.9
2024-11-08,Email,Tablet,38,31,101,0.375,2,164.49
2024-11-08,Organic Search,Desktop,1089,923,2575,0.41,26,2267.29
2024-11-08,Organic Search,Mobile,1305,1117,2488,0.484,23,1810.51
2024-11-08,Organic Search,Tablet,205,153,451,0.411,4,346.55
2024-11-08,Paid Search,Desktop,555,474,1037,0.416,22,1365.49
2024-11-08,Paid Search,Mobile,683,585,1570,0.433,21,1196.3
2024-11-08,Paid Search,Tablet,112,87,247,0.367,4,318.54
2024-11-08,Referral,Desktop,150,117,372,0.393,5,302.3
2024-11-08,Referral,Mobile,193,144,598,0.421,3,252.02
2024-11-08,Referral,Tablet,36,29,87,0.376,1,70.21
2024-11-08,Social,Desktop,460,371,1385,0.393,8,658.9
2024-11-08,Social,Mobile,586,434,1457,0.42,6,389.95
2024-11-08,Social,Tablet,77,62,157,0.336,1,51.97
2024-11-09,Direct,Desktop,469,368,1078,0.409,15,744.14
2024-11-09,Direct,Mobile,570,448,1500,0.451,13,1109.23
2024-11-09,Direct,Tablet,99,74,273,0.365,3,236.73
2024-11-09,Email,Desktop,177,132,480,0.322,10,532.79
2024-11-09,Email,Mobile,193,158,533,0.401,6,499.87
2024-11-09,Email,Tablet,37,28,93,0.349,1,52.9
2024-11-09,Organic Search,Desktop,863,648,2630,0.393,25,1400.71
2024-11-09,Organic Search,Mobile,1042,839,2176,0.479,20,1470.27
2024-11-09,Organic Search,Tablet,139,113,340,0.398,3,216.65
2024-11-09,Paid Search,Desktop,451,376,1376,0.381,20,1411.86
2024-11-09,Paid Search,Mobile,519,437,1009,0.511,15,849.57
2024-11-09,Paid Search,Tablet,70,58,154,0.419,2,148.81
2024-11-09,Referral,Desktop,122,96,287,0.341,4,346.04
2024-11-09,Referral,Mobile,150,114,367,0.417,3,209.13
2024-11-09,Referral,Tablet,28,22,60,0.356,1,74.91
2024-11-09,Social,Desktop,311,251,775,0.311,5,382.62
2024-11-09,Social,Mobile,390,308,1041,0.421,3,156.31
2024-11-09,Social,Tablet,60,51,180,0.334,1,65.72
2024-11-10,Direct,Desktop,529,422,1090,0.374,19,1467.94
2024-11-10,Direct,Mobile,607,492,1858,0.425,10,492.08
2024-11-10,Direct,Tablet,91,77,271,0.378,3,155.54
2024-11-10,Email,Desktop,185,159,570,0.352,9,527.67
2024-11-10,Email,Mobile,177,142,459,0.449,6,328.37
2024-11-10,Email,Tablet,34,26,80,0.402,1,65.22
2024-11-10,Organic Search,Desktop,804,609,1464,0.311,21,1199.95
2024-11-10,Organic Search,Mobile,963,821,2307,0.458,16,938.19
2024-11-10,Organic Search,Tablet,143,122,425,0.335,2,137.13
2024-11-10,Paid Search,Desktop,417,325,1293,0.392,19,1321.62
2024-11-10,Paid Search,Mobile,538,453,1384,0.506,13,663.24
2024-11-10,Paid Search,Tablet,78,62,229,0.354,2,128.63
2024-11-10,Referral,Desktop,151,123,474,0.324,5,398.17
2024-11-10,Referral,Mobile,155,128,419,0.465,3,209.91
2024-11-10,Referral,Tablet,29,22,73,0.406,1,84.51
2024-11-10,Social,Desktop,328,252,614,0.329,4,325.5
2024-11-10,Social,Mobile,410,337,825,0.514,4,206.05
2024-11-10,Social,Tablet,70,58,197,0.319,1,70.24
2024-11-11,Direct,Desktop,568,459,1231,0.338,17,835.3
2024-11-11,Direct,Mobile,742,595,2214,0.461,13,980.97
2024-11-11,Direct,Tablet,102,80,287,0.339,2,106.88
2024-11-11,Email,Desktop,182,143,516,0.395,10,717.26
2024-11-11,Email,Mobile,240,193,672,0.402,6,304.41
2024-11-11,Email,Tablet,39,33,121,0.38,1,83.19
2024-11-11,Organic Search,Desktop,918,767,2937,0.412,28,2129.45
2024-11-11,Organic Search,Mobile,1052,810,2981,0.479,19,1054.7
2024-11-11,Organic Search,Tablet,186,148,518,0.343,4,318.6
2024-11-11,Paid Search,Desktop,565,435,1451,0.393,21,1418.37
2024-11-11,Paid Search,Mobile,716,583,2016,0.502,18,1470.37
2024-11-11,Paid Search,Tablet,116,88,222,0.329,3,144.07
2024-11-11,Referral,Desktop,184,154,493,0.371,7,610.93
2024-11-11,Referral,Mobile,201,158,554,0.472,4,197.87
2024-11-11,Referral,Tablet,34,26,90,0.315,1,76.43
2024-11-11,Social,Desktop,424,361,1337,0.322,6,340.63
2024-11-11,Social,Mobile,507,391,1512,0.437,5,401.67
2024-11-11,Social,Tablet,92,78,185,0.361,1,83.86
2024-11-12,Direct,Desktop,637,501,2038,0.351,26,2002.01
2024-11-12,Direct,Mobile,707,557,1475,0.448,16,843.99
2024-11-12,Direct,Tablet,125,102,265,0.417,4,289.43
2024-11-12,Email,Desktop,198,160,631,0.369,10,580.14
2024-11-12,Email,Mobile,285,213,771,0.436,9,481.91
2024-11-12,Email,Tablet,43,35,88,0.361,2,115.69
2024-11-12,Organic Search,Desktop,922,716,2486,0.392,24,1863.72
2024-11-12,Organic Search,Mobile,1288,971,2512,0.487,19,1391.45
2024-11-12,Organic Search,Tablet,176,136,402,0.387,3,232.9
2024-11-12,Paid Search,Desktop,487,414,1247,0.322,17,1312.76
2024-11-12,Paid Search,Mobile,615,491,1496,0.512,18,1412.42
2024-11-12,Paid Search,Tablet,100,82,291,0.315,3,188.28
2024-11-12,Referral,Desktop,172,134,379,0.375,6,381.19
2024-11-12,Referral,Mobile,222,183,547,0.51,4,253.7
2024-11-12,Referral,Tablet,37,29,87,0.393,1,85.92
2024-11-12,Social,Desktop,491,389,1284,0.383,9,548.98
2024-11-12,Social,Mobile,479,390,905,0.457,3,204.98
2024-11-12,Social,Tablet,86,69,229,0.412,1,63.64
2024-11-13,Direct,Desktop,629,495,1997,0.323,26,1307.5
2024-11-13,Direct,Mobile,707,538,1519,0.43,16,788.95
2024-11-13,Direct,Tablet,97,82,266,0.419,3,178.12
2024-11-13,Email,Desktop,185,142,446,0.408,10,496.35
2024-11-13,Email,Mobile,218,187,672,0.512,7,415.04
2024-11-13,Email,Tablet,37,29,78,0.328,1,50.38
2024-11-13,Organic Search,Desktop,953,717,2138,0.409,25,2016.18
2024-11-13,Organic Search,Mobile,1325,1088,3518,0.472,22,1825.24
2024-11-13,Organic Search,Tablet,198,161,420,0.38,3,165.25
2024-11-13,Paid Search,Desktop,578,449,1345,0.387,27,1339.57
2024-11-13,Paid Search,Mobile,610,501,1881,0.503,14,688.11
2024-11-13,Paid Search,Tablet,95,70,210,0.402,3,196.7
2024-11-13,Referral,Desktop,180,140,348,0.314,5,348.32
2024-11-13,Referral,Mobile,222,176,647,0.431,5,379.96
2024-11-13,Referral,Tablet,35,26,91,0.402,1,82.77
2024-11-13,Social,Desktop,397,315,880,0.37,5,313.92
2024-11-13,Social,Mobile,471,368,1395,0.511,4,219.91
2024-11-13,Social,Tablet,94,71,216,0.413,1,56.98
2024-11-14,Direct,Desktop,601,479,1541,0.336,19,1581.78
2024-11-14,Direct,Mobile,752,629,2257,0.42,18,1337.03
2024-11-14,Direct,Tablet,125,102,343,0.38,3,234.87
2024-11-14,Email,Desktop,216,162,447,0.379,10,633.92
2024-11-14,Email,Mobile,220,163,580,0.436,7,365.35
2024-11-14,Email,Tablet,42,34,126,0.386,2,110.61
2024-11-14,Organic Search,Desktop,938,757,2692,0.304,27,2193.45
2024-11-14,Organic Search,Mobile,1047,809,2308,0.467,17,1226.56
2024-11-14,Organic Search,Tablet,168,128,482,0.31,3,221.43
2024-11-14,Paid Search,Desktop,506,380,919,0.378,24,1451.68
2024-11-14,Paid Search,Mobile,674,504,2012,0.515,16,1303.57
2024-11-14,Paid Search,Tablet,92,69,202,0.332,3,153.23
2024-11-14,Referral,Desktop,183,147,489,0.408,5,323.43
2024-11-14,Referral,Mobile,203,152,639,0.497,4,247.75
2024-11-14,Referral,Tablet,34,25,108,0.391,1,49.43
2024-11-14,Social,Desktop,468,350,1282,0.366,7,552.03
2024-11-14,Social,Mobile,507,404,1126,0.43,5,384.07
2024-11-14,Social,Tablet,94,78,224,0.345,1,82.07
2024-11-15,Direct,Desktop,549,417,1649,0.311,23,2023.68
2024-11-15,Direct,Mobile,658,513,1626,0.41,15,752.13
2024-11-15,Direct,Tablet,111,88,292,0.349,3,155.85
2024-11-15,Email,Desktop,186,139,434,0.395,8,403.81
2024-11-15,Email,Mobile,234,180,475,0.467,6,358.94
2024-11-15,Email,Tablet,38,29,108,0.371,1,70.97
2024-11-15,Organic Search,Desktop,955,751,2074,0.379,26,2217.2
2024-11-15,Organic Search,Mobile,1300,1055,3132,0.451,20,1626.14
2024-11-15,Organic Search,Tablet,180,148,571,0.397,3,194.8
2024-11-15,Paid Search,Desktop,588,501,1263,0.396,24,1620.48
2024-11-15,Paid Search,Mobile,544,447,1584,0.464,14,939.68
2024-11-15,Paid Search,Tablet,108,81,205,0.314,3,183.75
2024-11-15,Referral,Desktop,159,123,360,0.338,6,341.76
2024-11-15,Referral,Mobile,197,148,482,0.43,4,312.8
2024-11-15,Referral,Tablet,31,26,83,0.408,1,76.14
2024-11-15,Social,Desktop,376,307,1096,0.345,6,288.99
2024-11-15,Social,Mobile,548,451,1503,0.492,5,401.94
2024-11-15,Social,Tablet,72,55,200,0.334,1,48.48
2024-11-16,Direct,Desktop,454,377,907,0.4,17,1343.45
2024-11-16,Direct,Mobile,537,417,1469,0.447,11,772.03
2024-11-16,Direct,Tablet,93,72,218,0.33,3,175.16
2024-11-16,Email,Desktop,183,149,498,0.387,11,843.65
2024-11-16,Email,Mobile,179,143,472,0.452,6,340.81
2024-11-16,Email,Tablet,29,22,74,0.385,1,86.92
2024-11-16,Organic Search,Desktop,687,511,1753,0.395,19,1165.22
2024-11-16,Organic Search,Mobile,805,634,1999,0.501,12,957.97
2024-11-16,Organic Search,Tablet,152,128,354,0.41,2,170.94
2024-11-16,Paid Search,Desktop,414,311,922,0.325,20,1217.33
2024-11-16,Paid Search,Mobile,564,476,1452,0.439,16,1275.77
2024-11-16,Paid Search,Tablet,71,60,152,0.381,2,156.65
2024-11-16,Referral,Desktop,137,103,283,0.321,4,254.12
2024-11-16,Referral,Mobile,189,147,433,0.466,4,308.87
2024-11-16,Referral,Tablet,30,25,89,0.32,1,80.81
2024-11-16,Social,Desktop,343,281,785,0.403,5,355.58
2024-11-16,Social,Mobile,454,389,1271,0.447,5,348.19
2024-11-16,Social,Tablet,65,52,206,0.343,1,79.34
2024-11-17,Direct,Desktop,505,426,1174,0.406,17,1240.04
2024-11-17,Direct,Mobile,634,545,1301,0.491,16,993.7
2024-11-17,Direct,Tablet,78,58,164,0.41,2,105.46
2024-11-17,Email,Desktop,150,116,271,0.344,7,598.79
2024-11-17,Email,Mobile,180,136,573,0.489,5,411.01
2024-11-17,Email,Tablet,35,28,64,0.311,1,54.45
2024-11-17,Organic Search,Desktop,753,608,1412,0.384,19,1136.92
2024-11-17,Organic Search,Mobile,894,735,2128,0.504,14,1108.81
2024-11-17,Organic Search,Tablet,171,136,480,0.304,4,338.34
2024-11-17,Paid Search,Desktop,370,285,956,0.36,13,725.55
2024-11-17,Paid Search,Mobile,503,407,1450,0.436,15,1064.6
2024-11-17,Paid Search,Tablet,76,64,171,0.391,3,240.61
2024-11-17,Referral,Desktop,151,116,319,0.345,5,322.53
2024-11-17,Referral,Mobile,145,109,284,0.402,3,148.72
2024-11-17,Referral,Tablet,25,19,54,0.335,1,78.13
2024-11-17,Social,Desktop,370,275,963,0.41,5,430.23
2024-11-17,Social,Mobile,396,301,1126,0.404,3,250.82
2024-11-17,Social,Tablet,73,58,181,0.347,1,74.55
2024-11-18,Direct,Desktop,620,496,1849,0.402,24,1757.13
2024-11-18,Direct,Mobile,651,494,1982,0.518,16,1361.42
2024-11-18,Direct,Tablet,125,105,358,0.307,3,241.4
2024-11-18,Email,Desktop,190,153,557,0.371,8,671.71
2024-11-18,Email,Mobile,272,218,710,0.469,8,590.8
2024-11-18,Email,Tablet,42,35,131,0.363,1,72.64
2024-11-18,Organic Search,Desktop,875,752,2497,0.347,23,1746.36
2024-11-18,Organic Search,Mobile,1261,1051,3734,0.472,22,1306.67
2024-11-18,Organic Search,Tablet,192,143,604,0.321,3,220.9
2024-11-18,Paid Search,Desktop,507,395,1285,0.352,20,1748.34
2024-11-18,Paid Search,Mobile,627,473,1634,0.436,13,1098.6
2024-11-18,Paid Search,Tablet,105,81,326,0.377,3,198.26
2024-11-18,Referral,Desktop,169,132,508,0.357,6,312.78
2024-11-18,Referral,Mobile,179,135,469,0.498,3,163.98
2024-11-18,Referral,Tablet,32,24,70,0.398,1,61.18
2024-11-18,Social,Desktop,401,312,976,0.377,5,325.07
2024-11-18,Social,Mobile,540,453,1567,0.513,4,333.21
2024-11-18,Social,Tablet,96,81,258,0.347,1,62.47
2024-11-19,Direct,Desktop,647,540,1459,0.412,22,1522.32
2024-11-19,Direct,Mobile,671,498,1963,0.434,13,1106.99
2024-11-19,Direct,Tablet,99,77,208,0.391,2,170.72
2024-11-19,Email,Desktop,201,166,555,0.363,11,639.02
2024-11-19,Email,Mobile,264,200,745,0.443,7,384.46
2024-11-19,Email,Tablet,40,30,76,0.308,2,170.57
2024-11-19,Organic Search,Desktop,849,641,2195,0.346,19,1468.08
2024-11-19,Organic Search,Mobile,1023,821,2632,0.425,16,980.3
2024-11-19,Organic Search,Tablet,168,125,445,0.324,4,267.31
2024-11-19,Paid Search,Desktop,567,486,1245,0.372,27,1522.63
2024-11-19,Paid Search,Mobile,569,453,1452,0.48,17,922.86
2024-11-19,Paid Search,Tablet,94,73,186,0.399,3,156.8
2024-11-19,Referral,Desktop,189,148,456,0.315,5,407.3
2024-11-19,Referral,Mobile,197,150,513,0.451,4,330.25
2024-11-19,Referral,Tablet,31,24,65,0.384,1,65.9
2024-11-19,Social,Desktop,476,359,1242,0.338,8,388.26
2024-11-19,Social,Mobile,591,456,1244,0.436,5,336.25
2024-11-19,Social,Tablet,75,63,191,0.41,1,59.92
2024-11-20,Direct,Desktop,545,404,1054,0.304,18,969.37
2024-11-20,Direct,Mobile,693,521,1760,0.424,16,1326.89
2024-11-20,Direct,Tablet,110,84,309,0.341,3,216.97
2024-11-20,Email,Desktop,228,170,458,0.36,13,1036.63
2024-11-20,Email,Mobile,239,192,707,0.509,6,513.8
2024-11-20,Email,Tablet,35,26,108,0.411,1,72.84
2024-11-20,Organic Search,Desktop,951,725,3017,0.377,23,1343.16
2024-11-20,Organic Search,Mobile,1315,1094,3811,0.485,20,1199.51
2024-11-20,Organic Search,Tablet,191,156,504,0.369,3,248.89
2024-11-20,Paid Search,Desktop,608,456,1837,0.362,26,1566.32
2024-11-20,Paid Search,Mobile,670,533,1969,0.519,19,1392.01
2024-11-20,Paid Search,Tablet,104,83,269,0.39,3,164.87
2024-11-20,Referral,Desktop,195,153,462,0.392,6,304.97
2024-11-20,Referral,Mobile,180,143,573,0.493,4,290.25
2024-11-20,Referral,Tablet,30,23,96,0.346,1,72.02
2024-11-20,Social,Desktop,446,337,895,0.354,7,467.77
2024-11-20,Social,Mobile,517,407,1277,0.419,5,364.28
2024-11-20,Social,Tablet,92,72,191,0.332,1,76.59
2024-11-21,Direct,Desktop,507,408,1547,0.329,21,1154.25
2024-11-21,Direct,Mobile,693,535,1554,0.454,13,874.14
2024-11-21,Direct,Tablet,121,93,309,0.399,3,162.91
2024-11-21,Email,Desktop,216,174,438,0.375,9,711.98
2024-11-21,Email,Mobile,260,195,645,0.467,8,587.83
2024-11-21,Email,Tablet,38,31,109,0.385,1,87.9
2024-11-21,Organic Search,Desktop,835,698,2203,0.354,21,1167.98
2024-11-21,Organic Search,Mobile,1203,949,2470,0.46,19,1642.15
2024-11-21,Organic Search,Tablet,203,159,596,0.324,4,344.07
2024-11-21,Paid Search,Desktop,605,501,1466,0.306,25,1911.65
2024-11-21,Paid Search,Mobile,569,485,1288,0.425,14,1056.21
2024-11-21,Paid Search,Tablet,109,84,253,0.367,3,158.59
2024-11-21,Referral,Desktop,160,137,317,0.392,5,406.13
2024-11-21,Referral,Mobile,215,180,401,0.508,4,221.95
2024-11-21,Referral,Tablet,33,27,70,0.418,1,79.23
2024-11-21,Social,Desktop,443,369,1087,0.331,7,351.93
2024-11-21,Social,Mobile,511,432,1352,0.499,5,295.3
2024-11-21,Social,Tablet,77,65,195,0.392,1,69.42
2024-11-22,Direct,Desktop,663,504,1350,0.4,22,1466.89
2024-11-22,Direct,Mobile,691,520,1337,0.449,13,875.32
2024-11-22,Direct,Tablet,104,77,244,0.41,3,203.43
2024-11-22,Email,Desktop,187,154,399,0.411,9,684.77
2024-11-22,Email,Mobile,270,226,755,0.499,7,493.02
2024-11-22,Email,Tablet,40,31,123,0.374,1,69.21
2024-11-22,Organic Search,Desktop,965,789,2074,0.324,26,2021.87
2024-11-22,Organic Search,Mobile,1037,872,3185,0.471,13,868.18
2024-11-22,Organic Search,Tablet,184,147,469,0.389,3,174.75
2024-11-22,Paid Search,Desktop,460,382,1322,0.387,16,1319.15
2024-11-22,Paid Search,Mobile,577,478,1251,0.487,15,1118.78
2024-11-22,Paid Search,Tablet,117,95,225,0.336,4,338.87
2024-11-22,Referral,Desktop,177,140,564,0.385,7,437.08
2024-11-22,Referral,Mobile,236,183,508,0.439,4,287.46
2024-11-22,Referral,Tablet,35,27,108,0.328,1,65.21
2024-11-22,Social,Desktop,484,394,1108,0.342,6,373.34
2024-11-22,Social,Mobile,463,368,997,0.469,4,339.12
2024-11-22,Social,Tablet,87,73,222,0.349,1,82.88
2024-11-23,Direct,Desktop,448,366,1076,0.352,17,1016.58
2024-11-23,Direct,Mobile,595,443,1611,0.431,12,1044.29
2024-11-23,Direct,Tablet,96,82,297,0.4,3,209.64
2024-11-23,Email,Desktop,149,116,414,0.365,7,341.18
2024-11-23,Email,Mobile,215,178,551,0.499,7,396.58
2024-11-23,Email,Tablet,36,27,75,0.313,1,66.16
2024-11-23,Organic Search,Desktop,899,682,2662,0.319,25,1879.32
2024-11-23,Organic Search,Mobile,1022,763,2054,0.45,15,821.65
2024-11-23,Organic Search,Tablet,163,123,458,0.301,4,299.48
2024-11-23,Paid Search,Desktop,399,318,1074,0.387,19,1049.13
2024-11-23,Paid Search,Mobile,583,476,1121,0.446,16,1084.04
2024-11-23,Paid Search,Tablet,83,62,255,0.374,2,142.42
2024-11-23,Referral,Desktop,158,125,314,0.357,4,242.35
2024-11-23,Referral,Mobile,165,136,410,0.461,3,233.49
2024-11-23,Referral,Tablet,28,23,83,0.357,1,50.44
2024-11-23,Social,Desktop,348,280,900,0.382,5,269.22
2024-11-23,Social,Mobile,419,339,1221,0.416,4,334.28
2024-11-23,Social,Tablet,69,59,191,0.417,1,54.27
2024-11-24,Direct,Desktop,402,324,886,0.319,16,969.54
2024-11-24,Direct,Mobile,576,451,1052,0.459,12,601.62
2024-11-24,Direct,Tablet,98,75,179,0.349,2,101.9
2024-11-24,Email,Desktop,175,148,494,0.353,8,391.84
2024-11-24,Email,Mobile,218,168,541,0.45,7,399.56
2024-11-24,Email,Tablet,30,22,90,0.407,1,62.13
2024-11-24,Organic Search,Desktop,771,599,2250,0.312,19,940.57
2024-11-24,Organic Search,Mobile,936,719,2970,0.482,17,1016.03
2024-11-24,Organic Search,Tablet,168,129,507,0.3,3,194.38
2024-11-24,Paid Search,Desktop,476,393,891,0.367,22,1798.26
2024-11-24,Paid Search,Mobile,507,406,1214,0.451,13,981.17
2024-11-24,Paid Search,Tablet,88,66,193,0.378,3,193.66
2024-11-24,Referral,Desktop,146,112,307,0.321,5,433.21
2024-11-24,Referral,Mobile,169,144,476,0.465,3,257.9
2024-11-24,Referral,Tablet,28,23,69,0.355,1,53.88
2024-11-24,Social,Desktop,374,279,851,0.325,6,319.63
2024-11-24,Social,Mobile,360,298,830,0.418,4,222.08
2024-11-24,Social,Tablet,66,52,144,0.308,1,63.74
2024-11-25,Direct,Desktop,508,378,1301,0.338,21,1149.84
2024-11-25,Direct,Mobile,752,626,2210,0.425,18,1475.34
2024-11-25,Direct,Tablet,118,89,315,0.308,3,188.87
2024-11-25,Email,Desktop,226,187,524,0.314,10,817.37
2024-11-25,Email,Mobile,262,209,546,0.482,7,589.24
2024-11-25,Email,Tablet,39,31,111,0.374,1,50.26
2024-11-25,Organic Search,Desktop,1085,807,3035,0.339,33,2145.64
2024-11-25,Organic Search,Mobile,998,840,2627,0.46,13,1067.32
2024-11-25,Organic Search,Tablet,183,137,584,0.377,4,206.9
2024-11-25,Paid Search,Desktop,518,403,1005,0.415,21,1108.32
2024-11-25,Paid Search,Mobile,569,428,1315,0.439,12,651.0
2024-11-25,Paid Search,Tablet,94,75,194,0.31,3,195.87
2024-11-25,Referral,Desktop,166,135,504,0.415,5,260.65
2024-11-25,Referral,Mobile,207,172,410,0.434,5,374.3
2024-11-25,Referral,Tablet,30,23,92,0.361,1,49.43
2024-11-25,Social,Desktop,476,399,893,0.398,8,697.7
2024-11-25,Social,Mobile,534,445,1367,0.418,4,286.46
2024-11-25,Social,Tablet,85,71,214,0.365,1,86.37
2024-11-26,Direct,Desktop,601,452,1176,0.383,22,1863.53
2024-11-26,Direct,Mobile,597,461,1823,0.484,15,1025.45
2024-11-26,Direct,Tablet,101,79,185,0.405,2,162.25
2024-11-26,Email,Desktop,208,171,605,0.342,9,740.3
2024-11-26,Email,Mobile,227,176,714,0.455,7,370.57
2024-11-26,Email,Tablet,41,32,77,0.326,2,109.27
2024-11-26,Organic Search,Desktop,1120,854,3427,0.33,26,1323.36
2024-11-26,Organic Search,Mobile,1112,887,3231,0.492,18,1011.55
2024-11-26,Organic Search,Tablet,185,152,392,0.341,4,214.08
2024-11-26,Paid Search,Desktop,520,427,1647,0.319,26,1260.92
2024-11-26,Paid Search,Mobile,641,546,1435,0.466,16,947.24
2024-11-26,Paid Search,Tablet,114,94,256,0.35,3,262.22
2024-11-26,Referral,Desktop,156,130,334,0.373,5,281.04
2024-11-26,Referral,Mobile,214,173,555,0.46,4,302.81
2024-11-26,Referral,Tablet,37,30,103,0.327,1,84.44
2024-11-26,Social,Desktop,495,424,1308,0.324,6,423.93
2024-11-26,Social,Mobile,482,408,1477,0.471,4,272.73
2024-11-26,Social,Tablet,72,56,178,0.367,1,52.18
2024-11-27,Direct,Desktop,626,529,1195,0.301,24,1794.1
2024-11-27,Direct,Mobile,614,481,1727,0.403,14,967.24
2024-11-27,Direct,Tablet,120,95,323,0.36,3,218.62
2024-11-27,Email,Desktop,214,181,457,0.313,12,924.34
2024-11-27,Email,Mobile,222,170,512,0.451,8,396.97
2024-11-27,Email,Tablet,41,31,126,0.379,1,75.58
2024-11-27,Organic Search,Desktop,1080,807,2209,0.347,28,1656.8
2024-11-27,Organic Search,Mobile,1263,952,2815,0.498,22,1091.26
2024-11-27,Organic Search,Tablet,174,147,495,0.353,3,197.77
2024-11-27,Paid Search,Desktop,604,511,1162,0.303,27,1667.34
2024-11-27,Paid Search,Mobile,713,600,1808,0.437,17,1059.05
2024-11-27,Paid Search,Tablet,95,79,237,0.389,3,222.32
2024-11-27,Referral,Desktop,184,138,418,0.406,5,313.39
2024-11-27,Referral,Mobile,191,150,589,0.514,4,234.67
2024-11-27,Referral,Tablet,36,27,96,0.414,1,66.69
2024-11-27,Social,Desktop,476,388,1318,0.322,6,363.3
2024-11-27,Social,Mobile,566,471,1066,0.48,6,478.11
2024-11-27,Social,Tablet,79,66,171,0.385,1,50.56
2024-11-28,Direct,Desktop,543,440,1185,0.318,18,1345.93
2024-11-28,Direct,Mobile,697,524,1984,0.437,15,901.93
2024-11-28,Direct,Tablet,105,90,220,0.388,3,180.86
2024-11-28,Email,Desktop,200,161,461,0.374,10,692.07
2024-11-28,Email,Mobile,258,201,602,0.428,7,358.55
2024-11-28,Email,Tablet,40,33,123,0.321,2,119.53
2024-11-28,Organic Search,Desktop,975,834,2160,0.386,25,2144.41
2024-11-28,Organic Search,Mobile,1270,1072,2441,0.414,17,1081.6
2024-11-28,Organic Search,Tablet,191,144,400,0.37,3,188.47
2024-11-28,Paid Search,Desktop,545,468,1652,0.387,22,1799.06
2024-11-28,Paid Search,Mobile,547,445,1291,0.507,14,823.53
2024-11-28,Paid Search,Tablet,95,79,265,0.392,3,148.27
2024-11-28,Referral,Desktop,196,158,566,0.389,6,489.49
2024-11-28,Referral,Mobile,216,182,566,0.462,4,312.17
2024-11-28,Referral,Tablet,36,30,105,0.376,1,49.62
2024-11-28,Social,Desktop,491,375,1114,0.331,6,432.95
2024-11-28,Social,Mobile,599,464,1374,0.449,4,308.36
2024-11-28,Social,Tablet,82,70,208,0.353,1,79.88
2024-11-29,Direct,Desktop,631,486,1369,0.343,26,1683.33
2024-11-29,Direct,Mobile,713,529,1609,0.482,15,1147.56
2024-11-29,Direct,Tablet,127,99,386,0.393,3,161.47
2024-11-29,Email,Desktop,208,178,452,0.311,11,533.04
2024-11-29,Email,Mobile,232,187,429,0.503,7,572.0
2024-11-29,Email,Tablet,37,28,89,0.369,1,72.58
2024-11-29,Organic Search,Desktop,864,656,2135,0.347,20,1504.26
2024-11-29,Organic Search,Mobile,1138,914,2924,0.431,18,1361.32
2024-11-29,Organic Search,Tablet,178,141,446,0.344,3,228.02
2024-11-29,Paid Search,Desktop,584,441,1310,0.413,30,2100.73
2024-11-29,Paid Search,Mobile,626,524,1294,0.492,14,1001.55
2024-11-29,Paid Search,Tablet,94,79,207,0.307,3,158.87
2024-11-29,Referral,Desktop,165,132,506,0.403,6,327.83
2024-11-29,Referral,Mobile,225,188,662,0.519,4,342.74
2024-11-29,Referral,Tablet,38,30,76,0.305,1,62.23
2024-11-29,Social,Desktop,433,338,1033,0.372,6,485.52
2024-11-29,Social,Mobile,566,437,1774,0.418,4,200.22
2024-11-29,Social,Tablet,85,64,253,0.342,1,80.08
2024-11-30,Direct,Desktop,449,333,1080,0.354,17,1316.42
2024-11-30,Direct,Mobile,557,424,1187,0.489,9,647.94
2024-11-30,Direct,Tablet,89,71,189,0.302,2,147.21
2024-11-30,Email,Desktop,191,153,442,0.333,10,846.47
2024-11-30,Email,Mobile,178,151,407,0.486,5,288.63
2024-11-30,Email,Tablet,31,23,90,0.412,1,60.32
2024-11-30,Organic Search,Desktop,711,609,2101,0.378,21,1615.19
2024-11-30,Organic Search,Mobile,1041,778,3223,0.453,18,1316.56
2024-11-30,Organic Search,Tablet,142,116,387,0.384,2,105.1
2024-11-30,Paid Search,Desktop,418,335,1227,0.337,20,1304.94
2024-11-30,Paid Search,Mobile,476,406,1036,0.505,15,1237.4
2024-11-30,Paid Search,Tablet,71,55,131,0.39,3,189.5
2024-11-30,Referral,Desktop,124,106,383,0.367,4,304.94
2024-11-30,Referral,Mobile,179,140,463,0.464,3,150.83
2024-11-30,Referral,Tablet,29,22,75,0.323,1,61.88
2024-11-30,Social,Desktop,316,253,772,0.316,5,241.64
2024-11-30,Social,Mobile,450,367,1147,0.51,5,386.36
2024-11-30,Social,Tablet,63,51,174,0.313,1,67.07
2024-12-01,Direct,Desktop,537,401,1545,0.343,18,1034.09
2024-12-01,Direct,Mobile,527,405,1122,0.46,10,618.31
2024-12-01,Direct,Tablet,80,65,245,0.319,2,124.34
2024-12-01,Email,Desktop,158,129,302,0.368,8,446.51
2024-12-01,Email,Mobile,200,158,384,0.509,5,434.97
2024-12-01,Email,Tablet,36,28,79,0.333,1,66.27
2024-12-01,Organic Search,Desktop,877,672,2145,0.343,24,1715.83
2024-12-01,Organic Search,Mobile,941,758,1974,0.402,13,625.16
2024-12-01,Organic Search,Tablet,131,106,412,0.329,3,200.87
2024-12-01,Paid Search,Desktop,496,422,1377,0.413,19,1082.19
2024-12-01,Paid Search,Mobile,496,410,1449,0.468,12,689.0
2024-12-01,Paid Search,Tablet,93,77,176,0.374,3,151.55
2024-12-01,Referral,Desktop,163,132,454,0.407,5,384.96
2024-12-01,Referral,Mobile,180,147,416,0.436,4,348.87
2024-12-01,Referral,Tablet,28,23,73,0.415,1,84.16
2024-12-01,Social,Desktop,373,305,1127,0.398,5,241.45
2024-12-01,Social,Mobile,482,375,1467,0.508,4,335.06
2024-12-01,Social,Tablet,63,53,155,0.331,1,68.55
2024-12-02,Direct,Desktop,635,522,1883,0.356,24,1180.42
2024-12-02,Direct,Mobile,729,580,2187,0.408,16,1043.29
2024-12-02,Direct,Tablet,102,81,223,0.361,3,196.98
2024-12-02,Email,Desktop,241,197,554,0.356,14,788.5
2024-12-02,Email,Mobile,242,187,700,0.509,6,381.4
2024-12-02,Email,Tablet,41,34,95,0.301,1,60.32
2024-12-02,Organic Search,Desktop,1126,855,2882,0.347,29,1531.19
2024-12-02,Organic Search,Mobile,1156,855,2581,0.504,18,1432.37
2024-12-02,Organic Search,Tablet,167,133,475,0.359,3,171.95
2024-12-02,Paid Search,Desktop,611,507,1881,0.415,26,1300.16
2024-12-02,Paid Search,Mobile,600,453,1168,0.472,16,1328.07
2024-12-02,Paid Search,Tablet,101,87,321,0.407,3,201.52
2024-12-02,Referral,Desktop,196,150,367,0.393,6,320.21
2024-12-02,Referral,Mobile,207,165,449,0.448,4,276.76
2024-12-02,Referral,Tablet,36,29,114,0.383,1,69.29
2024-12-02,Social,Desktop,462,368,1437,0.385,7,594.59
2024-12-02,Social,Mobile,590,450,1396,0.427,6,436.47
2024-12-02,Social,Tablet,96,77,260,0.364,1,72.68
2024-12-03,Direct,Desktop,667,547,1974,0.404,21,1172.61
2024-12-03,Direct,Mobile,741,562,1617,0.506,14,1164.13
2024-12-03,Direct,Tablet,107,84,253,0.319,3,168.46
2024-12-03,Email,Desktop,244,199,627,0.303,12,819.94
2024-12-03,Email,Mobile,220,164,459,0.472,7,562.41
2024-12-03,Email,Tablet,39,29,76,0.333,1,60.14
2024-12-03,Organic Search,Desktop,1048,831,2733,0.365,22,1381.93
2024-12-03,Organic Search,Mobile,1334,1147,3428,0.43,20,1573.47
2024-12-03,Organic Search,Tablet,169,145,362,0.374,4,324.14
2024-12-03,Paid Search,Desktop,527,433,1522,0.373,19,1141.24
2024-12-03,Paid Search,Mobile,741,628,1786,0.468,19,1409.75
2024-12-03,Paid Search,Tablet,106,88,289,0.319,3,189.81
2024-12-03,Referral,Desktop,152,113,441,0.366,4,284.82
2024-12-03,Referral,Mobile,192,145,520,0.461,4,260.5
2024-12-03,Referral,Tablet,38,30,96,0.409,1,77.06
2024-12-03,Social,Desktop,397,311,756,0.307,6,359.67
2024-12-03,Social,Mobile,498,377,1385,0.449,5,254.4
2024-12-03,Social,Tablet,79,61,228,0.338,1,77.46
2024-12-04,Direct,Desktop,678,503,1547,0.371,22,1855.87
2024-12-04,Direct,Mobile,805,623,2177,0.437,14,809.75
2024-12-04,Direct,Tablet,99,79,191,0.395,2,142.35
2024-12-04,Email,Desktop,216,177,590,0.386,10,500.24
2024-12-04,Email,Mobile,247,211,560,0.504,6,527.14
2024-12-04,Email,Tablet,44,34,96,0.347,2,162.65
2024-12-04,Organic Search,Desktop,973,826,2752,0.324,21,1370.73
2024-12-04,Organic Search,Mobile,1299,1046,3053,0.409,20,1063.21
2024-12-04,Organic Search,Tablet,198,165,361,0.35,4,237.44
2024-12-04,Paid Search,Desktop,591,502,1107,0.337,28,2218.91
2024-12-04,Paid Search,Mobile,625,501,1896,0.471,16,911.37
2024-12-04,Paid Search,Tablet,117,94,372,0.385,4,316.76
2024-12-04,Referral,Desktop,196,163,482,0.354,5,401.69
2024-12-04,Referral,Mobile,197,147,599,0.428,4,193.54
2024-12-04,Referral,Tablet,35,28,100,0.4,1,84.95
2024-12-04,Social,Desktop,473,401,1086,0.342,6,362.74
2024-12-04,Social,Mobile,470,382,950,0.434,5,254.72
2024-12-04,Social,Tablet,84,67,256,0.365,1,48.55
2024-12-05,Direct,Desktop,646,482,1204,0.344,22,1310.98
2024-12-05,Direct,Mobile,667,510,1750,0.452,12,658.72
2024-12-05,Direct,Tablet,123,102,257,0.303,4,233.84
2024-12-05,Email,Desktop,228,187,531,0.372,14,911.36
2024-12-05,Email,Mobile,237,182,579,0.454,8,612.15
2024-12-05,Email,Tablet,35,30,87,0.326,1,52.45
2024-12-05,Organic Search,Desktop,889,706,2217,0.394,20,1512.38
2024-12-05,Organic Search,Mobile,1240,1012,2444,0.42,22,1334.09
2024-12-05,Organic Search,Tablet,186,154,526,0.334,3,218.43
2024-12-05,Paid Search,Desktop,532,413,1237,0.368,24,1204.28
2024-12-05,Paid Search,Mobile,564,455,1317,0.519,14,769.9
2024-12-05,Paid Search,Tablet,119,101,249,0.303,3,175.64
2024-12-05,Referral,Desktop,204,153,542,0.34,6,366.69
2024-12-05,Referral,Mobile,193,162,521,0.479,3,257.96
2024-12-05,Referral,Tablet,39,33,107,0.324,1,74.97
2024-12-05,Social,Desktop,385,316,844,0.367,5,310.4
2024-12-05,Social,Mobile,507,388,1422,0.486,4,342.9
2024-12-05,Social,Tablet,76,60,205,0.4,1,81.25
2024-12-06,Direct,Desktop,537,408,1096,0.335,20,1622.21
2024-12-06,Direct,Mobile,636,481,2031,0.473,12,726.38
2024-12-06,Direct,Tablet,99,84,294,0.334,3,186.72
2024-12-06,Email,Desktop,185,149,431,0.336,8,486.88
2024-12-06,Email,Mobile,270,220,635,0.447,7,385.85
2024-12-06,Email,Tablet,38,29,90,0.371,1,80.01
2024-12-06,Organic Search,Desktop,1053,780,2614,0.309,22,1088.08
2024-12-06,Organic Search,Mobile,1306,973,2405,0.404,24,1994.39
2024-12-06,Organic Search,Tablet,179,142,327,0.399,4,319.47
2024-12-06,Paid Search,Desktop,488,412,1402,0.374,21,1476.42
2024-12-06,Paid Search,Mobile,604,484,1494,0.401,14,987.65
2024-12-06,Paid Search,Tablet,112,93,344,0.407,4,227.82
2024-12-06,Referral,Desktop,199,165,512,0.348,6,319.87
2024-12-06,Referral,Mobile,242,203,486,0.483,4,320.26
2024-12-06,Referral,Tablet,31,23,90,0.363,1,50.57
2024-12-06,Social,Desktop,390,289,802,0.372,6,314.69
2024-12-06,Social,Mobile,468,375,1406,0.424,4,212.25
2024-12-06,Social,Tablet,95,77,177,0.358,1,51.9
2024-12-07,Direct,Desktop,443,346,968,0.314,17,1074.73
2024-12-07,Direct,Mobile,589,449,1247,0.41,15,772.51
2024-12-07,Direct,Tablet,97,79,265,0.313,3,232.36
2024-12-07,Email,Desktop,186,146,446,0.389,8,419.43
2024-12-07,Email,Mobile,207,166,549,0.448,6,467.92
2024-12-07,Email,Tablet,32,27,65,0.318,1,76.81
2024-12-07,Organic Search,Desktop,711,534,1971,0.386,17,1009.19
2024-12-07,Organic Search,Mobile,884,714,1981,0.491,14,772.95
2024-12-07,Organic Search,Tablet,143,119,319,0.413,3,210.91
2024-12-07,Paid Search,Desktop,475,379,1205,0.348,20,1466.06
2024-12-07,Paid Search,Mobile,534,430,1227,0.481,13,806.13
2024-12-07,Paid Search,Tablet,80,67,159,0.317,2,132.26
2024-12-07,Referral,Desktop,139,107,273,0.334,4,338.43
2024-12-07,Referral,Mobile,172,128,420,0.403,3,238.13
2024-12-07,Referral,Tablet,28,22,74,0.371,1,75.25
2024-12-07,Social,Desktop,364,287,757,0.334,6,520.22
2024-12-07,Social,Mobile,485,360,1028,0.492,5,330.38
2024-12-07,Social,Tablet,63,52,155,0.385,1,68.08
2024-12-08,Direct,Desktop,421,318,1042,0.355,12,850.41
2024-12-08,Direct,Mobile,530,427,1385,0.437,9,644.78
2024-12-08,Direct,Tablet,93,73,208,0.317,2,123.17
2024-12-08,Email,Desktop,149,115,294,0.335,8,645.62
2024-12-08,Email,Mobile,183,157,481,0.42,6,371.27
2024-12-08,Email,Tablet,29,23,60,0.301,1,79.16
2024-12-08,Organic Search,Desktop,792,659,2312,0.314,19,1415.31
2024-12-08,Organic Search,Mobile,990,776,2641,0.45,17,995.18
2024-12-08,Organic Search,Tablet,153,130,372,0.33,3,189.14
2024-12-08,Paid Search,Desktop,389,326,861,0.352,18,1424.97
2024-12-08,Paid Search,Mobile,583,457,1311,0.406,16,958.95
2024-12-08,Paid Search,Tablet,91,68,170,0.396,3,204.48
2024-12-08,Referral,Desktop,141,118,415,0.307,4,346.51
2024-12-08,Referral,Mobile,177,135,446,0.52,4,341.01
2024-12-08,Referral,Tablet,31,26,68,0.324,1,52.15
2024-12-08,Social,Desktop,398,299,1200,0.317,6,323.31
2024-12-08,Social,Mobile,422,339,1011,0.518,3,193.78
2024-12-08,Social,Tablet,61,45,189,0.314,1,68.59
2024-12-09,Direct,Desktop,664,549,1744,0.363,22,1443.8
2024-12-09,Direct,Mobile,783,615,2378,0.45,16,1043.8
2024-12-09,Direct,Tablet,103,84,246,0.37,3,240.53
2024-12-09,Email,Desktop,242,201,574,0.325,11,792.86
2024-12-09,Email,Mobile,244,195,455,0.431,8,641.84
2024-12-09,Email,Tablet,40,32,121,0.363,1,85.22
2024-12-09,Organic Search,Desktop,935,729,2436,0.327,27,1497.54
2024-12-09,Organic Search,Mobile,1036,874,3265,0.494,18,1141.57
2024-12-09,Organic Search,Tablet,172,137,462,0.404,4,327.0
2024-12-09,Paid Search,Desktop,540,425,1128,0.413,25,2142.32
2024-12-09,Paid Search,Mobile,703,524,1595,0.484,15,1110.79
2024-12-09,Paid Search,Tablet,97,82,216,0.378,3,156.14
2024-12-09,Referral,Desktop,153,118,409,0.352,4,305.57
2024-12-09,Referral,Mobile,239,193,508,0.47,4,303.55
2024-12-09,Referral,Tablet,37,30,85,0.372,1,80.2
2024-12-09,Social,Desktop,504,388,1441,0.343,8,521.4
2024-12-09,Social,Mobile,489,363,1083,0.451,4,244.23
2024-12-09,Social,Tablet,97,78,293,0.31,1,75.08
2024-12-10,Direct,Desktop,512,380,1556,0.324,21,1802.91
2024-12-10,Direct,Mobile,748,634,1924,0.465,15,1294.74
2024-12-10,Direct,Tablet,116,93,318,0.404,3,148.25
2024-12-10,Email,Desktop,225,184,636,0.384,10,521.81
2024-12-10,Email,Mobile,264,220,592,0.517,7,521.07
2024-12-10,Email,Tablet,46,39,113,0.305,2,164.38
2024-12-10,Organic Search,Desktop,968,827,2049,0.42,22,1722.9
2024-12-10,Organic Search,Mobile,1190,987,3535,0.507,20,1363.54
2024-12-10,Organic Search,Tablet,189,158,383,0.305,4,335.12
2024-12-10,Paid Search,Desktop,528,416,1529,0.352,26,2062.8
2024-12-10,Paid Search,Mobile,711,546,1303,0.518,16,861.02
2024-12-10,Paid Search,Tablet,96,74,240,0.39,3,146.91
2024-12-10,Referral,Desktop,195,160,409,0.381,6,465.6
2024-12-10,Referral,Mobile,224,170,694,0.408,4,294.89
2024-12-10,Referral,Tablet,29,23,90,0.353,1,53.13
2024-12-10,Social,Desktop,457,387,1429,0.41,7,560.93
2024-12-10,Social,Mobile,542,438,1129,0.504,5,278.82
2024-12-10,Social,Tablet,94,77,208,0.391,1,87.56
2024-12-11,Direct,Desktop,555,457,1394,0.301,17,1032.06
2024-12-11,Direct,Mobile,662,512,1692,0.476,11,664.81
2024-12-11,Direct,Tablet,98,75,286,0.343,3,187.04
2024-12-11,Email,Desktop,220,182,537,0.31,11,703.91
2024-12-11,Email,Mobile,291,228,796,0.507,10,763.41
2024-12-11,Email,Tablet,38,31,71,0.37,1,52.73
2024-12-11,Organic Search,Desktop,989,741,2473,0.401,28,2280.24
2024-12-11,Organic Search,Mobile,1091,917,2913,0.483,15,1266.95
2024-12-11,Organic Search,Tablet,197,169,460,0.385,4,336.59
2024-12-11,Paid Search,Desktop,519,415,1588,0.305,18,1217.89
2024-12-11,Paid Search,Mobile,644,481,1630,0.442,16,971.75
2024-12-11,Paid Search,Tablet,119,96,311,0.328,4,256.98
2024-12-11,Referral,Desktop,196,148,417,0.391,7,434.29
2024-12-11,Referral,Mobile,222,185,659,0.473,4,214.53
2024-12-11,Referral,Tablet,32,26,99,0.351,1,55.18
2024-12-11,Social,Desktop,502,426,1228,0.349,9,602.76
2024-12-11,Social,Mobile,480,397,1353,0.467,4,307.99
2024-12-11,Social,Tablet,84,63,242,0.333,1,53.0
2024-12-12,Direct,Desktop,674,513,1827,0.325,24,1845.31
2024-12-12,Direct,Mobile,726,604,2102,0.48,14,876.95
2024-12-12,Direct,Tablet,112,84,236,0.324,2,97.03
2024-12-12,Email,Desktop,191,160,517,0.358,8,544.17
2024-12-12,Email,Mobile,294,247,929,0.493,11,770.08
2024-12-12,Email,Tablet,47,36,107,0.38,2,163.74
2024-12-12,Organic Search,Desktop,978,788,2364,0.406,30,2450.65
2024-12-12,Organic Search,Mobile,1112,931,2588,0.433,19,1318.24
2024-12-12,Organic Search,Tablet,212,179,588,0.416,5,413.2
2024-12-12,Paid Search,Desktop,481,371,1450,0.304,18,1381.02
2024-12-12,Paid Search,Mobile,568,433,1326,0.423,13,678.37
2024-12-12,Paid Search,Tablet,107,82,271,0.365,3,209.38
2024-12-12,Referral,Desktop,194,162,468,0.375,7,556.47
2024-12-12,Referral,Mobile,244,191,696,0.417,4,254.16
2024-12-12,Referral,Tablet,31,23,78,0.364,1,70.33
2024-12-12,Social,Desktop,477,399,936,0.328,6,359.4
2024-12-12,Social,Mobile,473,395,1133,0.509,4,201.41
2024-12-12,Social,Tablet,76,62,159,0.354,1,63.85
2024-12-13,Direct,Desktop,660,495,1587,0.365,26,1460.09
2024-12-13,Direct,Mobile,710,563,1993,0.517,15,1133.22
2024-12-13,Direct,Tablet,115,91,318,0.4,3,187.76
2024-12-13,Email,Desktop,247,207,578,0.41,10,868.77
2024-12-13,Email,Mobile,226,169,602,0.513,7,557.28
2024-12-13,Email,Tablet,47,40,106,0.366,2,165.79
2024-12-13,Organic Search,Desktop,896,753,2111,0.385,26,1520.26
2024-12-13,Organic Search,Mobile,1059,901,2549,0.435,15,846.66
2024-12-13,Organic Search,Tablet,215,172,516,0.412,4,256.44
2024-12-13,Paid Search,Desktop,593,464,1240,0.401,22,1406.77
2024-12-13,Paid Search,Mobile,699,549,1677,0.415,18,1275.64
2024-12-13,Paid Search,Tablet,104,81,263,0.387,3,171.28
2024-12-13,Referral,Desktop,185,156,408,0.314,5,342.55
2024-12-13,Referral,Mobile,208,157,654,0.437,4,350.92
2024-12-13,Referral,Tablet,35,27,91,0.356,1,64.54
2024-12-13,Social,Desktop,405,336,1112,0.324,5,363.12
2024-12-13,Social,Mobile,514,399,1185,0.451,5,341.51
2024-12-13,Social,Tablet,92,71,293,0.312,1,86.82
2024-12-14,Direct,Desktop,506,405,1387,0.417,17,1070.93
2024-12-14,Direct,Mobile,515,387,979,0.475,10,630.15
2024-12-14,Direct,Tablet,93,72,203,0.322,2,132.24
2024-12-14,Email,Desktop,187,151,449,0.34,8,642.25
2024-12-14,Email,Mobile,181,149,551,0.432,5,378.25
2024-12-14,Email,Tablet,32,27,87,0.328,1,48.07
2024-12-14,Organic Search,Desktop,845,677,1726,0.325,22,1416.54
2024-12-14,Organic Search,Mobile,969,738,2695,0.408,16,1355.33
2024-12-14,Organic Search,Tablet,141,108,446,0.317,2,97.67
2024-12-14,Paid Search,Desktop,463,383,1202,0.345,23,1343.64
2024-12-14,Paid Search,Mobile,485,363,1413,0.425,13,1036.71
2024-12-14,Paid Search,Tablet,80,60,189,0.376,2,174.95
2024-12-14,Referral,Desktop,142,106,365,0.393,4,263.26
2024-12-14,Referral,Mobile,153,131,382,0.501,3,246.09
2024-12-14,Referral,Tablet,31,24,70,0.334,1,61.74
2024-12-14,Social,Desktop,346,280,1037,0.305,5,392.64
2024-12-14,Social,Mobile,376,321,1036,0.414,3,199.31
2024-12-14,Social,Tablet,73,57,146,0.326,1,82.81
2024-12-15,Direct,Desktop,406,324,988,0.347,16,781.43
2024-12-15,Direct,Mobile,615,524,1888,0.406,14,1127.8
2024-12-15,Direct,Tablet,86,69,240,0.412,2,96.83
2024-12-15,Email,Desktop,175,135,337,0.376,9,625.45
2024-12-15,Email,Mobile,197,161,485,0.427,6,473.38
2024-12-15,Email,Tablet,32,25,78,0.361,1,79.59
2024-12-15,Organic Search,Desktop,696,562,1659,0.337,21,1450.87
2024-12-15,Organic Search,Mobile,890,756,2135,0.495,15,1224.64
2024-12-15,Organic Search,Tablet,163,121,494,0.367,3,162.7
2024-12-15,Paid Search,Desktop,457,359,1073,0.373,17,1462.18
2024-12-15,Paid Search,Mobile,501,411,1002,0.4,15,1123.54
2024-12-15,Paid Search,Tablet,89,71,252,0.406,3,146.97
2024-12-15,Referral,Desktop,127,104,379,0.331,4,296.56
2024-12-15,Referral,Mobile,156,132,313,0.463,3,232.3
2024-12-15,Referral,Tablet,31,25,84,0.395,1,61.37
2024-12-15,Social,Desktop,373,292,749,0.311,6,484.21
2024-12-15,Social,Mobile,476,371,896,0.439,4,289.51
2024-12-15,Social,Tablet,59,50,184,0.393,1,48.65
2024-12-16,Direct,Desktop,559,424,1087,0.303,23,1208.75
2024-12-16,Direct,Mobile,707,596,1676,0.434,15,1067.22
2024-12-16,Direct,Tablet,109,92,320,0.341,3,187.13
2024-12-16,Email,Desktop,197,156,415,0.34,10,844.58
2024-12-16,Email,Mobile,276,216,637,0.518,8,573.3
2024-12-16,Email,Tablet,45,37,129,0.306,1,83.48
2024-12-16,Organic Search,Desktop,1140,911,3095,0.329,32,1695.06
2024-12-16,Organic Search,Mobile,1125,935,2599,0.444,16,1075.33
2024-12-16,Organic Search,Tablet,216,162,528,0.394,4,275.3
2024-12-16,Paid Search,Desktop,605,481,1462,0.362,23,1938.01
2024-12-16,Paid Search,Mobile,589,482,1700,0.403,16,1058.62
2024-12-16,Paid Search,Tablet,106,89,218,0.349,3,150.27
2024-12-16,Referral,Desktop,169,133,479,0.366,5,295.41
2024-12-16,Referral,Mobile,186,146,535,0.515,3,170.79
2024-12-16,Referral,Tablet,33,26,103,0.385,1,78.73
2024-12-16,Social,Desktop,491,376,1496,0.329,7,355.88
2024-12-16,Social,Mobile,485,387,1176,0.515,4,247.39
2024-12-16,Social,Tablet,86,67,229,0.352,1,51.01
2024-12-17,Direct,Desktop,662,538,1390,0.34,23,1960.25
2024-12-17,Direct,Mobile,629,506,1755,0.514,11,687.15
2024-12-17,Direct,Tablet,119,98,374,0.315,3,250.73
2024-12-17,Email,Desktop,223,171,437,0.349,10,863.56
2024-12-17,Email,Mobile,275,231,607,0.476,8,505.06
2024-12-17,Email,Tablet,45,39,97,0.3,2,166.75
2024-12-17,Organic Search,Desktop,848,697,1839,0.387,22,1434.55
2024-12-17,Organic Search,Mobile,1042,880,3130,0.46,16,1318.1
2024-12-17,Organic Search,Tablet,184,154,381,0.365,3,163.64
2024-12-17,Paid Search,Desktop,624,527,1388,0.309,24,1775.11
2024-12-17,Paid Search,Mobile,738,576,1526,0.49,20,1627.59
2024-12-17,Paid Search,Tablet,91,67,267,0.356,3,146.24
2024-12-17,Referral,Desktop,170,137,495,0.318,4,304.51
2024-12-17,Referral,Mobile,226,190,556,0.438,3,202.91
2024-12-17,Referral,Tablet,33,26,88,0.312,1,87.29
2024-12-17,Social,Desktop,484,370,1303,0.415,6,431.19
2024-12-17,Social,Mobile,517,399,953,0.434,5,276.36
2024-12-17,Social,Tablet,82,64,252,0.301,1,51.49
2024-12-18,Direct,Desktop,663,492,2060,0.402,27,1640.34
2024-12-18,Direct,Mobile,811,618,2282,0.512,14,956.32
2024-12-18,Direct,Tablet,113,91,340,0.399,3,213.76
2024-12-18,Email,Desktop,202,162,486,0.35,11,593.71
2024-12-18,Email,Mobile,267,210,621,0.515,8,542.77
2024-12-18,Email,Tablet,36,27,103,0.313,2,133.6
2024-12-18,Organic Search,Desktop,938,716,2980,0.313,20,1445.14
2024-12-18,Organic Search,Mobile,1066,878,2340,0.505,20,1073.09
2024-12-18,Organic Search,Tablet,169,135,375,0.329,4,255.47
2024-12-18,Paid Search,Desktop,600,465,1517,0.305,23,1452.69
2024-12-18,Paid Search,Mobile,732,588,1788,0.404,19,1247.09
2024-12-18,Paid Search,Tablet,94,78,273,0.358,3,194.51
2024-12-18,Referral,Desktop,196,158,422,0.353,6,442.49
2024-12-18,Referral,Mobile,244,193,538,0.498,4,332.04
2024-12-18,Referral,Tablet,37,28,70,0.376,1,53.2
2024-12-18,Social,Desktop,484,389,1140,0.352,8,666.64
2024-12-18,Social,Mobile,568,469,1184,0.414,5,349.11
2024-12-18,Social,Tablet,81,70,176,0.369,1,66.69
2024-12-19,Direct,Desktop,618,498,1225,0.387,20,1325.41
2024-12-19,Direct,Mobile,709,588,1975,0.437,18,1493.26
2024-12-19,Direct,Tablet,103,78,200,0.359,3,208.36
2024-12-19,Email,Desktop,205,169,503,0.348,11,768.57
2024-12-19,Email,Mobile,223,174,562,0.41,7,513.05
2024-12-19,Email,Tablet,36,29,92,0.373,1,73.64
2024-12-19,Organic Search,Desktop,1045,871,2114,0.417,27,1427.65
2024-12-19,Organic Search,Mobile,1237,1059,3305,0.451,23,1607.02
2024-12-19,Organic Search,Tablet,169,131,413,0.328,4,344.62
2024-12-19,Paid Search,Desktop,617,508,1273,0.311,23,1233.89
2024-12-19,Paid Search,Mobile,605,456,1882,0.448,13,735.7
2024-12-19,Paid Search,Tablet,110,89,303,0.342,3,188.05
2024-12-19,Referral,Desktop,162,124,484,0.414,5,436.24
2024-12-19,Referral,Mobile,226,170,600,0.458,4,315.17
2024-12-19,Referral,Tablet,36,27,105,0.338,1,85.95
2024-12-19,Social,Desktop,484,363,1390,0.342,8,691.09
2024-12-19,Social,Mobile,562,480,1208,0.423,5,260.1
2024-12-19,Social,Tablet,88,70,248,0.353,1,61.67
2024-12-20,Direct,Desktop,616,466,1784,0.414,20,1390.97
2024-12-20,Direct,Mobile,713,551,1807,0.426,17,838.59
2024-12-20,Direct,Tablet,127,105,394,0.368,4,202.05
2024-12-20,Email,Desktop,239,190,583,0.37,14,838.45
2024-12-20,Email,Mobile,270,212,671,0.498,8,684.23
2024-12-20,Email,Tablet,47,38,116,0.354,2,96.16
2024-12-20,Organic Search,Desktop,1075,921,3082,0.313,33,1721.46
2024-12-20,Organic Search,Mobile,1193,899,3443,0.475,21,1419.45
2024-12-20,Organic Search,Tablet,165,125,478,0.312,3,240.41
2024-12-20,Paid Search,Desktop,536,410,1714,0.408,27,1911.71
2024-12-20,Paid Search,Mobile,708,609,1530,0.418,22,1200.45
2024-12-20,Paid Search,Tablet,94,75,252,0.357,3,194.6
2024-12-20,Referral,Desktop,200,166,367,0.364,6,484.1
2024-12-20,Referral,Mobile,214,182,499,0.509,4,314.44
2024-12-20,Referral,Tablet,39,31,91,0.377,1,74.04
2024-12-20,Social,Desktop,490,379,1431,0.408,7,496.88
2024-12-20,Social,Mobile,513,427,1276,0.484,5,405.97
2024-12-20,Social,Tablet,82,63,259,0.389,1,87.53
2024-12-21,Direct,Desktop,547,434,1634,0.348,16,1298.28
2024-12-21,Direct,Mobile,646,512,1578,0.405,14,909.43
2024-12-21,Direct,Tablet,100,84,301,0.389,2,160.48
2024-12-21,Email,Desktop,175,149,467,0.403,10,521.25
2024-12-21,Email,Mobile,210,173,589,0.51,6,431.67
2024-12-21,Email,Tablet,30,23,87,0.386,1,50.02
2024-12-21,Organic Search,Desktop,894,671,1610,0.306,22,1612.66
2024-12-21,Organic Search,Mobile,897,765,2450,0.505,16,948.01
2024-12-21,Organic Search,Tablet,144,108,347,0.303,3,146.2
2024-12-21,Paid Search,Desktop,465,346,1104,0.361,20,1722.92
2024-12-21,Paid Search,Mobile,568,449,1284,0.48,12,1026.66
2024-12-21,Paid Search,Tablet,92,70,220,0.304,3,236.25
2024-12-21,Referral,Desktop,148,121,386,0.307,5,312.21
2024-12-21,Referral,Mobile,163,131,481,0.405,3,254.43
2024-12-21,Referral,Tablet,25,19,57,0.34,1,63.54
2024-12-21,Social,Desktop,390,314,1029,0.341,6,443.99
2024-12-21,Social,Mobile,437,333,1018,0.464,4,200.05
2024-12-21,Social,Tablet,70,59,222,0.337,1,63.5
2024-12-22,Direct,Desktop,449,364,1252,0.361,16,1061.3
2024-12-22,Direct,Mobile,621,514,1691,0.465,11,606.62
2024-12-22,Direct,Tablet,91,71,197,0.344,2,107.77
2024-12-22,Email,Desktop,160,136,357,0.393,7,413.01
2024-12-22,Email,Mobile,235,176,561,0.436,7,433.89
2024-12-22,Email,Tablet,37,28,115,0.391,1,70.9
2024-12-22,Organic Search,Desktop,701,593,1607,0.34,21,1197.25
2024-12-22,Organic Search,Mobile,925,792,2134,0.435,16,876.35
2024-12-22,Organic Search,Tablet,151,121,429,0.344,3,261.14
2024-12-22,Paid Search,Desktop,435,355,795,0.411,19,1120.49
2024-12-22,Paid Search,Mobile,532,413,1029,0.425,11,722.49
2024-12-22,Paid Search,Tablet,83,63,190,0.373,3,222.9
2024-12-22,Referral,Desktop,161,120,484,0.339,5,378.13
2024-12-22,Referral,Mobile,166,130,356,0.415,3,237.9
2024-12-22,Referral,Tablet,24,18,53,0.418,0,0.0
2024-12-22,Social,Desktop,378,293,974,0.385,5,288.27
2024-12-22,Social,Mobile,445,341,1144,0.447,4,313.19
2024-12-22,Social,Tablet,66,52,167,0.326,1,48.36
2024-12-23,Direct,Desktop,529,430,1675,0.353,22,1058.05
2024-12-23,Direct,Mobile,796,626,1733,0.466,17,821.07
2024-12-23,Direct,Tablet,109,92,331,0.394,3,202.69
2024-12-23,Email,Desktop,220,173,465,0.312,11,916.92
2024-12-23,Email,Mobile,250,187,453,0.498,7,473.22
2024-12-23,Email,Tablet,38,28,113,0.417,1,59.13
2024-12-23,Organic Search,Desktop,922,693,1998,0.355,23,1419.29
2024-12-23,Organic Search,Mobile,1243,1037,3198,0.504,17,856.35
2024-12-23,Organic Search,Tablet,165,123,500,0.353,3,244.58
2024-12-23,Paid Search,Desktop,598,463,1575,0.349,27,1749.83
2024-12-23,Paid Search,Mobile,558,463,1179,0.465,17,1316.52
2024-12-23,Paid Search,Tablet,110,85,259,0.3,3,199.91
2024-12-23,Referral,Desktop,189,157,539,0.31,5,375.39
2024-12-23,Referral,Mobile,235,192,671,0.495,5,270.4
2024-12-23,Referral,Tablet,30,22,63,0.329,1,50.97
2024-12-23,Social,Desktop,429,368,1274,0.399,8,457.62
2024-12-23,Social,Mobile,582,443,1596,0.418,6,397.88
2024-12-23,Social,Tablet,89,73,267,0.334,1,65.04
2024-12-24,Direct,Desktop,526,451,1624,0.384,17,1006.79
2024-12-24,Direct,Mobile,614,457,1575,0.494,12,845.75
2024-12-24,Direct,Tablet,101,84,224,0.35,2,110.86
2024-12-24,Email,Desktop,193,153,363,0.307,11,578.26
2024-12-24,Email,Mobile,273,217,699,0.518,9,669.89
2024-12-24,Email,Tablet,47,37,119,0.321,2,107.14
2024-12-24,Organic Search,Desktop,858,698,2220,0.321,26,1328.2
2024-12-24,Organic Search,Mobile,1285,1047,2818,0.443,20,1061.17
2024-12-24,Organic Search,Tablet,205,166,483,0.412,4,236.01
2024-12-24,Paid Search,Desktop,477,403,1254,0.375,18,1573.77
2024-12-24,Paid Search,Mobile,597,462,1835,0.49,15,934.81
2024-12-24,Paid Search,Tablet,100,85,181,0.354,3,249.21
2024-12-24,Referral,Desktop,177,134,441,0.341,6,472.08
2024-12-24,Referral,Mobile,240,184,753,0.513,5,270.84
2024-12-24,Referral,Tablet,34,28,90,0.405,1,51.72
2024-12-24,Social,Desktop,418,349,1104,0.376,7,386.9
2024-12-24,Social,Mobile,586,446,1775,0.42,6,305.88
2024-12-24,Social,Tablet,90,69,246,0.388,1,84.18
2024-12-25,Direct,Desktop,589,452,1490,0.413,22,1515.24
2024-12-25,Direct,Mobile,645,547,1731,0.439,15,909.44
2024-12-25,Direct,Tablet,120,95,307,0.385,3,234.38
2024-12-25,Email,Desktop,219,176,454,0.404,9,626.24
2024-12-25,Email,Mobile,294,252,626,0.48,9,739.45
2024-12-25,Email,Tablet,37,29,118,0.393,1,58.31
2024-12-25,Organic Search,Desktop,915,689,2733,0.32,25,2079.16
2024-12-25,Organic Search,Mobile,1180,948,2941,0.409,18,1041.1
2024-12-25,Organic Search,Tablet,203,165,516,0.392,5,369.08
2024-12-25,Paid Search,Desktop,564,440,1107,0.348,25,1829.41
2024-12-25,Paid Search,Mobile,673,555,1279,0.416,20,1009.73
2024-12-25,Paid Search,Tablet,101,76,316,0.413,4,296.16
2024-12-25,Referral,Desktop,184,153,541,0.31,7,337.24
2024-12-25,Referral,Mobile,231,180,559,0.493,5,271.41
2024-12-25,Referral,Tablet,35,28,108,0.342,1,56.07
2024-12-25,Social,Desktop,435,344,1202,0.311,6,393.48
2024-12-25,Social,Mobile,466,349,1389,0.508,4,216.4
2024-12-25,Social,Tablet,93,79,181,0.302,1,48.54
2024-12-26,Direct,Desktop,528,452,1001,0.416,18,1537.52
2024-12-26,Direct,Mobile,815,631,2153,0.46,19,1671.13
2024-12-26,Direct,Tablet,122,96,237,0.392,3,256.72
2024-12-26,Email,Desktop,203,152,443,0.344,10,832.31
2024-12-26,Email,Mobile,266,220,680,0.467,8,653.65
2024-12-26,Email,Tablet,39,32,72,0.333,2,125.09
2024-12-26,Organic Search,Desktop,921,761,1883,0.312,24,1691.54
2024-12-26,Organic Search,Mobile,1099,819,2747,0.503,17,1480.39
2024-12-26,Organic Search,Tablet,174,148,437,0.313,4,278.61
2024-12-26,Paid Search,Desktop,538,399,1100,0.385,27,2267.52
2024-12-26,Paid Search,Mobile,669,572,1341,0.423,20,1084.62
2024-12-26,Paid Search,Tablet,120,89,217,0.323,4,253.46
2024-12-26,Referral,Desktop,170,134,479,0.324,5,387.95
2024-12-26,Referral,Mobile,230,179,424,0.465,4,295.36
2024-12-26,Referral,Tablet,38,29,106,0.374,1,55.74
2024-12-26,Social,Desktop,440,377,1254,0.356,7,491.68
2024-12-26,Social,Mobile,585,502,1177,0.471,6,447.04
2024-12-26,Social,Tablet,89,70,193,0.359,1,61.48
2024-12-27,Direct,Desktop,669,550,1489,0.372,21,1019.83
2024-12-27,Direct,Mobile,636,534,1418,0.463,11,944.3
2024-12-27,Direct,Tablet,101,82,273,0.325,2,143.01
2024-12-27,Email,Desktop,225,186,416,0.415,12,1039.8
2024-12-27,Email,Mobile,300,248,543,0.462,10,773.83
2024-12-27,Email,Tablet,37,28,110,0.357,1,84.74
2024-12-27,Organic Search,Desktop,1141,922,3221,0.368,27,2041.25
2024-12-27,Organic Search,Mobile,1023,776,2867,0.459,18,1113.5
2024-12-27,Organic Search,Tablet,183,151,486,0.311,3,153.36
2024-12-27,Paid Search,Desktop,469,364,1063,0.343,17,1017.57
2024-12-27,Paid Search,Mobile,586,473,1655,0.49,16,833.4
2024-12-27,Paid Search,Tablet,92,73,173,0.382,3,166.98
2024-12-27,Referral,Desktop,184,155,525,0.375,5,362.24
2024-12-27,Referral,Mobile,234,187,590,0.5,4,315.93
2024-12-27,Referral,Tablet,37,29,102,0.311,1,82.68
2024-12-27,Social,Desktop,408,317,1053,0.335,6,492.68
2024-12-27,Social,Mobile,496,377,1558,0.48,4,313.7
2024-12-27,Social,Tablet,75,63,240,0.333,1,57.36
2024-12-28,Direct,Desktop,442,344,824,0.332,13,1116.37
2024-12-28,Direct,Mobile,502,390,1387,0.492,11,954.35
2024-12-28,Direct,Tablet,93,76,183,0.408,2,172.98
2024-12-28,Email,Desktop,154,124,359,0.356,7,421.21
2024-12-28,Email,Mobile,215,183,616,0.417,8,598.61
2024-12-28,Email,Tablet,36,31,107,0.396,2,152.96
2024-12-28,Organic Search,Desktop,744,603,1755,0.347,20,1237.57
2024-12-28,Organic Search,Mobile,941,735,1920,0.414,15,981.96
2024-12-28,Organic Search,Tablet,139,113,250,0.309,2,138.28
2024-12-28,Paid Search,Desktop,405,302,1261,0.308,19,1628.8
2024-12-28,Paid Search,Mobile,573,435,1114,0.409,14,820.4
2024-12-28,Paid Search,Tablet,79,67,248,0.301,3,190.18
2024-12-28,Referral,Desktop,145,117,436,0.39,4,241.04
2024-12-28,Referral,Mobile,157,118,412,0.416,3,225.86
2024-12-28,Referral,Tablet,24,20,59,0.352,1,54.21
2024-12-28,Social,Desktop,309,237,847,0.344,4,207.86
2024-12-28,Social,Mobile,427,357,1232,0.402,4,332.56
2024-12-28,Social,Tablet,70,53,151,0.372,1,78.8
2024-12-29,Direct,Desktop,545,469,1584,0.336,17,1083.81
2024-12-29,Direct,Mobile,559,446,1072,0.447,13,699.35
2024-12-29,Direct,Tablet,105,87,294,0.31,3,160.96
2024-12-29,Email,Desktop,160,130,474,0.338,7,574.52
2024-12-29,Email,Mobile,180,142,328,0.436,5,427.37
2024-12-29,Email,Tablet,36,28,91,0.335,1,51.55
2024-12-29,Organic Search,Desktop,737,550,1608,0.385,19,1348.64
2024-12-29,Organic Search,Mobile,890,745,2059,0.483,11,928.04
2024-12-29,Organic Search,Tablet,136,104,251,0.407,2,99.91
2024-12-29,Paid Search,Desktop,409,322,1249,0.366,17,907.15
2024-12-29,Paid Search,Mobile,492,400,1223,0.425,13,1131.56
2024-12-29,Paid Search,Tablet,75,60,238,0.359,2,174.03
2024-12-29,Referral,Desktop,162,135,391,0.394,4,216.17
2024-12-29,Referral,Mobile,152,130,432,0.422,3,259.26
2024-12-29,Referral,Tablet,31,26,57,0.418,1,53.49
2024-12-29,Social,Desktop,310,234,637,0.316,5,253.78
2024-12-29,Social,Mobile,394,305,986,0.493,4,240.31
2024-12-29,Social,Tablet,73,59,209,0.303,1,71.03
2024-12-30,Direct,Desktop,652,534,1720,0.399,20,1031.04
2024-12-30,Direct,Mobile,668,509,1256,0.416,13,715.1
2024-12-30,Direct,Tablet,104,80,216,0.365,3,157.35
2024-12-30,Email,Desktop,212,174,648,0.381,10,742.21
2024-12-30,Email,Mobile,248,210,574,0.501,7,451.93
2024-12-30,Email,Tablet,47,38,96,0.39,2,144.39
2024-12-30,Organic Search,Desktop,940,797,2155,0.335,21,1148.32
2024-12-30,Organic Search,Mobile,1255,1049,2295,0.479,19,1253.21
2024-12-30,Organic Search,Tablet,183,138,473,0.406,4,244.46
2024-12-30,Paid Search,Desktop,516,416,1550,0.36,19,1569.25
2024-12-30,Paid Search,Mobile,602,453,1255,0.494,16,980.5
2024-12-30,Paid Search,Tablet,105,90,285,0.345,4,321.87
2024-12-30,Referral,Desktop,189,152,403,0.363,6,437.33
2024-12-30,Referral,Mobile,191,147,571,0.47,4,277.43
2024-12-30,Referral,Tablet,31,27,73,0.404,1,62.9
2024-12-30,Social,Desktop,450,368,1082,0.386,7,523.01
2024-12-30,Social,Mobile,477,378,1342,0.513,4,284.71
2024-12-30,Social,Tablet,85,66,269,0.411,1,68.96
2024-12-31,Direct,Desktop,686,575,1642,0.354,19,1640.45
2024-12-31,Direct,Mobile,752,589,1925,0.423,16,974.26
2024-12-31,Direct,Tablet,111,93,291,0.354,3,151.81
2024-12-31,Email,Desktop,229,170,440,0.315,12,928.22
2024-12-31,Email,Mobile,276,237,580,0.509,9,624.0
2024-12-31,Email,Tablet,47,36,87,0.334,2,166.13
2024-12-31,Organic Search,Desktop,1022,834,2210,0.376,24,1328.21
2024-12-31,Organic Search,Mobile,1120,926,2116,0.481,16,1399.0
2024-12-31,Organic Search,Tablet,202,170,528,0.378,5,369.87
2024-12-31,Paid Search,Desktop,515,439,946,0.396,23,1272.04
2024-12-31,Paid Search,Mobile,679,544,1241,0.467,16,1256.67
2024-12-31,Paid Search,Tablet,105,90,225,0.409,3,216.36
2024-12-31,Referral,Desktop,204,151,585,0.343,5,425.21
2024-12-31,Referral,Mobile,192,151,540,0.406,4,283.88
2024-12-31,Referral,Tablet,31,23,91,0.372,1,80.8
2024-12-31,Social,Desktop,490,398,1496,0.385,8,601.54
2024-12-31,Social,Mobile,513,397,1315,0.408,5,246.51
2024-12-31,Social,Tablet,82,67,260,0.356,1,71.37
2025-01-01,Direct,Desktop,666,506,1402,0.347,23,1535.37
2025-01-01,Direct,Mobile,774,599,1819,0.519,16,1329.89
2025-01-01,Direct,Tablet,129,103,244,0.4,4,270.06
2025-01-01,Email,Desktop,227,182,618,0.391,12,1023.75
2025-01-01,Email,Mobile,252,203,776,0.402,7,477.33
2025-01-01,Email,Tablet,46,36,135,0.311,2,99.54
2025-01-01,Organic Search,Desktop,863,741,2700,0.391,20,1552.09
2025-01-01,Organic Search,Mobile,1342,1104,4013,0.468,22,1673.64
2025-01-01,Organic Search,Tablet,195,144,505,0.331,4,319.62
2025-01-01,Paid Search,Desktop,546,419,1593,0.336,21,1069.81
2025-01-01,Paid Search,Mobile,598,513,1796,0.466,14,990.6
2025-01-01,Paid Search,Tablet,95,74,197,0.376,3,236.87
2025-01-01,Referral,Desktop,162,132,389,0.335,6,373.22
2025-01-01,Referral,Mobile,223,182,466,0.405,4,243.58
2025-01-01,Referral,Tablet,35,28,105,0.404,1,80.94
2025-01-01,Social,Desktop,463,390,1023,0.35,7,340.39
2025-01-01,Social,Mobile,541,422,1102,0.489,5,425.03
2025-01-01,Social,Tablet,96,83,184,0.4,1,55.86
2025-01-02,Direct,Desktop,514,419,1638,0.341,19,1046.05
2025-01-02,Direct,Mobile,722,569,1631,0.407,17,867.96
2025-01-02,Direct,Tablet,118,97,256,0.361,4,291.47
2025-01-02,Email,Desktop,231,172,660,0.351,12,694.1
2025-01-02,Email,Mobile,265,205,762,0.492,9,777.49
2025-01-02,Email,Tablet,42,34,97,0.343,1,58.24
2025-01-02,Organic Search,Desktop,895,676,2762,0.42,23,1290.65
2025-01-02,Organic Search,Mobile,1331,1041,3952,0.405,22,1728.43
2025-01-02,Organic Search,Tablet,168,130,477,0.39,3,171.59
2025-01-02,Paid Search,Desktop,562,449,1437,0.372,21,1769.59
2025-01-02,Paid Search,Mobile,697,555,2002,0.417,16,1069.8
2025-01-02,Paid Search,Tablet,103,85,287,0.307,3,182.67
2025-01-02,Referral,Desktop,155,132,288,0.359,5,335.58
2025-01-02,Referral,Mobile,222,184,524,0.407,4,294.25
2025-01-02,Referral,Tablet,34,29,101,0.376,1,56.05
2025-01-02,Social,Desktop,459,361,1229,0.416,6,445.26
2025-01-02,Social,Mobile,497,372,1502,0.518,5,346.9
2025-01-02,Social,Tablet,77,59,216,0.36,1,52.77
2025-01-03,Direct,Desktop,645,547,1382,0.418,26,1824.9
2025-01-03,Direct,Mobile,725,581,1692,0.435,13,651.73
2025-01-03,Direct,Tablet,105,85,333,0.308,3,169.13
2025-01-03,Email,Desktop,237,203,741,0.381,10,818.93
2025-01-03,Email,Mobile,252,196,778,0.444,9,508.73
2025-01-03,Email,Tablet,38,30,68,0.392,1,61.54
2025-01-03,Organic Search,Desktop,966,719,2488,0.32,22,1654.93
2025-01-03,Organic Search,Mobile,1291,1071,3636,0.425,24,1186.48
2025-01-03,Organic Search,Tablet,205,158,381,0.418,3,173.66
2025-01-03,Paid Search,Desktop,611,462,1224,0.313,28,1965.72
2025-01-03,Paid Search,Mobile,734,576,1720,0.411,22,1213.53
2025-01-03,Paid Search,Tablet,97,78,177,0.417,3,205.19
2025-01-03,Referral,Desktop,162,126,384,0.37,6,343.6
2025-01-03,Referral,Mobile,246,186,673,0.421,5,330.9
2025-01-03,Referral,Tablet,32,24,87,0.367,1,72.11
2025-01-03,Social,Desktop,397,333,1044,0.394,7,380.7
2025-01-03,Social,Mobile,558,424,1772,0.513,5,244.36
2025-01-03,Social,Tablet,97,83,188,0.419,1,64.04
2025-01-04,Direct,Desktop,438,371,1101,0.392,13,1124.04
2025-01-04,Direct,Mobile,533,456,1005,0.427,9,632.16
2025-01-04,Direct,Tablet,89,71,196,0.345,2,155.01
2025-01-04,Email,Desktop,164,141,449,0.358,10,503.31
2025-01-04,Email,Mobile,199,158,371,0.486,6,359.44
2025-01-04,Email,Tablet,31,23,86,0.404,1,59.7
2025-01-04,Organic Search,Desktop,757,582,2054,0.331,19,1530.31
2025-01-04,Organic Search,Mobile,860,679,2293,0.414,14,789.15
2025-01-04,Organic Search,Tablet,133,113,369,0.36,3,151.36
2025-01-04,Paid Search,Desktop,478,385,1074,0.377,22,1251.44
2025-01-04,Paid Search,Mobile,526,400,1115,0.417,16,1226.82
2025-01-04,Paid Search,Tablet,86,71,193,0.403,2,162.54
2025-01-04,Referral,Desktop,153,115,374,0.358,4,215.11
2025-01-04,Referral,Mobile,197,153,473,0.443,4,256.6
2025-01-04,Referral,Tablet,27,21,79,0.344,1,48.77
2025-01-04,Social,Desktop,376,309,886,0.414,5,423.87
2025-01-04,Social,Mobile,449,368,865,0.479,5,319.25
2025-01-04,Social,Tablet,64,50,118,0.4,1,85.88
2025-01-05,Direct,Desktop,458,362,1282,0.392,14,693.82
2025-01-05,Direct,Mobile,547,460,1639,0.44,13,888.77
2025-01-05,Direct,Tablet,101,84,252,0.362,3,185.47
2025-01-05,Email,Desktop,203,161,449,0.331,10,721.29
2025-01-05,Email,Mobile,232,172,624,0.464,8,484.11
2025-01-05,Email,Tablet,38,30,102,0.404,1,80.22
2025-01-05,Organic Search,Desktop,697,517,1901,0.339,22,1892.84
2025-01-05,Organic Search,Mobile,881,691,2773,0.494,15,1194.06
2025-01-05,Organic Search,Tablet,165,139,460,0.356,3,151.06
2025-01-05,Paid Search,Desktop,450,354,1131,0.3,15,1255.34
2025-01-05,Paid Search,Mobile,543,449,1457,0.462,14,678.49
2025-01-05,Paid Search,Tablet,94,72,216,0.334,3,196.55
2025-01-05,Referral,Desktop,164,126,514,0.314,5,377.53
2025-01-05,Referral,Mobile,151,126,372,0.425,3,253.1
2025-01-05,Referral,Tablet,26,20,80,0.379,1,65.96
2025-01-05,Social,Desktop,387,290,864,0.315,5,241.84
2025-01-05,Social,Mobile,395,309,874,0.466,3,256.91
2025-01-05,Social,Tablet,72,54,192,0.309,1,49.48
2025-01-06,Direct,Desktop,637,534,1685,0.32,25,1642.62
2025-01-06,Direct,Mobile,646,537,1172,0.408,12,683.69
2025-01-06,Direct,Tablet,122,101,318,0.305,3,188.19
2025-01-06,Email,Desktop,189,151,359,0.338,12,857.76
2025-01-06,Email,Mobile,251,188,562,0.51,8,546.67
2025-01-06,Email,Tablet,48,41,139,0.33,2,120.31
2025-01-06,Organic Search,Desktop,1040,822,3197,0.38,22,1791.69
2025-01-06,Organic Search,Mobile,1031,779,2031,0.4,18,1175.24
2025-01-06,Organic Search,Tablet,174,143,488,0.337,4,271.43
2025-01-06,Paid Search,Desktop,618,476,1257,0.33,24,1875.31
2025-01-06,Paid Search,Mobile,607,521,1628,0.468,13,755.2
2025-01-06,Paid Search,Tablet,98,76,262,0.364,3,242.85
2025-01-06,Referral,Desktop,184,157,516,0.35,6,397.45
2025-01-06,Referral,Mobile,189,154,503,0.462,3,246.88
2025-01-06,Referral,Tablet,37,28,77,0.409,1,82.27
2025-01-06,Social,Desktop,410,345,1210,0.375,6,353.27
2025-01-06,Social,Mobile,500,380,1337,0.437,4,236.35
2025-01-06,Social,Tablet,88,72,249,0.373,1,76.78
2025-01-07,Direct,Desktop,556,428,1179,0.349,18,1293.33
2025-01-07,Direct,Mobile,684,570,1751,0.492,13,999.25
2025-01-07,Direct,Tablet,114,87,207,0.353,2,115.38
2025-01-07,Email,Desktop,239,180,449,0.369,12,680.44
2025-01-07,Email,Mobile,250,190,723,0.495,9,499.04
2025-01-07,Email,Tablet,38,28,92,0.35,2,170.52
2025-01-07,Organic Search,Desktop,1089,832,3237,0.334,30,2373.45
2025-01-07,Organic Search,Mobile,1377,1066,4218,0.498,25,1734.52
2025-01-07,Organic Search,Tablet,190,157,443,0.412,4,247.84
2025-01-07,Paid Search,Desktop,542,416,1480,0.325,23,1348.67
2025-01-07,Paid Search,Mobile,606,486,1806,0.434,14,726.42
2025-01-07,Paid Search,Tablet,120,95,351,0.333,4,227.44
2025-01-07,Referral,Desktop,174,150,535,0.313,6,406.13
2025-01-07,Referral,Mobile,246,202,755,0.451,5,314.16
2025-01-07,Referral,Tablet,29,25,53,0.379,1,66.22
2025-01-07,Social,Desktop,462,375,1135,0.369,6,402.0
2025-01-07,Social,Mobile,594,491,1413,0.405,5,254.79
2025-01-07,Social,Tablet,90,75,182,0.371,1,79.76
2025-01-08,Direct,Desktop,573,472,1282,0.402,18,1208.17
2025-01-08,Direct,Mobile,778,632,1615,0.473,18,1317.94
2025-01-08,Direct,Tablet,131,104,271,0.351,4,294.97
2025-01-08,Email,Desktop,252,202,586,0.339,12,591.21
2025-01-08,Email,Mobile,270,225,743,0.402,7,530.4
2025-01-08,Email,Tablet,38,30,95,0.413,1,68.48
2025-01-08,Organic Search,Desktop,1080,909,3138,0.371,32,2446.72
2025-01-08,Organic Search,Mobile,1323,1063,3978,0.489,19,1380.44
2025-01-08,Organic Search,Tablet,173,141,420,0.415,4,255.82
2025-01-08,Paid Search,Desktop,516,389,1107,0.334,20,1359.4
2025-01-08,Paid Search,Mobile,596,512,1077,0.473,14,725.98
2025-01-08,Paid Search,Tablet,110,91,219,0.414,3,158.95
2025-01-08,Referral,Desktop,167,127,483,0.332,5,250.94
2025-01-08,Referral,Mobile,242,195,654,0.497,5,415.85
2025-01-08,Referral,Tablet,34,25,95,0.414,1,74.74
2025-01-08,Social,Desktop,397,296,853,0.384,6,384.25
2025-01-08,Social,Mobile,559,427,1608,0.505,6,297.71
2025-01-08,Social,Tablet,82,68,207,0.306,1,66.71
2025-01-09,Direct,Desktop,630,478,1894,0.334,20,1617.46
2025-01-09,Direct,Mobile,644,486,1397,0.413,11,734.86
2025-01-09,Direct,Tablet,108,81,266,0.357,2,123.2
2025-01-09,Email,Desktop,252,199,790,0.341,11,828.13
2025-01-09,Email,Mobile,288,223,725,0.402,11,646.36
2025-01-09,Email,Tablet,46,38,113,0.416,2,137.35
2025-01-09,Organic Search,Desktop,988,789,1834,0.326,21,1438.76
2025-01-09,Organic Search,Mobile,1320,1058,2586,0.403,22,1427.26
2025-01-09,Organic Search,Tablet,174,144,336,0.33,3,162.72
2025-01-09,Paid Search,Desktop,597,461,1242,0.352,22,1787.19
2025-01-09,Paid Search,Mobile,639,510,1714,0.413,14,907.59
2025-01-09,Paid Search,Tablet,121,103,261,0.316,4,334.07
2025-01-09,Referral,Desktop,196,152,522,0.323,7,344.59
2025-01-09,Referral,Mobile,216,163,647,0.419,5,281.19
2025-01-09,Referral,Tablet,33,26,96,0.341,1,85.23
2025-01-09,Social,Desktop,422,315,833,0.368,6,410.2
2025-01-09,Social,Mobile,531,456,1437,0.412,4,348.33
2025-01-09,Social,Tablet,85,65,259,0.37,1,79.22
2025-01-10,Direct,Desktop,657,492,1739,0.353,22,1901.99
2025-01-10,Direct,Mobile,791,655,1781,0.44,14,994.35
2025-01-10,Direct,Tablet,109,89,208,0.375,2,146.95
2025-01-10,Email,Desktop,248,195,622,0.308,12,993.13
2025-01-10,Email,Mobile,269,213,808,0.464,8,550.92
2025-01-10,Email,Tablet,39,30,91,0.399,1,78.06
2025-01-10,Organic Search,Desktop,1020,798,3074,0.335,27,2188.7
2025-01-10,Organic Search,Mobile,1025,867,2944,0.5,14,821.34
2025-01-10,Organic Search,Tablet,185,151,342,0.378,3,231.57
2025-01-10,Paid Search,Desktop,594,496,1213,0.307,30,1458.38
2025-01-10,Paid Search,Mobile,725,602,1563,0.415,18,1247.87
2025-01-10,Paid Search,Tablet,107,85,199,0.394,4,295.0
2025-01-10,Referral,Desktop,160,134,305,0.333,5,413.61
2025-01-10,Referral,Mobile,222,173,689,0.427,4,255.92
2025-01-10,Referral,Tablet,35,27,70,0.357,1,66.91
2025-01-10,Social,Desktop,400,332,1041,0.4,6,344.49
2025-01-10,Social,Mobile,564,470,1253,0.433,6,353.23
2025-01-10,Social,Tablet,75,62,142,0.401,1,53.86
2025-01-11,Direct,Desktop,487,410,900,0.329,18,1044.83
2025-01-11,Direct,Mobile,597,489,1293,0.471,12,754.92
2025-01-11,Direct,Tablet,91,70,238,0.408,2,121.55
2025-01-11,Email,Desktop,180,154,565,0.314,10,852.67
2025-01-11,Email,Mobile,203,155,624,0.488,6,378.99
2025-01-11,Email,Tablet,30,25,78,0.406,1,51.63
2025-01-11,Organic Search,Desktop,754,560,1851,0.407,21,1350.1
2025-01-11,Organic Search,Mobile,967,794,2239,0.474,14,679.31
2025-01-11,Organic Search,Tablet,175,130,455,0.365,3,230.97
2025-01-11,Paid Search,Desktop,438,344,797,0.342,22,1246.2
2025-01-11,Paid Search,Mobile,482,382,1169,0.455,12,1036.26
2025-01-11,Paid Search,Tablet,85,72,248,0.402,2,103.0
2025-01-11,Referral,Desktop,164,126,506,0.318,6,518.32
2025-01-11,Referral,Mobile,165,137,423,0.456,3,155.23
2025-01-11,Referral,Tablet,25,19,47,0.305,1,64.75
2025-01-11,Social,Desktop,336,273,824,0.357,5,368.71
2025-01-11,Social,Mobile,422,353,1193,0.502,4,281.02
2025-01-11,Social,Tablet,79,64,240,0.42,1,78.65
2025-01-12,Direct,Desktop,446,373,925,0.337,14,1064.34
2025-01-12,Direct,Mobile,575,446,1241,0.435,14,917.67
2025-01-12,Direct,Tablet,84,71,153,0.372,2,103.49
2025-01-12,Email,Desktop,177,139,522,0.306,10,836.89
2025-01-12,Email,Mobile,243,184,440,0.513,8,411.56
2025-01-12,Email,Tablet,37,30,107,0.347,1,65.07
2025-01-12,Organic Search,Desktop,803,617,2281,0.322,22,1583.88
2025-01-12,Organic Search,Mobile,837,630,2289,0.44,12,687.04
2025-01-12,Organic Search,Tablet,173,146,442,0.379,4,289.33
2025-01-12,Paid Search,Desktop,429,324,1013,0.348,19,1530.54
2025-01-12,Paid Search,Mobile,474,383,1378,0.406,13,818.76
2025-01-12,Paid Search,Tablet,91,74,206,0.315,2,102.32
2025-01-12,Referral,Desktop,127,94,275,0.396,4,211.32
2025-01-12,Referral,Mobile,199,162,412,0.474,3,217.86
2025-01-12,Referral,Tablet,26,22,47,0.31,1,86.94
2025-01-12,Social,Desktop,341,285,1032,0.375,5,394.38
2025-01-12,Social,Mobile,426,358,1013,0.437,3,148.82
2025-01-12,Social,Tablet,61,47,164,0.4,1,58.27
2025-01-13,Direct,Desktop,643,527,1417,0.4,23,1197.35
2025-01-13,Direct,Mobile,680,541,1457,0.473,12,660.67
2025-01-13,Direct,Tablet,102,81,267,0.365,3,259.33
2025-01-13,Email,Desktop,256,205,626,0.339,14,758.49
2025-01-13,Email,Mobile,260,213,546,0.466,8,388.32
2025-01-13,Email,Tablet,44,33,92,0.339,2,99.38
2025-01-13,Organic Search,Desktop,1081,900,3111,0.402,29,1814.93
2025-01-13,Organic Search,Mobile,1171,951,3694,0.431,21,1844.07
2025-01-13,Organic Search,Tablet,165,125,347,0.38,3,198.73
2025-01-13,Paid Search,Desktop,638,503,1407,0.385,25,1753.72
2025-01-13,Paid Search,Mobile,635,537,1201,0.419,16,806.65
2025-01-13,Paid Search,Tablet,113,84,357,0.329,4,220.96
2025-01-13,Referral,Desktop,202,166,639,0.411,5,263.6
2025-01-13,Referral,Mobile,214,172,479,0.484,5,341.36
2025-01-13,Referral,Tablet,30,24,84,0.405,1,53.64
2025-01-13,Social,Desktop,448,384,1419,0.412,8,636.36
2025-01-13,Social,Mobile,548,414,1615,0.401,5,314.94
2025-01-13,Social,Tablet,75,60,163,0.4,1,67.99
2025-01-14,Direct,Desktop,647,482,1831,0.399,25,1775.61
2025-01-14,Direct,Mobile,824,695,1605,0.461,18,1189.03
2025-01-14,Direct,Tablet,105,85,275,0.414,3,238.75
2025-01-14,Email,Desktop,199,160,489,0.351,11,690.33
2025-01-14,Email,Mobile,290,226,826,0.462,8,532.69
2025-01-14,Email,Tablet,43,35,111,0.317,2,149.58
2025-01-14,Organic Search,Desktop,965,757,2645,0.405,26,2286.29
2025-01-14,Organic Search,Mobile,1211,1019,2409,0.5,16,1257.25
2025-01-14,Organic Search,Tablet,209,165,443,0.414,4,329.98
2025-01-14,Paid Search,Desktop,596,509,1630,0.369,30,2463.48
2025-01-14,Paid Search,Mobile,588,486,1843,0.474,12,960.76
2025-01-14,Paid Search,Tablet,107,87,258,0.354,4,310.5
2025-01-14,Referral,Desktop,181,139,565,0.358,5,371.39
2025-01-14,Referral,Mobile,212,175,445,0.443,4,268.2
2025-01-14,Referral,Tablet,37,29,116,0.317,1,75.25
2025-01-14,Social,Desktop,402,313,867,0.397,5,356.32
2025-01-14,Social,Mobile,528,448,1226,0.414,5,347.71
2025-01-14,Social,Tablet,88,71,210,0.404,1,65.76
2025-01-15,Direct,Desktop,688,574,1717,0.415,22,1312.55
2025-01-15,Direct,Mobile,831,652,1986,0.488,17,1061.55
2025-01-15,Direct,Tablet,105,85,222,0.305,3,205.4
2025-01-15,Email,Desktop,253,215,679,0.329,15,835.2
2025-01-15,Email,Mobile,282,236,770,0.436,7,500.96
2025-01-15,Email,Tablet,37,28,95,0.315,2,102.21
2025-01-15,Organic Search,Desktop,1026,853,2087,0.416,23,1473.07
2025-01-15,Organic Search,Mobile,1171,956,2188,0.422,21,1049.57
2025-01-15,Organic Search,Tablet,194,163,413,0.374,4,262.52
2025-01-15,Paid Search,Desktop,641,498,1740,0.341,23,1195.9
2025-01-15,Paid Search,Mobile,740,571,1734,0.511,22,1393.81
2025-01-15,Paid Search,Tablet,122,103,292,0.303,4,265.13
2025-01-15,Referral,Desktop,165,123,363,0.397,6,302.98
2025-01-15,Referral,Mobile,186,159,389,0.492,3,160.98
2025-01-15,Referral,Tablet,32,24,63,0.311,1,56.18
2025-01-15,Social,Desktop,447,360,1082,0.336,6,356.09
2025-01-15,Social,Mobile,575,456,1721,0.49,5,356.76
2025-01-15,Social,Tablet,74,58,160,0.325,1,52.72
2025-01-16,Direct,Desktop,698,596,1601,0.331,26,2201.65
2025-01-16,Direct,Mobile,708,581,1921,0.46,12,734.13
2025-01-16,Direct,Tablet,107,91,292,0.364,3,233.37
2025-01-16,Email,Desktop,243,204,559,0.364,12,750.55
2025-01-16,Email,Mobile,290,247,619,0.502,11,952.15
2025-01-16,Email,Tablet,38,31,116,0.338,2,159.25
2025-01-16,Organic Search,Desktop,1120,962,3279,0.326,30,1495.26
2025-01-16,Organic Search,Mobile,1334,1020,4081,0.471,25,1263.22
2025-01-16,Organic Search,Tablet,222,188,645,0.357,4,349.69
2025-01-16,Paid Search,Desktop,530,434,1402,0.407,24,1329.16
2025-01-16,Paid Search,Mobile,658,501,2077,0.47,19,1248.07
2025-01-16,Paid Search,Tablet,115,94,283,0.327,4,334.47
2025-01-16,Referral,Desktop,181,143,557,0.384,7,520.52
2025-01-16,Referral,Mobile,206,176,555,0.403,4,245.33
2025-01-16,Referral,Tablet,38,30,100,0.365,1,71.25
2025-01-16,Social,Desktop,487,390,1075,0.397,8,467.35
2025-01-16,Social,Mobile,618,472,1505,0.403,6,494.42
2025-01-16,Social,Tablet,85,72,217,0.399,1,65.51
2025-01-17,Direct,Desktop,630,519,1693,0.387,24,1848.87
2025-01-17,Direct,Mobile,707,603,2075,0.506,14,917.4
2025-01-17,Direct,Tablet,122,92,229,0.327,3,176.35
2025-01-17,Email,Desktop,232,187,470,0.394,11,639.78
2025-01-17,Email,Mobile,256,211,633,0.448,9,664.41
2025-01-17,Email,Tablet,47,36,146,0.418,2,145.1
2025-01-17,Organic Search,Desktop,1113,949,2260,0.307,30,2032.93
2025-01-17,Organic Search,Mobile,1169,973,3389,0.511,17,1309.39
2025-01-17,Organic Search,Tablet,197,162,532,0.354,4,311.93
2025-01-17,Paid Search,Desktop,480,360,975,0.401,22,1882.36
2025-01-17,Paid Search,Mobile,642,480,1671,0.501,14,1001.0
2025-01-17,Paid Search,Tablet,108,89,340,0.382,4,253.79
2025-01-17,Referral,Desktop,195,159,579,0.343,7,569.24
2025-01-17,Referral,Mobile,243,195,736,0.438,5,279.24
2025-01-17,Referral,Tablet,33,25,65,0.396,1,81.99
2025-01-17,Social,Desktop,486,399,1163,0.338,7,586.16
2025-01-17,Social,Mobile,581,447,1311,0.415,5,364.87
2025-01-17,Social,Tablet,85,65,245,0.338,1,69.6
2025-01-18,Direct,Desktop,500,404,1345,0.399,16,1337.9
2025-01-18,Direct,Mobile,651,509,1357,0.41,13,1031.25
2025-01-18,Direct,Tablet,106,83,330,0.415,2,123.81
2025-01-18,Email,Desktop,188,151,437,0.356,10,785.02
2025-01-18,Email,Mobile,226,170,663,0.41,7,456.44
2025-01-18,Email,Tablet,39,33,104,0.4,1,74.07
2025-01-18,Organic Search,Desktop,878,675,2724,0.404,25,1441.79
2025-01-18,Organic Search,Mobile,1075,878,3115,0.441,17,1195.49
2025-01-18,Organic Search,Tablet,158,130,293,0.351,3,185.13
2025-01-18,Paid Search,Desktop,452,338,1298,0.3,20,1657.28
2025-01-18,Paid Search,Mobile,557,471,1003,0.495,15,1005.62
2025-01-18,Paid Search,Tablet,76,58,186,0.329,3,201.81
2025-01-18,Referral,Desktop,131,110,395,0.356,4,341.27
2025-01-18,Referral,Mobile,189,158,443,0.517,3,231.57
2025-01-18,Referral,Tablet,27,20,77,0.377,1,54.55
2025-01-18,Social,Desktop,404,308,888,0.367,7,460.45
2025-01-18,Social,Mobile,428,320,1056,0.426,4,205.17
2025-01-18,Social,Tablet,79,68,145,0.396,1,65.24
2025-01-19,Direct,Desktop,491,375,937,0.345,19,1198.26
2025-01-19,Direct,Mobile,549,433,1501,0.472,12,824.98
2025-01-19,Direct,Tablet,86,66,257,0.412,2,167.25
2025-01-19,Email,Desktop,159,126,372,0.408,9,560.7
2025-01-19,Email,Mobile,198,155,382,0.422,5,433.22
2025-01-19,Email,Tablet,37,30,116,0.402,1,58.53
2025-01-19,Organic Search,Desktop,857,661,2067,0.396,18,1045.84
2025-01-19,Organic Search,Mobile,1106,942,3033,0.491,15,1068.77
2025-01-19,Organic Search,Tablet,135,103,375,0.381,3,218.67
2025-01-19,Paid Search,Desktop,386,290,829,0.342,14,877.0
2025-01-19,Paid Search,Mobile,476,358,968,0.408,12,641.35
2025-01-19,Paid Search,Tablet,93,78,257,0.321,2,97.76
2025-01-19,Referral,Desktop,141,105,273,0.33,4,197.72
2025-01-19,Referral,Mobile,172,134,386,0.507,3,164.08
2025-01-19,Referral,Tablet,29,22,68,0.323,1,50.68
2025-01-19,Social,Desktop,393,313,1072,0.415,7,489.19
2025-01-19,Social,Mobile,483,361,1109,0.498,4,217.1
2025-01-19,Social,Tablet,75,63,207,0.404,1,66.75
2025-01-20,Direct,Desktop,559,440,1527,0.4,18,1422.71
2025-01-20,Direct,Mobile,741,549,2340,0.515,15,730.32
2025-01-20,Direct,Tablet,108,87,276,0.385,3,157.73
2025-01-20,Email,Desktop,191,155,509,0.358,12,583.59
2025-01-20,Email,Mobile,271,202,744,0.515,7,564.73
2025-01-20,Email,Tablet,38,30,87,0.321,1,82.93
2025-01-20,Organic Search,Desktop,971,748,1832,0.308,29,2335.79
2025-01-20,Organic Search,Mobile,1381,1039,3623,0.448,21,1113.38
2025-01-20,Organic Search,Tablet,190,162,357,0.314,3,224.8
2025-01-20,Paid Search,Desktop,478,397,1442,0.323,18,890.42
2025-01-20,Paid Search,Mobile,698,560,1683,0.47,18,1039.46
2025-01-20,Paid Search,Tablet,115,94,293,0.385,4,211.1
2025-01-20,Referral,Desktop,207,155,535,0.387,6,509.65
2025-01-20,Referral,Mobile,248,201,649,0.514,5,316.48
2025-01-20,Referral,Tablet,33,26,64,0.39,1,60.61
2025-01-20,Social,Desktop,441,376,1205,0.328,5,263.93
2025-01-20,Social,Mobile,496,382,1241,0.446,4,311.5
2025-01-20,Social,Tablet,77,60,206,0.366,1,54.33
2025-01-21,Direct,Desktop,682,540,1746,0.414,20,1452.14
2025-01-21,Direct,Mobile,811,668,1487,0.424,17,1199.21
2025-01-21,Direct,Tablet,104,87,271,0.416,3,149.67
2025-01-21,Email,Desktop,230,182,592,0.328,11,575.54
2025-01-21,Email,Mobile,239,180,612,0.415,8,562.65
2025-01-21,Email,Tablet,48,36,114,0.358,2,162.69
2025-01-21,Organic Search,Desktop,881,743,1913,0.34,23,1221.3
2025-01-21,Organic Search,Mobile,1320,1106,3479,0.427,23,1462.75
2025-01-21,Organic Search,Tablet,221,178,493,0.331,4,259.25
2025-01-21,Paid Search,Desktop,639,545,1761,0.368,27,2332.43
2025-01-21,Paid Search,Mobile,573,446,1678,0.44,14,1221.9
2025-01-21,Paid Search,Tablet,120,94,310,0.34,3,231.49
2025-01-21,Referral,Desktop,193,153,359,0.405,5,298.59
2025-01-21,Referral,Mobile,187,160,525,0.52,3,257.08
2025-01-21,Referral,Tablet,35,27,79,0.347,1,67.79
2025-01-21,Social,Desktop,505,389,1046,0.415,8,687.13
2025-01-21,Social,Mobile,544,427,1490,0.458,6,372.41
2025-01-21,Social,Tablet,92,76,167,0.416,1,72.19
2025-01-22,Direct,Desktop,656,561,1525,0.307,25,1600.66
2025-01-22,Direct,Mobile,797,595,2494,0.427,15,1011.72
2025-01-22,Direct,Tablet,116,96,346,0.377,3,199.8
2025-01-22,Email,Desktop,228,188,565,0.33,13,1073.09
2025-01-22,Email,Mobile,243,186,514,0.507,6,527.67
2025-01-22,Email,Tablet,48,37,117,0.379,2,110.45
2025-01-22,Organic Search,Desktop,893,734,2702,0.417,24,1974.89
2025-01-22,Organic Search,Mobile,1040,780,3039,0.446,15,1276.62
2025-01-22,Organic Search,Tablet,177,136,432,0.41,3,205.27
2025-01-22,Paid Search,Desktop,533,444,1636,0.316,26,2232.01
2025-01-22,Paid Search,Mobile,713,568,2248,0.471,17,1434.77
2025-01-22,Paid Search,Tablet,115,98,261,0.332,3,176.46
2025-01-22,Referral,Desktop,181,142,421,0.319,7,437.05
2025-01-22,Referral,Mobile,248,212,516,0.403,5,370.18
2025-01-22,Referral,Tablet,35,26,96,0.317,1,64.63
2025-01-22,Social,Desktop,469,378,969,0.409,6,447.49
2025-01-22,Social,Mobile,495,392,1189,0.446,5,257.48
2025-01-22,Social,Tablet,88,66,205,0.352,1,50.66
2025-01-23,Direct,Desktop,676,509,1614,0.391,25,1323.75
2025-01-23,Direct,Mobile,712,540,1595,0.43,16,1058.32
2025-01-23,Direct,Tablet,128,97,281,0.336,3,257.0
2025-01-23,Email,Desktop,230,189,684,0.409,11,819.55
2025-01-23,Email,Mobile,254,205,613,0.441,8,534.27
2025-01-23,Email,Tablet,44,34,137,0.323,1,81.03
2025-01-23,Organic Search,Desktop,901,757,2686,0.333,22,1893.38
2025-01-23,Organic Search,Mobile,1302,1062,3809,0.481,18,1189.37
2025-01-23,Organic Search,Tablet,217,182,399,0.416,3,199.67
2025-01-23,Paid Search,Desktop,620,490,1170,0.402,28,2159.77
2025-01-23,Paid Search,Mobile,601,504,1166,0.453,16,988.09
2025-01-23,Paid Search,Tablet,121,99,224,0.41,4,289.22
2025-01-23,Referral,Desktop,164,135,435,0.362,6,301.97
2025-01-23,Referral,Mobile,239,182,506,0.457,4,238.25
2025-01-23,Referral,Tablet,37,31,100,0.338,1,63.36
2025-01-23,Social,Desktop,394,320,1257,0.408,7,516.27
2025-01-23,Social,Mobile,465,376,1178,0.478,4,350.64
2025-01-23,Social,Tablet,99,84,290,0.382,1,80.27
2025-01-24,Direct,Desktop,524,430,977,0.356,19,1134.63
2025-01-24,Direct,Mobile,806,682,2063,0.446,14,698.33
2025-01-24,Direct,Tablet,104,78,259,0.356,2,170.14
2025-01-24,Email,Desktop,194,162,414,0.36,11,893.46
2025-01-24,Email,Mobile,260,214,587,0.475,8,485.19
2025-01-24,Email,Tablet,46,37,137,0.389,2,175.27
2025-01-24,Organic Search,Desktop,1014,796,2125,0.308,30,1987.12
2025-01-24,Organic Search,Mobile,1245,934,2436,0.456,23,1551.35
2025-01-24,Organic Search,Tablet,197,166,585,0.399,4,209.14
2025-01-24,Paid Search,Desktop,567,485,1595,0.325,26,1640.29
2025-01-24,Paid Search,Mobile,619,476,1540,0.407,16,932.35
2025-01-24,Paid Search,Tablet,97,80,274,0.353,3,231.03
2025-01-24,Referral,Desktop,188,161,360,0.306,6,456.06
2025-01-24,Referral,Mobile,190,148,553,0.47,4,251.21
2025-01-24,Referral,Tablet,30,23,95,0.314,1,54.61
2025-01-24,Social,Desktop,460,381,946,0.32,7,576.57
2025-01-24,Social,Mobile,539,435,1442,0.429,4,241.06
2025-01-24,Social,Tablet,86,68,212,0.341,1,57.3
2025-01-25,Direct,Desktop,419,350,1168,0.416,13,891.77
2025-01-25,Direct,Mobile,630,523,1724,0.514,13,1127.64
2025-01-25,Direct,Tablet,81,62,228,0.344,2,117.24
2025-01-25,Email,Desktop,174,143,411,0.332,8,502.55
2025-01-25,Email,Mobile,229,190,447,0.503,8,631.77
2025-01-25,Email,Tablet,39,30,73,0.412,1,51.18
2025-01-25,Organic Search,Desktop,838,635,1820,0.417,18,1240.55
2025-01-25,Organic Search,Mobile,1005,765,2598,0.48,19,1638.63
2025-01-25,Organic Search,Tablet,177,138,329,0.398,4,199.22
2025-01-25,Paid Search,Desktop,393,316,996,0.308,20,996.88
2025-01-25,Paid Search,Mobile,519,386,1251,0.489,15,977.17
2025-01-25,Paid Search,Tablet,85,69,251,0.38,3,200.42
2025-01-25,Referral,Desktop,129,111,235,0.394,5,309.08
2025-01-25,Referral,Mobile,156,118,372,0.464,3,187.66
2025-01-25,Referral,Tablet,24,20,44,0.375,1,48.76
2025-01-25,Social,Desktop,418,331,1143,0.375,7,498.81
2025-01-25,Social,Mobile,468,394,886,0.408,5,372.44
2025-01-25,Social,Tablet,72,62,156,0.369,1,57.55
2025-01-26,Direct,Desktop,420,333,1034,0.401,17,915.81
2025-01-26,Direct,Mobile,606,461,1481,0.421,13,1063.49
2025-01-26,Direct,Tablet,97,75,256,0.406,2,118.1
2025-01-26,Email,Desktop,198,161,385,0.314,12,810.03
2025-01-26,Email,Mobile,212,157,551,0.497,6,436.86
2025-01-26,Email,Tablet,33,27,102,0.386,1,66.38
2025-01-26,Organic Search,Desktop,881,741,1788,0.354,21,1104.56
2025-01-26,Organic Search,Mobile,1045,824,2718,0.487,19,1406.84
2025-01-26,Organic Search,Tablet,157,135,383,0.418,3,245.35
2025-01-26,Paid Search,Desktop,473,395,954,0.378,23,1212.33
2025-01-26,Paid Search,Mobile,500,372,967,0.495,12,667.26
2025-01-26,Paid Search,Tablet,97,81,185,0.381,3,233.95
2025-01-26,Referral,Desktop,148,119,343,0.346,5,309.01
2025-01-26,Referral,Mobile,187,147,517,0.498,4,275.42
2025-01-26,Referral,Tablet,30,25,71,0.401,1,82.89
2025-01-26,Social,Desktop,362,309,677,0.351,6,335.46
2025-01-26,Social,Mobile,386,295,844,0.438,3,145.14
2025-01-26,Social,Tablet,62,47,133,0.31,1,76.73
2025-01-27,Direct,Desktop,693,515,1588,0.301,23,1179.74
2025-01-27,Direct,Mobile,760,595,2355,0.488,18,1474.8
2025-01-27,Direct,Tablet,133,107,417,0.314,3,210.38
2025-01-27,Email,Desktop,227,173,578,0.411,14,1170.65
2025-01-27,Email,Mobile,293,226,583,0.401,8,393.33
2025-01-27,Email,Tablet,37,30,95,0.419,1,54.26
2025-01-27,Organic Search,Desktop,906,712,2597,0.346,21,1509.5
2025-01-27,Organic Search,Mobile,1041,811,2194,0.435,13,737.0
2025-01-27,Organic Search,Tablet,224,183,446,0.342,5,384.4
2025-01-27,Paid Search,Desktop,645,504,1777,0.342,26,2252.15
2025-01-27,Paid Search,Mobile,722,612,1896,0.513,19,1419.05
2025-01-27,Paid Search,Tablet,107,87,275,0.402,4,325.63
2025-01-27,Referral,Desktop,168,126,425,0.418,5,281.69
2025-01-27,Referral,Mobile,221,168,684,0.452,4,264.12
2025-01-27,Referral,Tablet,39,32,77,0.358,1,57.49
2025-01-27,Social,Desktop,491,393,1261,0.405,9,557.5
2025-01-27,Social,Mobile,613,479,1879,0.437,6,367.48
2025-01-27,Social,Tablet,77,60,168,0.395,1,50.71
2025-01-28,Direct,Desktop,663,512,1443,0.307,21,1623.34
2025-01-28,Direct,Mobile,654,544,1218,0.408,16,836.74
2025-01-28,Direct,Tablet,102,84,225,0.403,2,112.0
2025-01-28,Email,Desktop,258,218,825,0.357,12,1030.07
2025-01-28,Email,Mobile,268,205,568,0.51,9,445.22
2025-01-28,Email,Tablet,40,31,121,0.397,2,165.01
2025-01-28,Organic Search,Desktop,1036,872,3131,0.31,26,1779.86
2025-01-28,Organic Search,Mobile,1231,925,3494,0.488,23,1618.15
2025-01-28,Organic Search,Tablet,199,149,630,0.377,4,337.19
2025-01-28,Paid Search,Desktop,525,397,1014,0.405,26,1320.29
2025-01-28,Paid Search,Mobile,604,511,1535,0.414,12,862.91
2025-01-28,Paid Search,Tablet,93,72,220,0.42,3,168.39
2025-01-28,Referral,Desktop,170,132,441,0.312,5,392.51
2025-01-28,Referral,Mobile,203,161,375,0.401,4,283.71
2025-01-28,Referral,Tablet,38,30,121,0.4,1,71.7
2025-01-28,Social,Desktop,437,368,1340,0.403,6,318.54
2025-01-28,Social,Mobile,498,382,1351,0.443,4,253.75
2025-01-28,Social,Tablet,85,64,257,0.402,1,77.1
2025-01-29,Direct,Desktop,533,436,1631,0.371,16,801.55
2025-01-29,Direct,Mobile,624,488,1483,0.509,11,585.53
2025-01-29,Direct,Tablet,104,88,243,0.415,3,198.2
2025-01-29,Email,Desktop,256,220,525,0.419,15,984.1
2025-01-29,Email,Mobile,288,222,690,0.518,8,432.74
2025-01-29,Email,Tablet,37,29,77,0.396,2,133.0
2025-01-29,Organic Search,Desktop,1122,928,3547,0.305,35,1894.32
2025-01-29,Organic Search,Mobile,1377,1092,2968,0.456,21,1300.8
2025-01-29,Organic Search,Tablet,192,148,353,0.332,3,206.07
2025-01-29,Paid Search,Desktop,619,500,1249,0.374,23,1848.2
2025-01-29,Paid Search,Mobile,575,437,1105,0.497,16,1056.69
2025-01-29,Paid Search,Tablet,120,99,367,0.313,4,286.15
2025-01-29,Referral,Desktop,182,143,338,0.344,6,366.91
2025-01-29,Referral,Mobile,241,187,463,0.46,4,321.1
2025-01-29,Referral,Tablet,34,26,95,0.401,1,68.36
2025-01-29,Social,Desktop,530,401,1376,0.4,9,617.37
2025-01-29,Social,Mobile,507,409,1343,0.487,5,391.15
2025-01-29,Social,Tablet,89,66,274,0.397,1,66.18
2025-01-30,Direct,Desktop,529,394,1330,0.373,15,992.35
2025-01-30,Direct,Mobile,700,591,1424,0.456,15,732.17
2025-01-30,Direct,Tablet,133,106,352,0.335,3,245.71
2025-01-30,Email,Desktop,200,150,497,0.394,9,577.22
2025-01-30,Email,Mobile,280,232,578,0.446,9,629.11
2025-01-30,Email,Tablet,38,32,95,0.418,2,146.38
2025-01-30,Organic Search,Desktop,1177,1012,2133,0.371,26,1585.78
2025-01-30,Organic Search,Mobile,1302,999,3157,0.439,22,1478.18
2025-01-30,Organic Search,Tablet,177,142,397,0.391,4,279.24
2025-01-30,Paid Search,Desktop,552,446,1068,0.326,23,1323.05
2025-01-30,Paid Search,Mobile,583,486,1707,0.478,17,1429.47
2025-01-30,Paid Search,Tablet,92,69,172,0.372,3,210.9
2025-01-30,Referral,Desktop,178,149,567,0.356,6,358.48
2025-01-30,Referral,Mobile,196,151,488,0.47,4,345.47
2025-01-30,Referral,Tablet,38,31,89,0.303,1,52.14
2025-01-30,Social,Desktop,467,399,1459,0.367,6,439.4
2025-01-30,Social,Mobile,481,386,1145,0.442,4,285.6
2025-01-30,Social,Tablet,79,64,174,0.379,1,63.53
2025-01-31,Direct,Desktop,690,581,1709,0.388,23,1386.2
2025-01-31,Direct,Mobile,653,559,1667,0.512,16,1116.07
2025-01-31,Direct,Tablet,102,76,286,0.419,2,117.38
2025-01-31,Email,Desktop,200,166,513,0.342,9,750.35
2025-01-31,Email,Mobile,299,223,638,0.419,10,854.92
2025-01-31,Email,Tablet,46,34,139,0.416,2,149.67
2025-01-31,Organic Search,Desktop,941,712,2006,0.409,23,1837.73
2025-01-31,Organic Search,Mobile,1058,884,1945,0.477,17,1364.2
2025-01-31,Organic Search,Tablet,174,139,542,0.31,4,342.99
2025-01-31,Paid Search,Desktop,559,423,1101,0.326,22,1751.43
2025-01-31,Paid Search,Mobile,593,451,1694,0.403,12,806.08
2025-01-31,Paid Search,Tablet,115,86,270,0.319,3,246.42
2025-01-31,Referral,Desktop,207,170,571,0.38,6,507.0
2025-01-31,Referral,Mobile,236,188,428,0.517,5,429.57
2025-01-31,Referral,Tablet,30,22,85,0.311,1,73.73
2025-01-31,Social,Desktop,397,296,952,0.35,5,276.68
2025-01-31,Social,Mobile,525,395,981,0.403,4,302.51
2025-01-31,Social,Tablet,84,72,193,0.307,1,63.56
2025-02-01,Direct,Desktop,421,353,867,0.399,16,1191.97
2025-02-01,Direct,Mobile,594,489,1602,0.491,11,721.29
2025-02-01,Direct,Tablet,107,82,325,0.378,2,106.26
2025-02-01,Email,Desktop,191,163,490,0.372,12,917.57
2025-02-01,Email,Mobile,209,172,619,0.487,7,526.02
2025-02-01,Email,Tablet,32,25,96,0.388,1,64.6
2025-02-01,Organic Search,Desktop,886,749,2319,0.367,22,1541.94
2025-02-01,Organic Search,Mobile,1112,942,2500,0.402,18,1503.39
2025-02-01,Organic Search,Tablet,154,115,413,0.371,3,262.3
2025-02-01,Paid Search,Desktop,464,377,1175,0.382,17,837.35
2025-02-01,Paid Search,Mobile,579,477,1300,0.425,17,1444.41
2025-02-01,Paid Search,Tablet,75,62,223,0.336,2,146.13
2025-02-01,Referral,Desktop,137,113,289,0.309,5,269.59
2025-02-01,Referral,Mobile,173,137,351,0.424,3,194.98
2025-02-01,Referral,Tablet,29,23,63,0.363,1,85.25
2025-02-01,Social,Desktop,364,270,1008,0.39,5,392.12
2025-02-01,Social,Mobile,422,323,823,0.432,4,267.81
2025-02-01,Social,Tablet,70,53,210,0.326,1,73.4
2025-02-02,Direct,Desktop,497,388,1199,0.33,14,1220.37
2025-02-02,Direct,Mobile,532,428,1338,0.462,9,684.91
2025-02-02,Direct,Tablet,84,63,170,0.396,2,124.09
2025-02-02,Email,Desktop,154,115,324,0.358,9,553.55
2025-02-02,Email,Mobile,202,171,499,0.437,5,428.15
2025-02-02,Email,Tablet,30,24,62,0.405,1,73.2
2025-02-02,Organic Search,Desktop,879,669,2014,0.307,23,1399.02
2025-02-02,Organic Search,Mobile,955,806,2648,0.453,18,1463.45
2025-02-02,Organic Search,Tablet,176,135,455,0.34,3,208.53
2025-02-02,Paid Search,Desktop,482,403,1292,0.41,20,1172.25
2025-02-02,Paid Search,Mobile,569,445,1051,0.408,17,1074.79
2025-02-02,Paid Search,Tablet,75,57,222,0.415,3,149.99
2025-02-02,Referral,Desktop,162,128,455,0.409,6,425.33
2025-02-02,Referral,Mobile,163,125,516,0.473,3,198.91
2025-02-02,Referral,Tablet,27,21,58,0.313,1,74.23
2025-02-02,Social,Desktop,324,261,935,0.333,5,387.38
2025-02-02,Social,Mobile,383,290,968,0.509,3,248.22
2025-02-02,Social,Tablet,63,51,126,0.362,1,62.18
2025-02-03,Direct,Desktop,616,508,1272,0.352,19,1068.61
2025-02-03,Direct,Mobile,763,617,1439,0.414,14,987.91
2025-02-03,Direct,Tablet,122,99,232,0.35,2,114.41
2025-02-03,Email,Desktop,212,178,620,0.384,13,881.9
2025-02-03,Email,Mobile,258,205,532,0.459,7,524.53
2025-02-03,Email,Tablet,38,32,102,0.411,2,125.03
2025-02-03,Organic Search,Desktop,930,704,2323,0.318,23,1233.21
2025-02-03,Organic Search,Mobile,1237,970,2969,0.426,23,1241.8
2025-02-03,Organic Search,Tablet,208,177,542,0.342,5,426.3
2025-02-03,Paid Search,Desktop,523,420,1603,0.376,26,1815.27
2025-02-03,Paid Search,Mobile,706,585,1469,0.49,20,1246.9
2025-02-03,Paid Search,Tablet,109,89,281,0.368,3,184.71
2025-02-03,Referral,Desktop,187,155,485,0.397,5,253.7
2025-02-03,Referral,Mobile,205,168,591,0.462,3,153.29
2025-02-03,Referral,Tablet,32,25,67,0.408,1,78.82
2025-02-03,Social,Desktop,411,328,1065,0.314,6,480.57
2025-02-03,Social,Mobile,532,438,1066,0.448,5,343.63
2025-02-03,Social,Tablet,77,57,173,0.369,1,57.35
2025-02-04,Direct,Desktop,559,437,1527,0.333,23,1914.59
2025-02-04,Direct,Mobile,669,556,1446,0.475,12,832.74
2025-02-04,Direct,Tablet,132,112,282,0.332,3,253.21
2025-02-04,Email,Desktop,227,175,627,0.377,12,1049.83
2025-02-04,Email,Mobile,291,249,774,0.43,10,831.66
2025-02-04,Email,Tablet,47,40,129,0.339,2,132.98
2025-02-04,Organic Search,Desktop,970,785,2434,0.325,23,1322.31
2025-02-04,Organic Search,Mobile,1103,881,2044,0.423,18,1428.39
2025-02-04,Organic Search,Tablet,204,160,413,0.387,3,197.67
2025-02-04,Paid Search,Desktop,581,454,1146,0.389,25,1348.35
2025-02-04,Paid Search,Mobile,689,554,2092,0.495,21,1483.57
2025-02-04,Paid Search,Tablet,101,82,268,0.41,3,214.28
2025-02-04,Referral,Desktop,205,161,374,0.387,6,289.26
2025-02-04,Referral,Mobile,243,182,493,0.519,5,253.43
2025-02-04,Referral,Tablet,31,25,82,0.33,1,70.37
2025-02-04,Social,Desktop,483,405,903,0.329,6,414.91
2025-02-04,Social,Mobile,524,426,1029,0.518,5,361.97
2025-02-04,Social,Tablet,85,70,266,0.409,1,62.85
2025-02-05,Direct,Desktop,554,423,1391,0.322,19,982.79
2025-02-05,Direct,Mobile,635,507,1695,0.413,12,658.15
2025-02-05,Direct,Tablet,105,80,278,0.354,3,239.56
2025-02-05,Email,Desktop,238,194,633,0.312,12,948.52
2025-02-05,Email,Mobile,271,218,552,0.457,7,582.07
2025-02-05,Email,Tablet,37,31,83,0.316,1,83.51
2025-02-05,Organic Search,Desktop,879,731,1589,0.344,25,1309.8
2025-02-05,Organic Search,Mobile,1359,1164,2569,0.458,21,1587.77
2025-02-05,Organic Search,Tablet,199,155,587,0.385,4,340.7
2025-02-05,Paid Search,Desktop,598,476,1559,0.338,27,1307.74
2025-02-05,Paid Search,Mobile,633,485,1920,0.447,14,838.3
2025-02-05,Paid Search,Tablet,115,98,345,0.35,3,177.54
2025-02-05,Referral,Desktop,163,131,401,0.341,6,506.13
2025-02-05,Referral,Mobile,230,191,678,0.406,5,263.44
2025-02-05,Referral,Tablet,36,28,102,0.322,1,82.02
2025-02-05,Social,Desktop,447,379,1389,0.33,7,353.21
2025-02-05,Social,Mobile,528,446,1342,0.485,4,250.04
2025-02-05,Social,Tablet,93,77,274,0.348,1,68.51
2025-02-06,Direct,Desktop,676,572,1724,0.325,26,1479.04
2025-02-06,Direct,Mobile,821,626,1929,0.506,15,1259.43
2025-02-06,Direct,Tablet,123,102,348,0.406,4,254.32
2025-02-06,Email,Desktop,226,189,705,0.369,12,837.81
2025-02-06,Email,Mobile,272,205,758,0.456,8,402.79
2025-02-06,Email,Tablet,37,28,111,0.403,1,62.14
2025-02-06,Organic Search,Desktop,962,818,2712,0.403,28,2298.38
2025-02-06,Organic Search,Mobile,1272,1065,2423,0.429,17,904.44
2025-02-06,Organic Search,Tablet,177,148,332,0.348,3,149.03
2025-02-06,Paid Search,Desktop,583,488,1065,0.359,23,1264.89
2025-02-06,Paid Search,Mobile,754,593,1400,0.433,20,1219.56
2025-02-06,Paid Search,Tablet,123,102,340,0.418,3,177.31
2025-02-06,Referral,Desktop,205,166,601,0.312,5,418.4
2025-02-06,Referral,Mobile,232,199,418,0.438,4,230.3
2025-02-06,Referral,Tablet,38,28,85,0.394,1,52.27
2025-02-06,Social,Desktop,406,345,1134,0.39,5,435.12
2025-02-06,Social,Mobile,597,501,1147,0.497,6,354.32
2025-02-06,Social,Tablet,77,65,246,0.374,1,75.96
2025-02-07,Direct,Desktop,628,535,1614,0.364,24,1851.86
2025-02-07,Direct,Mobile,839,675,1895,0.451,19,1258.01
2025-02-07,Direct,Tablet,133,110,258,0.412,4,206.72
2025-02-07,Email,Desktop,208,175,483,0.367,10,694.79
2025-02-07,Email,Mobile,301,242,767,0.422,10,877.3
2025-02-07,Email,Tablet,49,39,110,0.402,2,104.82
2025-02-07,Organic Search,Desktop,995,755,1804,0.404,21,1605.56
2025-02-07,Organic Search,Mobile,1064,870,2440,0.467,15,1057.62
2025-02-07,Organic Search,Tablet,207,176,394,0.327,4,256.08
2025-02-07,Paid Search,Desktop,531,405,1336,0.399,20,1519.53
2025-02-07,Paid Search,Mobile,682,506,1687,0.41,17,862.68
2025-02-07,Paid Search,Tablet,123,99,305,0.418,3,176.62
2025-02-07,Referral,Desktop,159,126,372,0.399,5,406.55
2025-02-07,Referral,Mobile,238,199,697,0.493,5,277.83
2025-02-07,Referral,Tablet,40,31,101,0.393,1,68.48
2025-02-07,Social,Desktop,494,420,1430,0.316,9,693.58
2025-02-07,Social,Mobile,482,364,1525,0.41,3,207.38
2025-02-07,Social,Tablet,98,81,283,0.39,1,55.14
2025-02-08,Direct,Desktop,515,421,1014,0.305,20,1047.01
2025-02-08,Direct,Mobile,524,418,1132,0.499,9,588.81
2025-02-08,Direct,Tablet,104,77,242,0.335,2,175.77
2025-02-08,Email,Desktop,190,161,587,0.387,11,705.02
2025-02-08,Email,Mobile,224,184,529,0.444,6,291.53
2025-02-08,Email,Tablet,33,27,75,0.352,1,72.08
2025-02-08,Organic Search,Desktop,933,788,1855,0.416,29,2367.12
2025-02-08,Organic Search,Mobile,1081,904,2197,0.476,15,988.07
2025-02-08,Organic Search,Tablet,149,125,413,0.386,3,257.0
2025-02-08,Paid Search,Desktop,386,292,788,0.321,16,1086.11
2025-02-08,Paid Search,Mobile,611,476,1869,0.514,13,871.04
2025-02-08,Paid Search,Tablet,77,59,167,0.325,2,147.67
2025-02-08,Referral,Desktop,161,121,379,0.382,6,397.06
2025-02-08,Referral,Mobile,195,166,495,0.462,4,233.02
2025-02-08,Referral,Tablet,32,25,66,0.378,1,75.02
2025-02-08,Social,Desktop,336,267,996,0.37,5,244.38
2025-02-08,Social,Mobile,497,375,1584,0.44,4,252.14
2025-02-08,Social,Tablet,71,61,130,0.308,1,51.76
2025-02-09,Direct,Desktop,462,380,1374,0.415,18,951.05
2025-02-09,Direct,Mobile,591,491,1801,0.519,14,1097.73
2025-02-09,Direct,Tablet,89,75,245,0.312,2,142.33
2025-02-09,Email,Desktop,191,157,415,0.323,9,734.08
2025-02-09,Email,Mobile,244,203,574,0.415,8,451.12
2025-02-09,Email,Tablet,34,29,107,0.393,1,60.31
2025-02-09,Organic Search,Desktop,773,620,2258,0.343,22,1194.84
2025-02-09,Organic Search,Mobile,844,726,2073,0.49,15,849.65
2025-02-09,Organic Search,Tablet,166,136,471,0.339,3,216.34
2025-02-09,Paid Search,Desktop,444,333,1095,0.398,19,1280.21
2025-02-09,Paid Search,Mobile,554,462,1289,0.519,13,828.16
2025-02-09,Paid Search,Tablet,99,82,280,0.392,3,228.97
2025-02-09,Referral,Desktop,165,128,402,0.344,6,340.13
2025-02-09,Referral,Mobile,191,164,413,0.497,4,328.69
2025-02-09,Referral,Tablet,24,19,76,0.376,1,57.57
2025-02-09,Social,Desktop,395,306,1076,0.4,6,513.08
2025-02-09,Social,Mobile,497,370,1350,0.45,4,203.97
2025-02-09,Social,Tablet,70,56,181,0.35,1,69.4
2025-02-10,Direct,Desktop,684,530,2108,0.397,23,1223.79
2025-02-10,Direct,Mobile,677,517,1671,0.465,12,645.8
2025-02-10,Direct,Tablet,121,102,288,0.333,3,216.54
2025-02-10,Email,Desktop,200,149,394,0.388,12,1018.09
2025-02-10,Email,Mobile,282,237,850,0.479,8,524.72
2025-02-10,Email,Tablet,45,38,113,0.336,1,78.14
2025-02-10,Organic Search,Desktop,1014,838,2179,0.356,22,1755.22
2025-02-10,Organic Search,Mobile,1410,1178,3493,0.441,23,1691.47
2025-02-10,Organic Search,Tablet,176,136,403,0.333,3,167.9
2025-02-10,Paid Search,Desktop,635,493,1207,0.414,31,2663.75
2025-02-10,Paid Search,Mobile,711,577,1287,0.415,19,1542.64
2025-02-10,Paid Search,Tablet,107,90,232,0.332,4,245.81
2025-02-10,Referral,Desktop,159,135,406,0.333,4,197.2
2025-02-10,Referral,Mobile,204,164,552,0.409,4,302.28
2025-02-10,Referral,Tablet,39,32,76,0.343,1,64.61
2025-02-10,Social,Desktop,445,366,810,0.347,6,335.41
2025-02-10,Social,Mobile,541,456,1165,0.406,6,470.42
2025-02-10,Social,Tablet,94,73,283,0.328,1,74.55
2025-02-11,Direct,Desktop,643,517,1541,0.358,25,1422.64
2025-02-11,Direct,Mobile,631,534,1707,0.429,12,896.42
2025-02-11,Direct,Tablet,131,108,331,0.375,3,232.68
2025-02-11,Email,Desktop,227,175,469,0.417,11,747.01
2025-02-11,Email,Mobile,281,209,823,0.474,9,506.64
2025-02-11,Email,Tablet,44,37,116,0.417,2,125.87
2025-02-11,Organic Search,Desktop,1037,809,2860,0.346,24,2063.06
2025-02-11,Organic Search,Mobile,1151,930,2447,0.496,19,1007.06
2025-02-11,Organic Search,Tablet,182,136,515,0.36,4,260.85
2025-02-11,Paid Search,Desktop,573,471,1662,0.392,24,1254.33
2025-02-11,Paid Search,Mobile,742,595,1766,0.506,21,1565.81
2025-02-11,Paid Search,Tablet,119,92,349,0.351,4,307.19
2025-02-11,Referral,Desktop,199,162,429,0.419,5,432.57
2025-02-11,Referral,Mobile,244,206,475,0.443,4,278.98
2025-02-11,Referral,Tablet,32,27,76,0.366,1,66.55
2025-02-11,Social,Desktop,412,324,1318,0.376,7,369.61
2025-02-11,Social,Mobile,538,399,973,0.455,6,482.23
2025-02-11,Social,Tablet,87,74,238,0.419,1,68.86
2025-02-12,Direct,Desktop,666,569,1933,0.389,21,1170.8
2025-02-12,Direct,Mobile,641,546,1387,0.402,11,966.0
2025-02-12,Direct,Tablet,107,86,195,0.345,3,150.97
2025-02-12,Email,Desktop,253,189,638,0.393,11,853.9
2025-02-12,Email,Mobile,298,255,695,0.405,9,701.64
2025-02-12,Email,Tablet,46,34,96,0.399,1,68.4
2025-02-12,Organic Search,Desktop,1142,975,3463,0.344,27,1303.08
2025-02-12,Organic Search,Mobile,1373,1155,2681,0.492,26,2019.81
2025-02-12,Organic Search,Tablet,195,159,455,0.381,3,159.44
2025-02-12,Paid Search,Desktop,600,502,1164,0.413,22,1128.73
2025-02-12,Paid Search,Mobile,693,548,1314,0.468,16,1057.33
2025-02-12,Paid Search,Tablet,97,75,306,0.415,3,231.01
2025-02-12,Referral,Desktop,159,132,420,0.365,4,322.23
2025-02-12,Referral,Mobile,237,191,724,0.498,4,303.06
2025-02-12,Referral,Tablet,40,33,101,0.413,1,54.22
2025-02-12,Social,Desktop,444,370,973,0.4,7,548.59
2025-02-12,Social,Mobile,482,364,1430,0.42,4,346.79
2025-02-12,Social,Tablet,77,62,238,0.315,1,49.18
2025-02-13,Direct,Desktop,541,436,1722,0.305,17,1373.09
2025-02-13,Direct,Mobile,637,497,1853,0.481,15,1165.91
2025-02-13,Direct,Tablet,120,98,284,0.337,3,218.74
2025-02-13,Email,Desktop,250,190,466,0.302,15,1072.86
2025-02-13,Email,Mobile,239,204,437,0.445,6,517.39
2025-02-13,Email,Tablet,48,37,134,0.372,2,142.18
2025-02-13,Organic Search,Desktop,894,752,1899,0.373,27,1743.82
2025-02-13,Organic Search,Mobile,1220,913,3427,0.404,21,1096.05
2025-02-13,Organic Search,Tablet,220,184,516,0.317,5,349.21
2025-02-13,Paid Search,Desktop,506,413,1150,0.346,22,1395.18
2025-02-13,Paid Search,Mobile,614,519,1680,0.505,18,939.69
2025-02-13,Paid Search,Tablet,114,87,244,0.318,4,336.94
2025-02-13,Referral,Desktop,167,128,426,0.33,5,283.22
2025-02-13,Referral,Mobile,249,211,649,0.452,4,202.56
2025-02-13,Referral,Tablet,36,30,114,0.379,1,87.83
2025-02-13,Social,Desktop,429,343,787,0.411,7,360.28
2025-02-13,Social,Mobile,550,449,1283,0.424,5,317.9
2025-02-13,Social,Tablet,99,78,204,0.401,1,84.05
2025-02-14,Direct,Desktop,623,508,1793,0.337,23,1868.26
2025-02-14,Direct,Mobile,807,609,2138,0.47,18,1512.23
2025-02-14,Direct,Tablet,117,98,370,0.408,3,169.17
2025-02-14,Email,Desktop,237,185,592,0.347,13,1091.91
2025-02-14,Email,Mobile,284,212,841,0.407,8,393.66
2025-02-14,Email,Tablet,41,35,103,0.398,1,56.84
2025-02-14,Organic Search,Desktop,1100,906,3277,0.384,27,2072.71
2025-02-14,Organic Search,Mobile,1389,1173,3851,0.479,23,1246.38
2025-02-14,Organic Search,Tablet,197,152,613,0.352,3,222.57
2025-02-14,Paid Search,Desktop,528,450,1074,0.372,21,1310.12
2025-02-14,Paid Search,Mobile,665,555,1495,0.482,17,1470.07
2025-02-14,Paid Search,Tablet,102,82,189,0.394,3,146.44
2025-02-14,Referral,Desktop,167,124,327,0.341,6,338.75
2025-02-14,Referral,Mobile,243,192,640,0.515,5,312.84
2025-02-14,Referral,Tablet,31,24,84,0.373,1,70.27
2025-02-14,Social,Desktop,488,377,977,0.382,6,388.73
2025-02-14,Social,Mobile,635,476,2023,0.446,6,379.48
2025-02-14,Social,Tablet,94,71,258,0.314,1,63.33
2025-02-15,Direct,Desktop,532,416,961,0.403,22,1327.23
2025-02-15,Direct,Mobile,676,533,1797,0.467,17,877.65
2025-02-15,Direct,Tablet,93,70,263,0.346,3,262.84
2025-02-15,Email,Desktop,206,174,394,0.31,11,546.0
2025-02-15,Email,Mobile,243,207,448,0.455,9,532.94
2025-02-15,Email,Tablet,32,24,98,0.316,1,80.12
2025-02-15,Organic Search,Desktop,766,652,1685,0.338,23,1550.05
2025-02-15,Organic Search,Mobile,1053,862,2919,0.445,14,926.76
2025-02-15,Organic Search,Tablet,156,128,411,0.37,3,164.73
2025-02-15,Paid Search,Desktop,438,358,845,0.377,21,1322.28
2025-02-15,Paid Search,Mobile,518,413,983,0.517,13,1090.8
2025-02-15,Paid Search,Tablet,82,70,189,0.335,2,108.68
2025-02-15,Referral,Desktop,136,107,410,0.315,4,209.37
2025-02-15,Referral,Mobile,151,125,300,0.504,2,145.82
2025-02-15,Referral,Tablet,27,20,84,0.308,1,55.84
2025-02-15,Social,Desktop,338,267,825,0.343,6,397.31
2025-02-15,Social,Mobile,381,301,1092,0.474,3,184.03
2025-02-15,Social,Tablet,78,63,143,0.407,1,69.32
2025-02-16,Direct,Desktop,515,426,1106,0.365,20,1542.49
2025-02-16,Direct,Mobile,678,502,1695,0.427,12,696.26
2025-02-16,Direct,Tablet,90,67,220,0.401,2,163.76
2025-02-16,Email,Desktop,186,151,459,0.318,11,727.94
2025-02-16,Email,Mobile,190,153,590,0.488,6,520.99
2025-02-16,Email,Tablet,39,32,94,0.386,2,172.57
2025-02-16,Organic Search,Desktop,821,622,2260,0.405,23,1271.69
2025-02-16,Organic Search,Mobile,962,796,1859,0.49,13,634.13
2025-02-16,Organic Search,Tablet,155,130,474,0.391,3,252.73
2025-02-16,Paid Search,Desktop,453,340,1270,0.372,22,1624.92
2025-02-16,Paid Search,Mobile,585,484,1321,0.412,13,913.24
2025-02-16,Paid Search,Tablet,100,81,303,0.403,3,200.87
2025-02-16,Referral,Desktop,144,116,274,0.392,4,194.19
2025-02-16,Referral,Mobile,183,152,498,0.486,3,169.7
2025-02-16,Referral,Tablet,32,24,58,0.325,1,53.13
2025-02-16,Social,Desktop,349,274,1114,0.377,5,355.94
2025-02-16,Social,Mobile,478,399,1388,0.442,4,312.1
2025-02-16,Social,Tablet,68,56,171,0.341,1,54.79
2025-02-17,Direct,Desktop,587,441,1120,0.401,24,2062.63
2025-02-17,Direct,Mobile,699,599,1556,0.506,13,715.12
2025-02-17,Direct,Tablet,102,87,224,0.362,2,123.51
2025-02-17,Email,Desktop,224,182,597,0.41,10,749.55
2025-02-17,Email,Mobile,308,257,736,0.479,9,494.39
2025-02-17,Email,Tablet,42,33,126,0.397,2,110.88
2025-02-17,Organic Search,Desktop,952,731,2182,0.41,26,1519.05
2025-02-17,Organic Search,Mobile,1192,984,2172,0.473,18,1286.1
2025-02-17,Organic Search,Tablet,181,135,331,0.349,3,175.87
2025-02-17,Paid Search,Desktop,506,419,1460,0.385,19,1268.82
2025-02-17,Paid Search,Mobile,716,612,2062,0.513,17,1002.78
2025-02-17,Paid Search,Tablet,109,87,279,0.392,4,350.04
2025-02-17,Referral,Desktop,175,149,432,0.393,5,269.78
2025-02-17,Referral,Mobile,227,181,501,0.416,4,200.42
2025-02-17,Referral,Tablet,36,27,94,0.364,1,50.18
2025-02-17,Social,Desktop,400,343,869,0.318,7,598.36
2025-02-17,Social,Mobile,483,365,1001,0.451,5,245.24
2025-02-17,Social,Tablet,90,76,174,0.377,1,85.34
2025-02-18,Direct,Desktop,615,512,1413,0.381,22,1150.6
2025-02-18,Direct,Mobile,748,622,1799,0.503,13,665.31
2025-02-18,Direct,Tablet,116,93,266,0.402,3,166.06
2025-02-18,Email,Desktop,223,181,608,0.38,14,1132.85
2025-02-18,Email,Mobile,293,228,637,0.513,9,599.0
2025-02-18,Email,Tablet,40,34,97,0.328,1,57.75
2025-02-18,Organic Search,Desktop,904,687,1946,0.386,22,1676.4
2025-02-18,Organic Search,Mobile,1068,845,2285,0.486,16,1086.05
2025-02-18,Organic Search,Tablet,170,138,352,0.343,4,349.41
2025-02-18,Paid Search,Desktop,575,483,1045,0.367,28,2343.79
2025-02-18,Paid Search,Mobile,590,480,1830,0.469,18,1271.91
2025-02-18,Paid Search,Tablet,108,88,323,0.415,3,244.8
2025-02-18,Referral,Desktop,165,128,455,0.32,5,245.11
2025-02-18,Referral,Mobile,244,181,480,0.51,4,298.45
2025-02-18,Referral,Tablet,38,31,95,0.305,1,51.03
2025-02-18,Social,Desktop,433,333,1141,0.346,7,466.32
2025-02-18,Social,Mobile,500,422,1451,0.408,4,226.91
2025-02-18,Social,Tablet,83,67,216,0.307,1,59.65
2025-02-19,Direct,Desktop,676,548,1881,0.35,21,1217.41
2025-02-19,Direct,Mobile,657,513,1555,0.49,13,1106.85
2025-02-19,Direct,Tablet,125,93,363,0.418,3,154.45
2025-02-19,Email,Desktop,210,169,425,0.367,12,584.85
2025-02-19,Email,Mobile,297,227,643,0.513,10,834.17
2025-02-19,Email,Tablet,37,28,113,0.331,1,53.93
2025-02-19,Organic Search,Desktop,1119,890,2610,0.409,29,1445.41
2025-02-19,Organic Search,Mobile,1113,917,2546,0.454,14,682.08
2025-02-19,Organic Search,Tablet,176,135,536,0.302,4,249.5
2025-02-19,Paid Search,Desktop,513,419,1462,0.396,18,1568.05
2025-02-19,Paid Search,Mobile,740,615,1348,0.464,19,1326.05
2025-02-19,Paid Search,Tablet,123,91,267,0.375,4,334.67
2025-02-19,Referral,Desktop,202,154,400,0.301,7,599.01
2025-02-19,Referral,Mobile,214,166,404,0.498,5,369.89
2025-02-19,Referral,Tablet,35,29,73,0.305,1,79.44
2025-02-19,Social,Desktop,510,396,1298,0.386,9,480.32
2025-02-19,Social,Mobile,610,479,1666,0.417,6,395.57
2025-02-19,Social,Tablet,81,61,216,0.378,1,56.58
2025-02-20,Direct,Desktop,668,501,1784,0.417,20,1209.24
2025-02-20,Direct,Mobile,793,649,2363,0.461,18,1006.59
2025-02-20,Direct,Tablet,113,95,292,0.42,3,215.74
2025-02-20,Email,Desktop,257,197,632,0.348,15,1127.29
2025-02-20,Email,Mobile,280,227,792,0.46,8,644.44
2025-02-20,Email,Tablet,40,32,73,0.347,1,58.87
2025-02-20,Organic Search,Desktop,889,684,1615,0.367,20,1009.28
2025-02-20,Organic Search,Mobile,1419,1182,4455,0.494,26,2184.37
2025-02-20,Organic Search,Tablet,196,168,490,0.332,4,253.11
2025-02-20,Paid Search,Desktop,604,457,1849,0.346,22,1867.27
2025-02-20,Paid Search,Mobile,751,592,1390,0.429,16,961.12
2025-02-20,Paid Search,Tablet,124,101,273,0.357,5,429.9
2025-02-20,Referral,Desktop,190,151,444,0.396,6,402.4
2025-02-20,Referral,Mobile,190,144,380,0.466,4,336.58
2025-02-20,Referral,Tablet,34,25,89,0.373,1,71.65
2025-02-20,Social,Desktop,403,305,797,0.386,5,398.98
2025-02-20,Social,Mobile,590,484,1093,0.495,5,423.0
2025-02-20,Social,Tablet,87,70,223,0.334,1,87.29
2025-02-21,Direct,Desktop,632,518,1617,0.399,21,1312.25
2025-02-21,Direct,Mobile,645,512,1981,0.405,12,779.64
2025-02-21,Direct,Tablet,106,79,289,0.374,3,152.09
2025-02-21,Email,Desktop,211,168,606,0.326,12,796.79
2025-02-21,Email,Mobile,250,208,577,0.428,8,450.53
2025-02-21,Email,Tablet,39,30,106,0.384,2,136.57
2025-02-21,Organic Search,Desktop,1190,881,3277,0.403,37,1838.67
2025-02-21,Organic Search,Mobile,1342,1008,2613,0.411,24,1226.37
2025-02-21,Organic Search,Tablet,168,138,471,0.387,3,231.89
2025-02-21,Paid Search,Desktop,515,389,1528,0.392,23,1489.48
2025-02-21,Paid Search,Mobile,697,586,1359,0.418,21,1731.78
2025-02-21,Paid Search,Tablet,97,77,231,0.382,3,208.55
2025-02-21,Referral,Desktop,185,144,397,0.314,5,261.72
2025-02-21,Referral,Mobile,225,190,452,0.419,5,364.22
2025-02-21,Referral,Tablet,40,32,128,0.304,1,49.8
2025-02-21,Social,Desktop,532,421,1033,0.377,8,698.23
2025-02-21,Social,Mobile,555,422,1054,0.469,5,301.12
2025-02-21,Social,Tablet,86,67,243,0.391,1,80.59
2025-02-22,Direct,Desktop,545,462,1551,0.408,19,1402.41
2025-02-22,Direct,Mobile,595,468,1684,0.445,14,1220.07
2025-02-22,Direct,Tablet,84,63,232,0.368,2,140.53
2025-02-22,Email,Desktop,161,127,453,0.332,8,644.59
2025-02-22,Email,Mobile,192,146,492,0.489,6,346.39
2025-02-22,Email,Tablet,34,28,68,0.37,1,68.74
2025-02-22,Organic Search,Desktop,946,762,1815,0.321,29,1846.0
2025-02-22,Organic Search,Mobile,914,727,2660,0.472,16,1087.57
2025-02-22,Organic Search,Tablet,158,126,293,0.406,3,155.27
2025-02-22,Paid Search,Desktop,501,397,994,0.313,19,1255.37
2025-02-22,Paid Search,Mobile,614,463,1759,0.461,14,803.6
2025-02-22,Paid Search,Tablet,100,82,307,0.375,3,248.5
2025-02-22,Referral,Desktop,137,111,422,0.37,4,267.41
2025-02-22,Referral,Mobile,165,140,332,0.437,3,208.45
2025-02-22,Referral,Tablet,29,25,63,0.323,1,55.31
2025-02-22,Social,Desktop,351,281,1065,0.311,5,330.29
2025-02-22,Social,Mobile,399,327,875,0.499,3,219.03
2025-02-22,Social,Tablet,75,62,198,0.404,1,60.54
2025-02-23,Direct,Desktop,518,408,1094,0.326,16,920.77
2025-02-23,Direct,Mobile,642,489,1764,0.439,13,1053.83
2025-02-23,Direct,Tablet,82,65,161,0.417,2,147.05
2025-02-23,Email,Desktop,177,145,561,0.372,8,668.01
2025-02-23,Email,Mobile,203,164,441,0.479,7,563.1
2025-02-23,Email,Tablet,35,26,68,0.332,1,65.67
2025-02-23,Organic Search,Desktop,793,602,1592,0.378,24,1308.41
2025-02-23,Organic Search,Mobile,946,734,1996,0.414,15,1012.77
2025-02-23,Organic Search,Tablet,138,115,410,0.401,2,101.17
2025-02-23,Paid Search,Desktop,444,361,1015,0.347,17,1448.05
2025-02-23,Paid Search,Mobile,579,469,1363,0.519,13,989.38
2025-02-23,Paid Search,Tablet,97,80,286,0.41,4,245.05
2025-02-23,Referral,Desktop,152,116,410,0.38,5,415.68
2025-02-23,Referral,Mobile,195,168,530,0.417,4,337.02
2025-02-23,Referral,Tablet,27,22,49,0.363,1,69.87
2025-02-23,Social,Desktop,373,294,703,0.372,7,592.6
2025-02-23,Social,Mobile,445,333,1193,0.477,5,433.82
2025-02-23,Social,Tablet,71,58,210,0.416,1,84.18
2025-02-24,Direct,Desktop,717,562,1459,0.311,29,2111.43
2025-02-24,Direct,Mobile,713,568,1896,0.423,15,728.19
2025-02-24,Direct,Tablet,116,95,279,0.325,3,221.46
2025-02-24,Email,Desktop,263,203,535,0.311,14,1210.15
2025-02-24,Email,Mobile,301,234,940,0.507,9,474.8
2025-02-24,Email,Tablet,41,33,83,0.393,1,59.44
2025-02-24,Organic Search,Desktop,916,684,1838,0.36,28,1897.84
2025-02-24,Organic Search,Mobile,1339,1050,2640,0.455,22,1817.53
2025-02-24,Organic Search,Tablet,196,157,399,0.334,4,227.97
2025-02-24,Paid Search,Desktop,610,497,1947,0.414,23,1207.67
2025-02-24,Paid Search,Mobile,582,451,1151,0.41,15,1026.59
2025-02-24,Paid Search,Tablet,118,98,238,0.329,4,323.3
2025-02-24,Referral,Desktop,162,135,483,0.396,5,248.23
2025-02-24,Referral,Mobile,213,174,559,0.46,4,278.83
2025-02-24,Referral,Tablet,35,30,65,0.357,1,50.63
2025-02-24,Social,Desktop,538,460,1373,0.415,9,523.42
2025-02-24,Social,Mobile,514,423,968,0.425,5,389.67
2025-02-24,Social,Tablet,91,75,257,0.324,1,78.7
2025-02-25,Direct,Desktop,612,454,1879,0.397,26,1611.39
2025-02-25,Direct,Mobile,751,609,1815,0.449,13,997.88
2025-02-25,Direct,Tablet,124,100,374,0.384,3,247.96
2025-02-25,Email,Desktop,256,200,498,0.403,11,899.5
2025-02-25,Email,Mobile,253,188,564,0.445,9,723.11
2025-02-25,Email,Tablet,45,38,114,0.366,2,104.02
2025-02-25,Organic Search,Desktop,1135,895,2858,0.406,30,1733.7
2025-02-25,Organic Search,Mobile,1251,1012,2601,0.48,23,2010.31
2025-02-25,Organic Search,Tablet,210,176,461,0.367,4,332.78
2025-02-25,Paid Search,Desktop,552,412,1532,0.408,26,1351.93
2025-02-25,Paid Search,Mobile,688,554,1856,0.514,20,1627.07
2025-02-25,Paid Search,Tablet,120,95,349,0.376,3,245.96
2025-02-25,Referral,Desktop,178,141,478,0.354,5,358.02
2025-02-25,Referral,Mobile,199,170,626,0.475,3,188.33
2025-02-25,Referral,Tablet,36,27,88,0.358,1,85.88
2025-02-25,Social,Desktop,499,395,1033,0.364,7,477.8
2025-02-25,Social,Mobile,545,439,1476,0.507,6,512.42
2025-02-25,Social,Tablet,86,68,190,0.306,1,86.76
2025-02-26,Direct,Desktop,553,420,1198,0.384,17,1294.6
2025-02-26,Direct,Mobile,838,653,2032,0.426,17,1086.09
2025-02-26,Direct,Tablet,117,91,315,0.316,3,156.8
2025-02-26,Email,Desktop,204,155,537,0.395,11,816.78
2025-02-26,Email,Mobile,293,252,752,0.516,7,589.06
2025-02-26,Email,Tablet,39,32,87,0.316,2,162.56
2025-02-26,Organic Search,Desktop,1024,787,2919,0.305,24,1579.69
2025-02-26,Organic Search,Mobile,1063,884,3304,0.481,15,1084.1
2025-02-26,Organic Search,Tablet,218,172,485,0.366,3,259.7
2025-02-26,Paid Search,Desktop,633,515,1376,0.412,23,1384.42
2025-02-26,Paid Search,Mobile,602,501,1858,0.412,13,954.4
2025-02-26,Paid Search,Tablet,99,78,227,0.37,3,241.13
2025-02-26,Referral,Desktop,168,139,395,0.399,5,359.34
2025-02-26,Referral,Mobile,207,156,418,0.429,4,215.93
2025-02-26,Referral,Tablet,32,25,85,0.374,1,81.35
2025-02-26,Social,Desktop,461,364,1083,0.369,6,388.09
2025-02-26,Social,Mobile,480,383,1167,0.487,4,320.61
2025-02-26,Social,Tablet,98,74,262,0.301,1,81.47
2025-02-27,Direct,Desktop,689,582,1826,0.348,25,2046.07
2025-02-27,Direct,Mobile,637,505,2005,0.493,12,837.3
2025-02-27,Direct,Tablet,132,102,413,0.415,3,184.0
2025-02-27,Email,Desktop,246,206,448,0.365,12,969.06
2025-02-27,Email,Mobile,257,213,674,0.418,9,692.24
2025-02-27,Email,Tablet,38,32,110,0.407,1,77.65
2025-02-27,Organic Search,Desktop,1019,796,2004,0.339,23,1201.79
2025-02-27,Organic Search,Mobile,1358,1071,2821,0.432,26,1736.25
2025-02-27,Organic Search,Tablet,201,172,632,0.39,3,167.45
2025-02-27,Paid Search,Desktop,580,438,1762,0.358,23,1575.12
2025-02-27,Paid Search,Mobile,653,557,1840,0.415,15,821.94
2025-02-27,Paid Search,Tablet,118,91,314,0.352,3,149.4
2025-02-27,Referral,Desktop,175,140,329,0.348,6,298.91
2025-02-27,Referral,Mobile,209,170,496,0.52,3,164.73
2025-02-27,Referral,Tablet,37,28,71,0.388,1,62.63
2025-02-27,Social,Desktop,430,326,1212,0.349,6,456.76
2025-02-27,Social,Mobile,579,461,1328,0.489,4,192.54
2025-02-27,Social,Tablet,80,61,241,0.307,1,49.46
2025-02-28,Direct,Desktop,711,585,1652,0.374,28,2171.04
2025-02-28,Direct,Mobile,726,612,1435,0.44,16,1071.5
2025-02-28,Direct,Tablet,102,78,308,0.397,3,157.79
2025-02-28,Email,Desktop,224,181,651,0.347,12,903.68
2025-02-28,Email,Mobile,308,256,712,0.454,10,671.0
2025-02-28,Email,Tablet,38,30,73,0.307,2,128.45
2025-02-28,Organic Search,Desktop,1103,844,2952,0.407,34,2913.78
2025-02-28,Organic Search,Mobile,1249,1055,2313,0.426,20,1444.07
2025-02-28,Organic Search,Tablet,220,183,494,0.353,4,333.98
2025-02-28,Paid Search,Desktop,567,436,1719,0.303,21,1417.3
2025-02-28,Paid Search,Mobile,710,600,1978,0.468,21,1022.0
2025-02-28,Paid Search,Tablet,119,92,258,0.416,4,349.33
2025-02-28,Referral,Desktop,205,158,653,0.365,7,610.14
2025-02-28,Referral,Mobile,192,149,518,0.506,4,263.02
2025-02-28,Referral,Tablet,36,27,76,0.359,1,77.84
2025-02-28,Social,Desktop,518,441,1605,0.345,8,603.77
2025-02-28,Social,Mobile,528,412,1253,0.516,5,345.67
2025-02-28,Social,Tablet,101,85,244,0.412,1,81.26
2025-03-01,Direct,Desktop,523,424,1248,0.418,21,1122.39
2025-03-01,Direct,Mobile,574,492,1141,0.442,12,969.19
2025-03-01,Direct,Tablet,98,84,290,0.327,2,128.66
2025-03-01,Email,Desktop,162,131,314,0.372,7,390.99
2025-03-01,Email,Mobile,191,161,576,0.501,7,363.14
2025-03-01,Email,Tablet,37,30,82,0.371,2,175.36
2025-03-01,Organic Search,Desktop,930,796,2663,0.353,21,1520.84
2025-03-01,Organic Search,Mobile,1125,878,3277,0.515,19,933.92
2025-03-01,Organic Search,Tablet,172,132,359,0.379,4,313.47
2025-03-01,Paid Search,Desktop,404,311,914,0.353,17,1376.51
2025-03-01,Paid Search,Mobile,611,461,1808,0.487,18,1215.45
2025-03-01,Paid Search,Tablet,82,62,164,0.332,3,231.44
2025-03-01,Referral,Desktop,138,107,404,0.316,4,327.24
2025-03-01,Referral,Mobile,192,163,448,0.52,4,281.15
2025-03-01,Referral,Tablet,31,24,77,0.403,1,67.91
2025-03-01,Social,Desktop,341,258,876,0.328,4,253.92
2025-03-01,Social,Mobile,471,359,1165,0.489,4,242.84
2025-03-01,Social,Tablet,81,68,153,0.314,1,84.67
2025-03-02,Direct,Desktop,442,358,1271,0.419,15,1073.68
2025-03-02,Direct,Mobile,541,412,1393,0.406,10,631.93
2025-03-02,Direct,Tablet,105,79,259,0.345,3,248.64
2025-03-02,Email,Desktop,211,162,656,0.364,10,511.76
2025-03-02,Email,Mobile,194,158,385,0.407,6,482.56
2025-03-02,Email,Tablet,36,27,72,0.359,1,53.27
2025-03-02,Organic Search,Desktop,840,696,1654,0.387,20,1661.42
2025-03-02,Organic Search,Mobile,1106,851,3504,0.417,15,853.84
2025-03-02,Organic Search,Tablet,143,121,284,0.349,3,144.19
2025-03-02,Paid Search,Desktop,522,396,1006,0.409,26,1660.62
2025-03-02,Paid Search,Mobile,509,397,1297,0.492,15,1319.49
2025-03-02,Paid Search,Tablet,100,84,319,0.382,3,247.78
2025-03-02,Referral,Desktop,143,107,335,0.408,5,368.98
2025-03-02,Referral,Mobile,198,164,536,0.461,3,213.97
2025-03-02,Referral,Tablet,32,26,91,0.387,1,75.01
2025-03-02,Social,Desktop,349,267,837,0.302,5,377.39
2025-03-02,Social,Mobile,456,364,1251,0.451,4,208.56
2025-03-02,Social,Tablet,78,67,163,0.365,1,51.62
2025-03-03,Direct,Desktop,697,578,1363,0.396,23,1885.12
2025-03-03,Direct,Mobile,709,573,1510,0.496,12,860.5
2025-03-03,Direct,Tablet,113,95,247,0.366,3,189.58
2025-03-03,Email,Desktop,258,192,499,0.4,11,675.78
2025-03-03,Email,Mobile,235,197,734,0.418,8,557.81
2025-03-03,Email,Tablet,48,38,153,0.332,2,175.06
2025-03-03,Organic Search,Desktop,902,726,2630,0.308,27,1455.27
2025-03-03,Organic Search,Mobile,1372,1168,2979,0.465,24,1383.94
2025-03-03,Organic Search,Tablet,177,150,475,0.316,3,257.52
2025-03-03,Paid Search,Desktop,580,440,1767,0.326,29,1419.59
2025-03-03,Paid Search,Mobile,779,645,2308,0.44,22,1317.9
2025-03-03,Paid Search,Tablet,123,103,319,0.367,4,202.24
2025-03-03,Referral,Desktop,215,173,391,0.386,7,609.06
2025-03-03,Referral,Mobile,245,186,726,0.491,5,300.24
2025-03-03,Referral,Tablet,36,27,96,0.346,1,69.91
2025-03-03,Social,Desktop,472,383,1055,0.337,7,361.27
2025-03-03,Social,Mobile,557,425,1381,0.462,6,312.39
2025-03-03,Social,Tablet,81,62,228,0.318,1,65.71
2025-03-04,Direct,Desktop,693,578,1455,0.334,25,1272.81
2025-03-04,Direct,Mobile,811,671,1672,0.481,17,1313.35
2025-03-04,Direct,Tablet,129,101,273,0.39,3,193.19
2025-03-04,Email,Desktop,236,200,744,0.367,11,665.37
2025-03-04,Email,Mobile,287,223,788,0.465,9,619.97
2025-03-04,Email,Tablet,38,30,91,0.324,1,74.45
2025-03-04,Organic Search,Desktop,1087,932,2322,0.362,25,2057.46
2025-03-04,Organic Search,Mobile,1073,836,2976,0.45,20,1049.1
2025-03-04,Organic Search,Tablet,227,173,566,0.306,5,412.72
2025-03-04,Paid Search,Desktop,658,494,1205,0.324,23,1646.12
2025-03-04,Paid Search,Mobile,766,636,1863,0.408,23,1530.61
2025-03-04,Paid Search,Tablet,108,89,232,0.377,4,236.34
2025-03-04,Referral,Desktop,198,152,369,0.341,5,352.36
2025-03-04,Referral,Mobile,223,187,709,0.449,4,205.02
2025-03-04,Referral,Tablet,36,30,79,0.363,1,54.92
2025-03-04,Social,Desktop,414,336,1091,0.394,6,449.52
2025-03-04,Social,Mobile,501,412,1144,0.514,5,252.4
2025-03-04,Social,Tablet,97,77,284,0.323,1,57.28
2025-03-05,Direct,Desktop,541,405,1123,0.392,18,1206.2
2025-03-05,Direct,Mobile,725,566,2083,0.424,16,1042.16
2025-03-05,Direct,Tablet,112,85,208,0.408,2,106.5
2025-03-05,Email,Desktop,257,216,749,0.376,12,964.17
2025-03-05,Email,Mobile,241,181,462,0.437,8,625.14
2025-03-05,Email,Tablet,40,30,108,0.354,2,128.26
2025-03-05,Organic Search,Desktop,1102,939,2060,0.346,24,1535.08
2025-03-05,Organic Search,Mobile,1145,907,3464,0.504,16,947.6
2025-03-05,Organic Search,Tablet,193,146,415,0.355,3,238.6
2025-03-05,Paid Search,Desktop,624,535,1350,0.316,31,2631.92
2025-03-05,Paid Search,Mobile,715,536,2112,0.467,18,872.22
2025-03-05,Paid Search,Tablet,97,75,279,0.412,3,244.38
2025-03-05,Referral,Desktop,182,151,404,0.4,5,255.79
2025-03-05,Referral,Mobile,221,188,575,0.432,4,349.09
2025-03-05,Referral,Tablet,41,34,106,0.416,1,51.34
2025-03-05,Social,Desktop,443,358,1082,0.346,6,342.74
2025-03-05,Social,Mobile,608,453,1158,0.447,6,403.49
2025-03-05,Social,Tablet,83,66,236,0.366,1,60.67
2025-03-06,Direct,Desktop,552,417,1415,0.398,17,938.11
2025-03-06,Direct,Mobile,717,533,1446,0.471,15,950.73
2025-03-06,Direct,Tablet,136,105,373,0.417,3,204.9
2025-03-06,Email,Desktop,200,171,583,0.392,9,683.08
2025-03-06,Email,Mobile,234,195,684,0.406,8,557.57
2025-03-06,Email,Tablet,48,37,94,0.37,2,104.94
2025-03-06,Organic Search,Desktop,929,761,1695,0.413,20,1221.35
2025-03-06,Organic Search,Mobile,1115,954,2716,0.487,21,1253.74
2025-03-06,Organic Search,Tablet,225,183,678,0.375,4,338.4
2025-03-06,Paid Search,Desktop,656,553,1364,0.364,31,2383.3
2025-03-06,Paid Search,Mobile,756,571,2324,0.465,22,1658.77
2025-03-06,Paid Search,Tablet,120,91,228,0.331,4,295.72
2025-03-06,Referral,Desktop,168,128,401,0.399,6,351.36
2025-03-06,Referral,Mobile,209,158,476,0.447,4,307.1
2025-03-06,Referral,Tablet,41,34,98,0.34,1,57.66
2025-03-06,Social,Desktop,436,361,1019,0.406,6,355.98
2025-03-06,Social,Mobile,527,438,1057,0.502,5,385.61
2025-03-06,Social,Tablet,98,79,227,0.322,1,75.1
2025-03-07,Direct,Desktop,631,516,1971,0.307,22,1242.12
2025-03-07,Direct,Mobile,767,613,1402,0.447,14,1110.75
2025-03-07,Direct,Tablet,136,109,356,0.356,4,318.65
2025-03-07,Email,Desktop,262,222,669,0.331,12,595.93
2025-03-07,Email,Mobile,299,247,921,0.405,9,453.84
2025-03-07,Email,Tablet,38,32,117,0.319,1,70.66
2025-03-07,Organic Search,Desktop,935,742,2854,0.39,28,1963.77
2025-03-07,Organic Search,Mobile,1237,996,3002,0.463,21,1321.73
2025-03-07,Organic Search,Tablet,197,150,427,0.308,3,231.06
2025-03-07,Paid Search,Desktop,570,439,1533,0.327,20,1203.39
2025-03-07,Paid Search,Mobile,728,615,1904,0.455,16,1406.41
2025-03-07,Paid Search,Tablet,112,94,205,0.336,3,159.71
2025-03-07,Referral,Desktop,189,161,369,0.325,5,265.95
2025-03-07,Referral,Mobile,226,190,440,0.465,4,197.02
2025-03-07,Referral,Tablet,32,25,92,0.331,1,65.17
2025-03-07,Social,Desktop,461,344,1138,0.403,6,359.97
2025-03-07,Social,Mobile,548,422,1241,0.452,5,407.88
2025-03-07,Social,Tablet,93,78,272,0.384,1,71.39
2025-03-08,Direct,Desktop,572,482,1490,0.399,18,1090.77
2025-03-08,Direct,Mobile,647,499,1312,0.454,14,989.2
2025-03-08,Direct,Tablet,97,72,221,0.323,3,186.08
2025-03-08,Email,Desktop,163,135,335,0.351,9,634.35
2025-03-08,Email,Mobile,193,146,497,0.429,6,308.16
2025-03-08,Email,Tablet,37,31,80,0.309,1,51.75
2025-03-08,Organic Search,Desktop,923,765,2540,0.32,20,969.12
2025-03-08,Organic Search,Mobile,907,704,2005,0.458,12,988.6
2025-03-08,Organic Search,Tablet,145,108,330,0.386,3,224.64
2025-03-08,Paid Search,Desktop,518,402,975,0.31,18,1053.63
2025-03-08,Paid Search,Mobile,525,412,1512,0.487,15,1025.85
2025-03-08,Paid Search,Tablet,82,70,162,0.408,3,243.29
2025-03-08,Referral,Desktop,153,131,435,0.379,6,522.17
2025-03-08,Referral,Mobile,157,133,395,0.435,2,149.76
2025-03-08,Referral,Tablet,25,20,65,0.365,1,72.38
2025-03-08,Social,Desktop,323,268,944,0.381,5,402.59
2025-03-08,Social,Mobile,444,370,911,0.492,4,343.5
2025-03-08,Social,Tablet,65,48,206,0.355,1,53.21
2025-03-09,Direct,Desktop,525,418,968,0.42,18,1210.96
2025-03-09,Direct,Mobile,631,504,1482,0.508,15,1114.52
2025-03-09,Direct,Tablet,104,86,248,0.395,3,170.7
2025-03-09,Email,Desktop,178,148,388,0.336,10,631.48
2025-03-09,Email,Mobile,239,183,561,0.516,7,339.56
2025-03-09,Email,Tablet,32,27,92,0.346,1,71.67
2025-03-09,Organic Search,Desktop,858,716,2465,0.344,18,1558.07
2025-03-09,Organic Search,Mobile,1101,855,3296,0.433,15,955.24
2025-03-09,Organic Search,Tablet,155,130,489,0.391,3,210.97
2025-03-09,Paid Search,Desktop,469,349,1323,0.369,20,1255.35
2025-03-09,Paid Search,Mobile,530,418,1659,0.507,12,965.42
2025-03-09,Paid Search,Tablet,96,74,189,0.335,3,216.52
2025-03-09,Referral,Desktop,161,123,495,0.403,5,384.9
2025-03-09,Referral,Mobile,165,134,390,0.444,4,267.35
2025-03-09,Referral,Tablet,30,25,59,0.314,1,75.4
2025-03-09,Social,Desktop,389,328,1136,0.346,6,345.7
2025-03-09,Social,Mobile,463,387,1148,0.433,5,242.81
2025-03-09,Social,Tablet,66,50,152,0.326,1,55.71
2025-03-10,Direct,Desktop,658,550,1967,0.378,19,1586.58
2025-03-10,Direct,Mobile,732,559,2261,0.504,18,1042.8
2025-03-10,Direct,Tablet,128,98,343,0.301,4,244.93
2025-03-10,Email,Desktop,264,206,819,0.346,15,1236.79
2025-03-10,Email,Mobile,289,238,849,0.466,10,673.64
2025-03-10,Email,Tablet,46,35,125,0.359,2,150.77
2025-03-10,Organic Search,Desktop,1092,808,2485,0.306,24,2107.56
2025-03-10,Organic Search,Mobile,1210,942,3639,0.451,16,1088.2
2025-03-10,Organic Search,Tablet,204,172,432,0.369,3,144.67
2025-03-10,Paid Search,Desktop,616,473,1325,0.304,28,1963.13
2025-03-10,Paid Search,Mobile,789,673,2077,0.441,16,1369.41
2025-03-10,Paid Search,Tablet,97,83,297,0.386,3,232.49
2025-03-10,Referral,Desktop,192,146,416,0.413,6,361.18
2025-03-10,Referral,Mobile,204,158,430,0.407,3,235.63
2025-03-10,Referral,Tablet,39,30,85,0.342,1,72.27
2025-03-10,Social,Desktop,510,406,1424,0.379,9,603.83
2025-03-10,Social,Mobile,566,452,1650,0.511,4,285.91
2025-03-10,Social,Tablet,91,69,239,0.322,1,79.62
2025-03-11,Direct,Desktop,674,523,1501,0.408,25,1773.74
2025-03-11,Direct,Mobile,641,515,1856,0.508,12,875.12
2025-03-11,Direct,Tablet,133,106,260,0.35,3,258.97
2025-03-11,Email,Desktop,261,219,520,0.32,11,900.7
2025-03-11,Email,Mobile,292,231,694,0.448,11,555.78
2025-03-11,Email,Tablet,49,38,121,0.315,2,125.28
2025-03-11,Organic Search,Desktop,1113,930,2952,0.337,33,2231.12
2025-03-11,Organic Search,Mobile,1281,1066,2848,0.429,23,1803.32
2025-03-11,Organic Search,Tablet,184,148,534,0.359,4,305.16
2025-03-11,Paid Search,Desktop,587,451,1483,0.31,23,1369.62
2025-03-11,Paid Search,Mobile,737,566,2115,0.443,18,1022.86
2025-03-11,Paid Search,Tablet,113,89,299,0.333,3,258.58
2025-03-11,Referral,Desktop,216,180,440,0.33,6,387.46
2025-03-11,Referral,Mobile,198,162,633,0.45,4,225.48
2025-03-11,Referral,Tablet,37,31,111,0.409,1,75.36
2025-03-11,Social,Desktop,536,453,1134,0.405,9,712.71
2025-03-11,Social,Mobile,567,424,1467,0.479,6,459.44
2025-03-11,Social,Tablet,90,69,229,0.397,1,55.8
2025-03-12,Direct,Desktop,659,509,1665,0.341,20,1331.18
2025-03-12,Direct,Mobile,710,561,2262,0.514,15,1144.5
2025-03-12,Direct,Tablet,121,99,282,0.374,4,348.02
2025-03-12,Email,Desktop,251,188,726,0.375,14,803.39
2025-03-12,Email,Mobile,255,198,553,0.497,8,492.66
2025-03-12,Email,Tablet,50,38,134,0.309,2,132.54
2025-03-12,Organic Search,Desktop,1106,898,3254,0.401,27,2171.25
2025-03-12,Organic Search,Mobile,1081,872,2224,0.461,15,830.56
2025-03-12,Organic Search,Tablet,174,129,376,0.406,3,191.77
2025-03-12,Paid Search,Desktop,539,423,1246,0.335,25,1276.42
2025-03-12,Paid Search,Mobile,652,524,1229,0.479,19,1545.44
2025-03-12,Paid Search,Tablet,102,87,238,0.39,4,326.77
2025-03-12,Referral,Desktop,179,133,399,0.358,5,327.49
2025-03-12,Referral,Mobile,201,167,589,0.508,4,336.07
2025-03-12,Referral,Tablet,35,30,92,0.417,1,84.31
2025-03-12,Social,Desktop,434,346,1153,0.382,7,342.36
2025-03-12,Social,Mobile,596,479,1403,0.489,5,414.39
2025-03-12,Social,Tablet,78,64,146,0.407,1,83.04
2025-03-13,Direct,Desktop,635,511,1195,0.367,18,990.37
2025-03-13,Direct,Mobile,706,590,1840,0.504,16,901.78
2025-03-13,Direct,Tablet,137,114,325,0.364,3,145.99
2025-03-13,Email,Desktop,219,162,460,0.341,10,816.17
2025-03-13,Email,Mobile,305,246,797,0.455,9,455.81
2025-03-13,Email,Tablet,41,30,102,0.381,2,112.67
2025-03-13,Organic Search,Desktop,961,758,2523,0.379,27,2162.21
2025-03-13,Organic Search,Mobile,1284,984,2691,0.411,16,1025.62
2025-03-13,Organic Search,Tablet,208,164,608,0.348,4,252.18
2025-03-13,Paid Search,Desktop,575,432,1727,0.37,23,1253.11
2025-03-13,Paid Search,Mobile,783,637,2141,0.438,17,1443.36
2025-03-13,Paid Search,Tablet,96,81,198,0.347,3,145.54
2025-03-13,Referral,Desktop,214,162,491,0.305,7,358.07
2025-03-13,Referral,Mobile,239,182,454,0.412,4,242.22
2025-03-13,Referral,Tablet,32,27,61,0.37,1,50.1
2025-03-13,Social,Desktop,450,335,963,0.308,6,369.01
2025-03-13,Social,Mobile,632,482,1374,0.407,6,337.96
2025-03-13,Social,Tablet,88,73,204,0.374,1,54.98
2025-03-14,Direct,Desktop,672,531,2061,0.342,21,1617.72
2025-03-14,Direct,Mobile,711,554,1349,0.401,15,1115.67
2025-03-14,Direct,Tablet,110,89,208,0.354,3,195.13
2025-03-14,Email,Desktop,234,193,712,0.321,11,764.04
2025-03-14,Email,Mobile,305,235,556,0.494,8,644.62
2025-03-14,Email,Tablet,40,30,109,0.38,2,135.67
2025-03-14,Organic Search,Desktop,999,749,2420,0.306,24,1794.7
2025-03-14,Organic Search,Mobile,1151,856,3348,0.492,20,960.65
2025-03-14,Organic Search,Tablet,202,161,627,0.407,4,244.82
2025-03-14,Paid Search,Desktop,532,429,1485,0.391,23,1965.03
2025-03-14,Paid Search,Mobile,755,596,1648,0.459,21,1580.29
2025-03-14,Paid Search,Tablet,119,100,296,0.347,3,259.22
2025-03-14,Referral,Desktop,178,134,463,0.314,6,298.76
2025-03-14,Referral,Mobile,199,155,488,0.476,4,234.88
2025-03-14,Referral,Tablet,37,30,111,0.405,1,68.27
2025-03-14,Social,Desktop,449,375,1076,0.404,8,469.98
2025-03-14,Social,Mobile,633,505,1189,0.509,5,313.18
2025-03-14,Social,Tablet,98,83,285,0.367,1,80.53
2025-03-15,Direct,Desktop,501,429,1336,0.36,18,1226.43
2025-03-15,Direct,Mobile,529,402,1143,0.448,11,750.34
2025-03-15,Direct,Tablet,86,69,257,0.381,2,148.94
2025-03-15,Email,Desktop,176,138,349,0.339,8,480.01
2025-03-15,Email,Mobile,230,195,610,0.462,6,500.74
2025-03-15,Email,Tablet,36,29,94,0.342,1,61.79
2025-03-15,Organic Search,Desktop,746,624,1804,0.366,23,1326.26
2025-03-15,Organic Search,Mobile,925,719,1902,0.453,16,1079.25
2025-03-15,Organic Search,Tablet,174,144,506,0.393,3,206.35
2025-03-15,Paid Search,Desktop,520,418,1105,0.364,24,1656.99
2025-03-15,Paid Search,Mobile,536,413,1663,0.411,15,1254.93
2025-03-15,Paid Search,Tablet,100,79,230,0.315,3,209.96
2025-03-15,Referral,Desktop,155,128,367,0.35,4,265.34
2025-03-15,Referral,Mobile,207,176,490,0.484,3,198.44
2025-03-15,Referral,Tablet,27,21,75,0.329,1,81.4
2025-03-15,Social,Desktop,405,347,1227,0.385,6,324.22
2025-03-15,Social,Mobile,395,310,965,0.495,4,280.03
2025-03-15,Social,Tablet,73,54,188,0.306,1,70.59
2025-03-16,Direct,Desktop,542,439,1523,0.37,22,1379.11
2025-03-16,Direct,Mobile,523,399,1206,0.461,12,637.99
2025-03-16,Direct,Tablet,88,74,216,0.386,2,96.98
2025-03-16,Email,Desktop,184,151,495,0.369,11,681.15
2025-03-16,Email,Mobile,250,186,510,0.464,7,381.38
2025-03-16,Email,Tablet,32,25,75,0.381,1,77.63
2025-03-16,Organic Search,Desktop,941,773,2746,0.355,27,1963.54
2025-03-16,Organic Search,Mobile,1076,816,2756,0.494,16,903.8
2025-03-16,Organic Search,Tablet,168,133,447,0.339,3,183.84
2025-03-16,Paid Search,Desktop,489,398,1443,0.344,22,1592.77
2025-03-16,Paid Search,Mobile,548,443,1677,0.487,13,975.9
2025-03-16,Paid Search,Tablet,87,69,232,0.311,2,98.05
2025-03-16,Referral,Desktop,163,136,349,0.308,6,518.31
2025-03-16,Referral,Mobile,161,122,393,0.473,4,199.45
2025-03-16,Referral,Tablet,29,25,67,0.402,1,54.23
2025-03-16,Social,Desktop,380,286,1107,0.366,6,504.91
2025-03-16,Social,Mobile,490,391,976,0.412,4,347.56
2025-03-16,Social,Tablet,78,61,158,0.418,1,62.96
2025-03-17,Direct,Desktop,659,548,1242,0.348,20,1541.76
2025-03-17,Direct,Mobile,684,572,1316,0.463,14,914.56
2025-03-17,Direct,Tablet,107,82,214,0.339,2,134.64
2025-03-17,Email,Desktop,202,164,528,0.374,9,614.18
2025-03-17,Email,Mobile,238,195,495,0.422,7,348.82
2025-03-17,Email,Tablet,48,41,96,0.332,2,121.17
2025-03-17,Organic Search,Desktop,1208,1035,3569,0.358,32,1963.05
2025-03-17,Organic Search,Mobile,1099,860,3148,0.513,17,1106.6
2025-03-17,Organic Search,Tablet,182,150,479,0.398,3,174.62
2025-03-17,Paid Search,Desktop,627,464,1626,0.4,23,1537.78
2025-03-17,Paid Search,Mobile,769,570,1883,0.504,22,1223.55
2025-03-17,Paid Search,Tablet,126,101,384,0.339,4,298.22
2025-03-17,Referral,Desktop,207,176,388,0.321,7,523.62
2025-03-17,Referral,Mobile,257,199,559,0.415,5,319.18
2025-03-17,Referral,Tablet,40,32,113,0.382,1,83.7
2025-03-17,Social,Desktop,454,350,1126,0.41,7,560.24
2025-03-17,Social,Mobile,506,405,998,0.473,5,282.99
2025-03-17,Social,Tablet,100,79,243,0.345,1,66.2
2025-03-18,Direct,Desktop,614,512,1137,0.319,23,1752.16
2025-03-18,Direct,Mobile,840,678,2292,0.487,17,944.49
2025-03-18,Direct,Tablet,137,117,322,0.321,3,236.15
2025-03-18,Email,Desktop,219,181,625,0.304,9,638.92
2025-03-18,Email,Mobile,312,268,698,0.441,9,540.07
2025-03-18,Email,Tablet,49,41,153,0.317,2,167.78
2025-03-18,Organic Search,Desktop,1075,923,2106,0.335,33,1691.77
2025-03-18,Organic Search,Mobile,1119,949,2522,0.451,20,1357.44
2025-03-18,Organic Search,Tablet,227,192,539,0.374,5,435.61
2025-03-18,Paid Search,Desktop,564,461,1467,0.411,22,1418.29
2025-03-18,Paid Search,Mobile,661,496,1843,0.508,14,969.35
2025-03-18,Paid Search,Tablet,127,105,398,0.399,4,249.56
2025-03-18,Referral,Desktop,205,164,646,0.325,7,359.92
2025-03-18,Referral,Mobile,224,169,446,0.429,4,330.36
2025-03-18,Referral,Tablet,36,27,70,0.353,1,86.12
2025-03-18,Social,Desktop,429,363,942,0.405,6,457.21
2025-03-18,Social,Mobile,560,450,1384,0.404,5,368.06
2025-03-18,Social,Tablet,82,63,148,0.344,1,54.02
2025-03-19,Direct,Desktop,674,504,1663,0.332,24,1351.61
2025-03-19,Direct,Mobile,806,647,2176,0.469,14,882.45
2025-03-19,Direct,Tablet,134,110,424,0.382,3,261.43
2025-03-19,Email,Desktop,264,202,606,0.353,16,973.39
2025-03-19,Email,Mobile,273,214,679,0.461,7,578.48
2025-03-19,Email,Tablet,47,39,150,0.39,2,113.7
2025-03-19,Organic Search,Desktop,1073,839,2603,0.352,25,1527.79
2025-03-19,Organic Search,Mobile,1396,1184,2632,0.469,20,983.85
2025-03-19,Organic Search,Tablet,215,164,542,0.372,4,256.82
2025-03-19,Paid Search,Desktop,535,438,1560,0.314,24,1283.4
2025-03-19,Paid Search,Mobile,664,518,1537,0.508,20,1203.59
2025-03-19,Paid Search,Tablet,95,76,260,0.374,3,252.27
2025-03-19,Referral,Desktop,202,157,590,0.418,6,441.67
2025-03-19,Referral,Mobile,237,178,501,0.42,4,239.14
2025-03-19,Referral,Tablet,32,25,96,0.369,1,73.61
2025-03-19,Social,Desktop,543,413,1713,0.418,8,422.58
2025-03-19,Social,Mobile,604,474,1483,0.503,6,324.09
2025-03-19,Social,Tablet,85,66,249,0.355,1,65.31
2025-03-20,Direct,Desktop,723,612,1352,0.339,21,1264.14
2025-03-20,Direct,Mobile,749,584,1894,0.46,16,979.17
2025-03-20,Direct,Tablet,106,88,307,0.336,2,125.56
2025-03-20,Email,Desktop,264,225,815,0.41,11,768.56
2025-03-20,Email,Mobile,316,265,723,0.453,9,649.64
2025-03-20,Email,Tablet,41,32,74,0.401,2,122.95
2025-03-20,Organic Search,Desktop,1168,882,2453,0.335,35,3002.14
2025-03-20,Organic Search,Mobile,1365,1025,2762,0.468,19,966.87
2025-03-20,Organic Search,Tablet,176,151,333,0.357,3,180.64
2025-03-20,Paid Search,Desktop,650,516,1403,0.391,32,2136.47
2025-03-20,Paid Search,Mobile,734,555,1956,0.509,22,1503.42
2025-03-20,Paid Search,Tablet,112,87,274,0.3,4,206.14
2025-03-20,Referral,Desktop,210,169,571,0.4,7,437.91
2025-03-20,Referral,Mobile,239,204,446,0.428,5,257.85
2025-03-20,Referral,Tablet,37,32,115,0.306,1,87.59
2025-03-20,Social,Desktop,448,382,1109,0.41,6,416.91
2025-03-20,Social,Mobile,539,444,1446,0.455,5,294.55
2025-03-20,Social,Tablet,94,75,189,0.411,1,65.91
2025-03-21,Direct,Desktop,550,458,1652,0.355,16,1398.7
2025-03-21,Direct,Mobile,809,655,2443,0.479,15,1079.64
2025-03-21,Direct,Tablet,131,110,280,0.371,4,214.81
2025-03-21,Email,Desktop,251,214,738,0.369,14,1210.71
2025-03-21,Email,Mobile,306,248,856,0.408,10,638.0
2025-03-21,Email,Tablet,49,41,154,0.344,2,119.91
2025-03-21,Organic Search,Desktop,1192,898,2202,0.396,37,2501.12
2025-03-21,Organic Search,Mobile,1132,965,2999,0.478,17,1282.76
2025-03-21,Organic Search,Tablet,199,164,433,0.365,3,195.87
2025-03-21,Paid Search,Desktop,599,491,1321,0.4,23,1562.11
2025-03-21,Paid Search,Mobile,773,648,1823,0.451,18,1518.65
2025-03-21,Paid Search,Tablet,94,73,252,0.337,2,124.46
2025-03-21,Referral,Desktop,213,165,670,0.34,6,489.85
2025-03-21,Referral,Mobile,243,202,622,0.452,4,322.61
2025-03-21,Referral,Tablet,36,29,113,0.378,1,48.56
2025-03-21,Social,Desktop,514,434,1595,0.417,8,581.92
2025-03-21,Social,Mobile,593,462,1072,0.472,5,377.98
2025-03-21,Social,Tablet,94,76,198,0.308,1,55.76
2025-03-22,Direct,Desktop,487,373,940,0.352,15,1228.19
2025-03-22,Direct,Mobile,538,402,1641,0.422,12,839.66
2025-03-22,Direct,Tablet,98,73,240,0.308,2,103.97
2025-03-22,Email,Desktop,175,134,540,0.307,9,603.57
2025-03-22,Email,Mobile,204,167,458,0.442,5,406.74
2025-03-22,Email,Tablet,34,26,69,0.363,1,60.37
2025-03-22,Organic Search,Desktop,840,652,2162,0.419,23,2009.87
2025-03-22,Organic Search,Mobile,866,700,2449,0.509,12,890.12
2025-03-22,Organic Search,Tablet,164,134,525,0.384,3,162.21
2025-03-22,Paid Search,Desktop,512,380,1158,0.417,19,1668.63
2025-03-22,Paid Search,Mobile,519,413,1368,0.404,11,931.3
2025-03-22,Paid Search,Tablet,92,71,254,0.345,3,180.55
2025-03-22,Referral,Desktop,167,129,330,0.327,6,452.08
2025-03-22,Referral,Mobile,198,147,489,0.464,3,256.68
2025-03-22,Referral,Tablet,29,23,66,0.366,1,63.02
2025-03-22,Social,Desktop,331,251,676,0.348,5,343.31
2025-03-22,Social,Mobile,493,372,1180,0.442,5,302.35
2025-03-22,Social,Tablet,79,67,167,0.378,1,48.26
2025-03-23,Direct,Desktop,500,386,1282,0.39,18,1469.92
2025-03-23,Direct,Mobile,594,448,1087,0.483,10,576.51
2025-03-23,Direct,Tablet,97,82,222,0.338,2,123.32
2025-03-23,Email,Desktop,196,163,524,0.306,9,631.22
2025-03-23,Email,Mobile,191,161,570,0.402,6,457.55
2025-03-23,Email,Tablet,38,29,94,0.364,1,73.46
2025-03-23,Organic Search,Desktop,843,667,1799,0.39,24,1175.42
2025-03-23,Organic Search,Mobile,928,727,1905,0.513,13,944.2
2025-03-23,Organic Search,Tablet,162,125,422,0.417,3,240.97
2025-03-23,Paid Search,Desktop,533,449,1061,0.39,27,2273.02
2025-03-23,Paid Search,Mobile,491,410,1241,0.471,12,1033.57
2025-03-23,Paid Search,Tablet,77,63,211,0.415,2,137.77
2025-03-23,Referral,Desktop,136,104,254,0.367,5,289.63
2025-03-23,Referral,Mobile,167,139,455,0.494,3,174.02
2025-03-23,Referral,Tablet,26,20,49,0.327,1,49.82
2025-03-23,Social,Desktop,405,318,970,0.341,5,373.9
2025-03-23,Social,Mobile,391,321,940,0.468,3,202.89
2025-03-23,Social,Tablet,83,68,179,0.356,1,80.47
2025-03-24,Direct,Desktop,672,541,2140,0.393,22,1358.96
2025-03-24,Direct,Mobile,772,599,1735,0.512,15,1264.48
2025-03-24,Direct,Tablet,104,88,275,0.366,3,233.62
2025-03-24,Email,Desktop,204,170,637,0.343,11,916.02
2025-03-24,Email,Mobile,284,236,565,0.415,10,713.98
2025-03-24,Email,Tablet,40,33,102,0.312,1,61.07
2025-03-24,Organic Search,Desktop,1149,910,3540,0.401,25,1307.07
2025-03-24,Organic Search,Mobile,1394,1069,4124,0.493,19,1247.74
2025-03-24,Organic Search,Tablet,228,187,418,0.369,4,297.0
2025-03-24,Paid Search,Desktop,651,526,1695,0.315,25,1993.05
2025-03-24,Paid Search,Mobile,629,487,1645,0.504,19,1239.75
2025-03-24,Paid Search,Tablet,96,73,259,0.367,3,260.27
2025-03-24,Referral,Desktop,213,163,606,0.405,6,521.57
2025-03-24,Referral,Mobile,222,169,630,0.458,4,327.03
2025-03-24,Referral,Tablet,41,32,125,0.349,1,73.31
2025-03-24,Social,Desktop,531,446,1281,0.346,7,532.76
2025-03-24,Social,Mobile,511,432,1258,0.416,5,392.25
2025-03-24,Social,Tablet,94,78,182,0.32,1,87.35
2025-03-25,Direct,Desktop,556,469,1569,0.41,21,1483.77
2025-03-25,Direct,Mobile,862,735,2533,0.455,15,1260.97
2025-03-25,Direct,Tablet,104,85,323,0.329,2,144.01
2025-03-25,Email,Desktop,227,185,507,0.362,14,784.55
2025-03-25,Email,Mobile,243,184,619,0.431,8,588.28
2025-03-25,Email,Tablet,43,33,90,0.353,1,62.45
2025-03-25,Organic Search,Desktop,1060,787,3160,0.398,23,1486.05
2025-03-25,Organic Search,Mobile,1076,893,2070,0.431,16,802.32
2025-03-25,Organic Search,Tablet,226,178,475,0.359,4,287.71
2025-03-25,Paid Search,Desktop,664,554,1818,0.401,28,1865.27
2025-03-25,Paid Search,Mobile,612,512,1847,0.482,13,707.84
2025-03-25,Paid Search,Tablet,124,98,266,0.397,4,192.02
2025-03-25,Referral,Desktop,187,159,415,0.352,5,324.16
2025-03-25,Referral,Mobile,204,171,558,0.511,4,296.7
2025-03-25,Referral,Tablet,37,30,69,0.314,1,83.51
2025-03-25,Social,Desktop,487,418,1235,0.406,6,526.13
2025-03-25,Social,Mobile,641,524,1431,0.459,5,291.47
2025-03-25,Social,Tablet,92,68,195,0.417,1,60.78
2025-03-26,Direct,Desktop,682,527,1775,0.327,22,1621.91
2025-03-26,Direct,Mobile,811,674,1857,0.468,17,962.22
2025-03-26,Direct,Tablet,108,92,234,0.366,2,117.2
2025-03-26,Email,Desktop,264,207,710,0.412,15,1177.76
2025-03-26,Email,Mobile,255,196,645,0.499,6,446.26
2025-03-26,Email,Tablet,48,37,135,0.31,2,153.95
2025-03-26,Organic Search,Desktop,1086,877,2142,0.305,28,1909.42
2025-03-26,Organic Search,Mobile,1164,904,2786,0.426,21,1355.61
2025-03-26,Organic Search,Tablet,206,159,384,0.364,3,173.59
2025-03-26,Paid Search,Desktop,505,385,1050,0.341,22,1709.42
2025-03-26,Paid Search,Mobile,674,566,1618,0.448,16,1021.28
2025-03-26,Paid Search,Tablet,126,100,271,0.386,3,214.15
2025-03-26,Referral,Desktop,194,146,402,0.408,6,390.99
2025-03-26,Referral,Mobile,214,180,669,0.409,4,307.15
2025-03-26,Referral,Tablet,33,28,69,0.303,1,65.64
2025-03-26,Social,Desktop,518,437,1477,0.414,7,376.24
2025-03-26,Social,Mobile,576,463,1316,0.443,6,491.09
2025-03-26,Social,Tablet,95,76,273,0.312,1,57.82
2025-03-27,Direct,Desktop,545,414,1190,0.376,21,1077.56
2025-03-27,Direct,Mobile,808,645,2322,0.418,19,1185.42
2025-03-27,Direct,Tablet,139,109,262,0.319,4,218.01
2025-03-27,Email,Desktop,258,202,504,0.395,15,743.34
2025-03-27,Email,Mobile,314,264,987,0.418,9,629.7
2025-03-27,Email,Tablet,49,42,95,0.321,2,175.44
2025-03-27,Organic Search,Desktop,1100,891,3072,0.376,26,1984.13
2025-03-27,Organic Search,Mobile,1370,1050,3297,0.469,21,1558.63
2025-03-27,Organic Search,Tablet,219,183,648,0.41,4,347.0
2025-03-27,Paid Search,Desktop,549,460,1333,0.416,27,2366.64
2025-03-27,Paid Search,Mobile,749,616,2163,0.417,20,1160.21
2025-03-27,Paid Search,Tablet,116,92,286,0.368,4,257.12
2025-03-27,Referral,Desktop,217,187,526,0.345,6,386.25
2025-03-27,Referral,Mobile,232,194,681,0.471,5,284.01
2025-03-27,Referral,Tablet,42,34,81,0.377,1,59.61
2025-03-27,Social,Desktop,496,413,1287,0.334,9,723.97
2025-03-27,Social,Mobile,502,429,1077,0.454,5,373.94
2025-03-27,Social,Tablet,100,80,248,0.368,1,69.57
2025-03-28,Direct,Desktop,556,449,1386,0.416,21,1405.88
2025-03-28,Direct,Mobile,847,638,1586,0.515,15,976.91
2025-03-28,Direct,Tablet,128,104,358,0.392,3,224.41
2025-03-28,Email,Desktop,201,161,530,0.349,10,759.57
2025-03-28,Email,Mobile,288,216,524,0.453,10,622.69
2025-03-28,Email,Tablet,39,31,115,0.41,1,59.79
2025-03-28,Organic Search,Desktop,998,778,2004,0.37,30,2443.26
2025-03-28,Organic Search,Mobile,1206,894,2678,0.492,22,1789.86
2025-03-28,Organic Search,Tablet,200,159,437,0.336,4,229.13
2025-03-28,Paid Search,Desktop,594,463,1141,0.364,24,1235.92
2025-03-28,Paid Search,Mobile,741,555,1570,0.418,17,1312.74
2025-03-28,Paid Search,Tablet,120,94,264,0.326,4,256.25
2025-03-28,Referral,Desktop,167,126,322,0.307,6,383.33
2025-03-28,Referral,Mobile,216,161,469,0.516,4,288.76
2025-03-28,Referral,Tablet,42,32,94,0.412,1,71.14
2025-03-28,Social,Desktop,426,329,1093,0.35,7,343.18
2025-03-28,Social,Mobile,590,451,1751,0.479,6,371.38
2025-03-28,Social,Tablet,80,64,154,0.397,1,84.78
2025-03-29,Direct,Desktop,446,338,942,0.337,15,940.15
2025-03-29,Direct,Mobile,575,453,1608,0.499,13,952.77
2025-03-29,Direct,Tablet,107,83,243,0.314,2,170.4
2025-03-29,Email,Desktop,163,140,410,0.327,9,536.25
2025-03-29,Email,Mobile,237,200,644,0.426,9,746.61
2025-03-29,Email,Tablet,32,26,91,0.346,1,67.21
2025-03-29,Organic Search,Desktop,948,731,2429,0.379,21,1269.56
2025-03-29,Organic Search,Mobile,900,765,1809,0.445,15,1296.96
2025-03-29,Organic Search,Tablet,153,126,477,0.395,3,167.88
2025-03-29,Paid Search,Desktop,491,376,1146,0.366,18,1517.49
2025-03-29,Paid Search,Mobile,598,509,1385,0.457,18,1251.92
2025-03-29,Paid Search,Tablet,81,61,184,0.374,2,106.08
2025-03-29,Referral,Desktop,144,121,411,0.366,5,393.13
2025-03-29,Referral,Mobile,176,132,411,0.459,4,289.82
2025-03-29,Referral,Tablet,28,23,87,0.404,1,58.23
2025-03-29,Social,Desktop,419,325,1226,0.314,6,515.8
2025-03-29,Social,Mobile,424,334,1161,0.497,4,303.85
2025-03-29,Social,Tablet,70,53,153,0.406,1,72.97
2025-03-30,Direct,Desktop,522,412,1558,0.302,20,1430.6
2025-03-30,Direct,Mobile,665,532,1678,0.437,15,1251.8
2025-03-30,Direct,Tablet,88,69,239,0.338,2,112.97
2025-03-30,Email,Desktop,185,150,351,0.413,11,622.27
2025-03-30,Email,Mobile,231,183,723,0.439,7,361.1
2025-03-30,Email,Tablet,32,25,83,0.38,1,76.77
2025-03-30,Organic Search,Desktop,807,637,2252,0.353,25,1882.16
2025-03-30,Organic Search,Mobile,1066,832,2390,0.499,19,1197.2
2025-03-30,Organic Search,Tablet,165,140,351,0.321,3,165.39
2025-03-30,Paid Search,Desktop,414,309,902,0.352,17,857.36
2025-03-30,Paid Search,Mobile,535,415,1313,0.453,14,1043.7
2025-03-30,Paid Search,Tablet,87,69,276,0.382,2,151.5
2025-03-30,Referral,Desktop,172,143,540,0.408,4,224.63
2025-03-30,Referral,Mobile,187,156,500,0.408,3,245.43
2025-03-30,Referral,Tablet,30,26,72,0.372,1,71.61
2025-03-30,Social,Desktop,425,351,916,0.312,7,356.98
2025-03-30,Social,Mobile,402,331,1148,0.407,3,172.83
2025-03-30,Social,Tablet,69,54,219,0.327,1,66.25
2025-03-31,Direct,Desktop,727,601,1715,0.366,21,1441.45
2025-03-31,Direct,Mobile,732,575,1656,0.474,18,1062.29
2025-03-31,Direct,Tablet,108,86,272,0.356,3,148.58
2025-03-31,Email,Desktop,229,186,464,0.408,13,791.29
2025-03-31,Email,Mobile,318,272,947,0.505,10,623.15
2025-03-31,Email,Tablet,41,33,85,0.31,2,161.27
2025-03-31,Organic Search,Desktop,1183,987,2603,0.373,33,2662.9
2025-03-31,Organic Search,Mobile,1434,1223,2804,0.484,26,2250.41
2025-03-31,Organic Search,Tablet,193,166,398,0.361,4,305.04
2025-03-31,Paid Search,Desktop,630,512,1681,0.352,28,1440.36
2025-03-31,Paid Search,Mobile,746,561,1591,0.483,22,1658.73
2025-03-31,Paid Search,Tablet,116,87,365,0.401,4,320.97
2025-03-31,Referral,Desktop,201,158,463,0.341,7,534.64
2025-03-31,Referral,Mobile,214,182,441,0.454,3,223.64
2025-03-31,Referral,Tablet,33,28,97,0.366,1,52.55
2025-03-31,Social,Desktop,520,386,1417,0.332,9,657.93
2025-03-31,Social,Mobile,539,421,1402,0.435,4,248.05
2025-03-31,Social,Tablet,96,76,267,0.309,1,61.38
2025-04-01,Direct,Desktop,695,593,1945,0.333,27,2158.78
2025-04-01,Direct,Mobile,762,639,2262,0.486,18,1348.86
2025-04-01,Direct,Tablet,134,102,341,0.41,3,232.05
2025-04-01,Email,Desktop,250,208,710,0.337,12,781.15
2025-04-01,Email,Mobile,288,216,785,0.498,10,741.21
2025-04-01,Email,Tablet,47,38,93,0.363,2,141.58
2025-04-01,Organic Search,Desktop,1072,912,2241,0.309,29,1841.09
2025-04-01,Organic Search,Mobile,1179,876,2955,0.478,17,975.69
2025-04-01,Organic Search,Tablet,193,144,362,0.335,4,222.88
2025-04-01,Paid Search,Desktop,512,436,1084,0.4,19,1394.02
2025-04-01,Paid Search,Mobile,649,505,1972,0.506,19,1152.94
2025-04-01,Paid Search,Tablet,106,79,271,0.304,3,217.41
2025-04-01,Referral,Desktop,191,143,565,0.42,6,476.64
2025-04-01,Referral,Mobile,258,191,677,0.474,4,195.58
2025-04-01,Referral,Tablet,38,31,109,0.325,1,55.29
2025-04-01,Social,Desktop,440,370,1112,0.309,6,475.38
2025-04-01,Social,Mobile,496,391,1289,0.469,4,307.65
2025-04-01,Social,Tablet,93,77,247,0.402,1,66.19
2025-04-02,Direct,Desktop,733,563,1836,0.307,28,1462.77
2025-04-02,Direct,Mobile,702,560,2064,0.52,14,773.98
2025-04-02,Direct,Tablet,122,96,309,0.301,4,224.78
2025-04-02,Email,Desktop,234,177,596,0.348,12,1034.67
2025-04-02,Email,Mobile,300,251,695,0.445,11,627.81
2025-04-02,Email,Tablet,49,42,138,0.361,2,139.28
2025-04-02,Organic Search,Desktop,1057,866,2126,0.382,31,2209.48
2025-04-02,Organic Search,Mobile,1413,1144,2843,0.42,26,2106.2
2025-04-02,Organic Search,Tablet,230,187,427,0.316,5,259.35
2025-04-02,Paid Search,Desktop,652,528,1755,0.362,32,2190.06
2025-04-02,Paid Search,Mobile,686,583,1972,0.456,18,1392.71
2025-04-02,Paid Search,Tablet,108,87,307,0.416,3,144.97
2025-04-02,Referral,Desktop,167,132,490,0.405,5,318.24
2025-04-02,Referral,Mobile,211,162,464,0.477,5,286.2
2025-04-02,Referral,Tablet,40,31,118,0.389,1,85.54
2025-04-02,Social,Desktop,533,422,1189,0.383,8,492.91
2025-04-02,Social,Mobile,529,394,979,0.419,6,368.72
2025-04-02,Social,Tablet,96,78,304,0.388,1,73.08
2025-04-03,Direct,Desktop,735,555,1992,0.311,31,2302.17
2025-04-03,Direct,Mobile,676,534,1544,0.455,15,1242.14
2025-04-03,Direct,Tablet,126,106,354,0.414,4,287.61
2025-04-03,Email,Desktop,242,186,486,0.401,13,644.15
2025-04-03,Email,Mobile,312,243,563,0.43,9,572.75
2025-04-03,Email,Tablet,51,40,158,0.391,2,140.98
2025-04-03,Organic Search,Desktop,1128,966,3061,0.398,24,1650.11
2025-04-03,Organic Search,Mobile,1289,1099,2760,0.402,17,1290.28
2025-04-03,Organic Search,Tablet,219,188,601,0.341,5,261.91
2025-04-03,Paid Search,Desktop,502,389,1202,0.402,18,917.91
2025-04-03,Paid Search,Mobile,791,606,1635,0.457,17,911.31
2025-04-03,Paid Search,Tablet,111,86,202,0.369,4,220.65
2025-04-03,Referral,Desktop,170,138,511,0.336,6,371.3
2025-04-03,Referral,Mobile,200,169,610,0.502,3,193.26
2025-04-03,Referral,Tablet,37,29,74,0.358,1,83.04
2025-04-03,Social,Desktop,467,359,957,0.389,7,590.18
2025-04-03,Social,Mobile,522,439,1251,0.459,4,228.51
2025-04-03,Social,Tablet,100,80,259,0.384,1,52.09
2025-04-04,Direct,Desktop,585,445,1604,0.365,18,953.18
2025-04-04,Direct,Mobile,712,535,1473,0.446,14,878.13
2025-04-04,Direct,Tablet,123,101,258,0.332,4,307.17
2025-04-04,Email,Desktop,244,187,457,0.419,10,647.66
2025-04-04,Email,Mobile,291,223,633,0.464,10,780.0
2025-04-04,Email,Tablet,39,30,121,0.318,2,126.3
2025-04-04,Organic Search,Desktop,1138,875,2482,0.33,27,1320.97
2025-04-04,Organic Search,Mobile,1270,1039,2502,0.407,20,1629.49
2025-04-04,Organic Search,Tablet,180,153,534,0.304,3,188.68
2025-04-04,Paid Search,Desktop,530,441,1587,0.363,23,1128.6
2025-04-04,Paid Search,Mobile,611,492,1211,0.412,15,1178.45
2025-04-04,Paid Search,Tablet,103,87,231,0.414,3,195.85
2025-04-04,Referral,Desktop,165,142,513,0.31,6,482.93
2025-04-04,Referral,Mobile,250,185,751,0.44,5,351.19
2025-04-04,Referral,Tablet,33,25,86,0.374,1,68.97
2025-04-04,Social,Desktop,518,428,1387,0.327,8,449.0
2025-04-04,Social,Mobile,575,459,1488,0.419,5,343.82
2025-04-04,Social,Tablet,93,75,238,0.347,1,80.59
2025-04-05,Direct,Desktop,561,429,1781,0.377,22,1832.26
2025-04-05,Direct,Mobile,643,498,2052,0.52,11,624.5
2025-04-05,Direct,Tablet,99,78,237,0.38,2,146.21
2025-04-05,Email,Desktop,169,127,528,0.33,9,678.39
2025-04-05,Email,Mobile,195,163,545,0.422,7,498.24
2025-04-05,Email,Tablet,33,27,70,0.33,1,54.81
2025-04-05,Organic Search,Desktop,888,711,2797,0.362,23,1842.18
2025-04-05,Organic Search,Mobile,976,813,2863,0.422,18,1307.51
2025-04-05,Organic Search,Tablet,157,125,296,0.323,3,254.93
2025-04-05,Paid Search,Desktop,460,371,1170,0.391,19,1351.42
2025-04-05,Paid Search,Mobile,581,492,1366,0.429,16,893.44
2025-04-05,Paid Search,Tablet,79,66,234,0.338,2,141.65
2025-04-05,Referral,Desktop,147,119,460,0.322,5,300.1
2025-04-05,Referral,Mobile,162,139,346,0.408,3,149.82
2025-04-05,Referral,Tablet,26,21,57,0.389,1,56.7
2025-04-05,Social,Desktop,417,343,1308,0.358,6,295.19
2025-04-05,Social,Mobile,431,370,1298,0.42,5,354.98
2025-04-05,Social,Tablet,79,66,240,0.378,1,64.58
2025-04-06,Direct,Desktop,520,435,1095,0.345,19,1416.13
2025-04-06,Direct,Mobile,669,514,1661,0.452,13,1022.92
2025-04-06,Direct,Tablet,112,92,218,0.372,2,106.21
2025-04-06,Email,Desktop,206,157,650,0.415,12,604.42
2025-04-06,Email,Mobile,206,176,464,0.418,5,322.25
2025-04-06,Email,Tablet,40,32,89,0.309,1,59.82
2025-04-06,Organic Search,Desktop,925,736,1673,0.303,28,1601.3
2025-04-06,Organic Search,Mobile,989,744,2791,0.456,17,850.71
2025-04-06,Organic Search,Tablet,170,141,347,0.415,3,193.4
2025-04-06,Paid Search,Desktop,512,427,1442,0.405,23,1166.22
2025-04-06,Paid Search,Mobile,619,504,1676,0.475,14,943.14
2025-04-06,Paid Search,Tablet,93,77,188,0.419,3,199.67
2025-04-06,Referral,Desktop,135,114,288,0.365,5,328.7
2025-04-06,Referral,Mobile,196,164,583,0.45,4,326.9
2025-04-06,Referral,Tablet,26,20,75,0.396,1,80.45
2025-04-06,Social,Desktop,375,313,1105,0.358,6,429.95
2025-04-06,Social,Mobile,499,409,1158,0.445,4,314.47
2025-04-06,Social,Tablet,73,59,215,0.409,1,77.78
2025-04-07,Direct,Desktop,654,535,1637,0.342,22,1441.9
2025-04-07,Direct,Mobile,658,565,1425,0.433,14,1042.81
2025-04-07,Direct,Tablet,112,85,272,0.362,3,260.37
2025-04-07,Email,Desktop,241,193,452,0.37,12,713.08
2025-04-07,Email,Mobile,263,200,528,0.493,7,364.63
2025-04-07,Email,Tablet,51,42,124,0.409,2,135.72
2025-04-07,Organic Search,Desktop,1179,873,3510,0.347,34,2978.52
2025-04-07,Organic Search,Mobile,1098,865,3468,0.517,17,1334.33
2025-04-07,Organic Search,Tablet,180,148,555,0.375,4,341.7
2025-04-07,Paid Search,Desktop,597,497,1206,0.388,23,1200.34
2025-04-07,Paid Search,Mobile,666,521,1307,0.461,14,874.15
2025-04-07,Paid Search,Tablet,99,78,235,0.415,3,155.37
2025-04-07,Referral,Desktop,188,152,354,0.309,5,276.42
2025-04-07,Referral,Mobile,248,204,789,0.466,4,205.89
2025-04-07,Referral,Tablet,32,25,68,0.407,1,58.51
2025-04-07,Social,Desktop,461,368,1390,0.407,6,350.58
2025-04-07,Social,Mobile,618,524,1521,0.499,5,328.49
2025-04-07,Social,Tablet,97,82,234,0.388,1,57.71
2025-04-08,Direct,Desktop,645,528,1174,0.393,24,1531.51
2025-04-08,Direct,Mobile,768,646,1938,0.498,16,899.72
2025-04-08,Direct,Tablet,109,88,301,0.325,3,158.89
2025-04-08,Email,Desktop,209,166,466,0.343,11,607.91
2025-04-08,Email,Mobile,311,246,885,0.499,8,451.46
2025-04-08,Email,Tablet,40,30,112,0.325,2,168.11
2025-04-08,Organic Search,Desktop,999,750,1885,0.397,25,1824.51
2025-04-08,Organic Search,Mobile,1391,1078,3275,0.493,18,1178.2
2025-04-08,Organic Search,Tablet,196,156,609,0.382,3,185.89
2025-04-08,Paid Search,Desktop,666,516,1658,0.339,28,1779.43
2025-04-08,Paid Search,Mobile,701,578,2170,0.402,20,1195.2
2025-04-08,Paid Search,Tablet,120,94,356,0.349,4,205.44
2025-04-08,Referral,Desktop,198,159,551,0.316,7,412.11
2025-04-08,Referral,Mobile,230,176,627,0.418,5,356.57
2025-04-08,Referral,Tablet,37,28,69,0.393,1,49.7
2025-04-08,Social,Desktop,453,373,1433,0.336,7,491.06
2025-04-08,Social,Mobile,539,461,1177,0.505,4,307.29
2025-04-08,Social,Tablet,103,85,274,0.315,1,73.33
2025-04-09,Direct,Desktop,583,464,1556,0.302,18,1307.12
2025-04-09,Direct,Mobile,847,668,2432,0.502,21,1782.91
2025-04-09,Direct,Tablet,107,91,253,0.406,3,188.89
2025-04-09,Email,Desktop,242,204,626,0.319,13,933.52
2025-04-09,Email,Mobile,263,220,651,0.443,9,692.68
2025-04-09,Email,Tablet,41,34,103,0.303,2,117.71
2025-04-09,Organic Search,Desktop,947,720,2035,0.319,25,1652.96
2025-04-09,Organic Search,Mobile,1143,869,2602,0.462,20,1525.98
2025-04-09,Organic Search,Tablet,200,157,598,0.359,4,290.85
2025-04-09,Paid Search,Desktop,671,519,1782,0.403,30,1490.55
2025-04-09,Paid Search,Mobile,707,560,1294,0.495,21,1664.86
2025-04-09,Paid Search,Tablet,99,77,253,0.417,3,254.25
2025-04-09,Referral,Desktop,172,144,382,0.374,6,517.94
2025-04-09,Referral,Mobile,253,216,571,0.501,5,346.06
2025-04-09,Referral,Tablet,41,35,116,0.301,1,58.38
2025-04-09,Social,Desktop,501,396,1352,0.321,8,450.58
2025-04-09,Social,Mobile,582,479,1449,0.482,6,444.7
2025-04-09,Social,Tablet,105,84,267,0.374,1,67.85
2025-04-10,Direct,Desktop,572,480,1609,0.404,21,1501.97
2025-04-10,Direct,Mobile,661,499,1493,0.4,16,943.48
2025-04-10,Direct,Tablet,135,113,306,0.314,3,159.91
2025-04-10,Email,Desktop,205,165,588,0.412,11,533.57
2025-04-10,Email,Mobile,250,199,614,0.444,8,634.34
2025-04-10,Email,Tablet,51,42,105,0.32,2,101.83
2025-04-10,Organic Search,Desktop,1081,927,3128,0.304,32,1559.75
2025-04-10,Organic Search,Mobile,1092,813,2916,0.52,19,1202.2
2025-04-10,Organic Search,Tablet,203,173,421,0.318,4,324.64
2025-04-10,Paid Search,Desktop,653,524,1980,0.325,30,1451.66
2025-04-10,Paid Search,Mobile,658,508,1562,0.511,14,1144.43
2025-04-10,Paid Search,Tablet,114,84,208,0.375,3,183.5
2025-04-10,Referral,Desktop,206,159,651,0.347,7,600.74
2025-04-10,Referral,Mobile,220,187,435,0.432,4,298.83
2025-04-10,Referral,Tablet,34,29,108,0.361,1,72.98
2025-04-10,Social,Desktop,485,410,1060,0.36,8,463.8
2025-04-10,Social,Mobile,571,471,1492,0.45,6,304.48
2025-04-10,Social,Tablet,98,79,266,0.367,1,56.38
2025-04-11,Direct,Desktop,650,506,1422,0.332,27,1556.42
2025-04-11,Direct,Mobile,730,553,2028,0.409,13,780.91
2025-04-11,Direct,Tablet,114,97,211,0.384,3,244.79
2025-04-11,Email,Desktop,212,157,416,0.39,10,598.76
2025-04-11,Email,Mobile,243,187,695,0.484,8,439.66
2025-04-11,Email,Tablet,39,29,94,0.37,2,101.76
2025-04-11,Organic Search,Desktop,1156,872,3146,0.415,33,2048.68
2025-04-11,Organic Search,Mobile,1250,1003,3432,0.424,16,859.76
2025-04-11,Organic Search,Tablet,212,157,608,0.414,5,437.12
2025-04-11,Paid Search,Desktop,634,526,1362,0.348,22,1518.66
2025-04-11,Paid Search,Mobile,662,535,1571,0.421,15,1265.94
2025-04-11,Paid Search,Tablet,123,97,236,0.326,4,302.74
2025-04-11,Referral,Desktop,217,180,633,0.311,7,408.02
2025-04-11,Referral,Mobile,210,176,417,0.457,5,354.89
2025-04-11,Referral,Tablet,32,24,74,0.401,1,79.75
2025-04-11,Social,Desktop,440,338,1043,0.315,8,633.59
2025-04-11,Social,Mobile,550,421,1602,0.478,6,458.13
2025-04-11,Social,Tablet,105,84,307,0.384,1,75.58
2025-04-12,Direct,Desktop,572,450,1668,0.395,22,1654.3
2025-04-12,Direct,Mobile,547,454,1502,0.413,9,590.04
2025-04-12,Direct,Tablet,105,81,249,0.414,3,211.21
2025-04-12,Email,Desktop,170,128,479,0.415,9,644.77
2025-04-12,Email,Mobile,200,150,386,0.432,6,394.45
2025-04-12,Email,Tablet,32,24,98,0.382,1,74.34
2025-04-12,Organic Search,Desktop,917,736,1916,0.348,27,2220.41
2025-04-12,Organic Search,Mobile,1107,944,3298,0.457,15,949.2
2025-04-12,Organic Search,Tablet,153,120,322,0.397,3,225.15
2025-04-12,Paid Search,Desktop,444,350,947,0.348,17,1413.15
2025-04-12,Paid Search,Mobile,537,406,1452,0.466,13,1100.35
2025-04-12,Paid Search,Tablet,90,70,278,0.337,3,229.81
2025-04-12,Referral,Desktop,163,132,321,0.412,5,424.1
2025-04-12,Referral,Mobile,193,145,446,0.438,3,170.25
2025-04-12,Referral,Tablet,27,22,85,0.32,1,72.7
2025-04-12,Social,Desktop,385,325,729,0.41,6,484.6
2025-04-12,Social,Mobile,430,323,783,0.404,4,273.95
2025-04-12,Social,Tablet,82,65,173,0.356,1,70.85
2025-04-13,Direct,Desktop,508,412,1524,0.337,19,1409.05
2025-04-13,Direct,Mobile,549,439,1141,0.487,10,616.6
2025-04-13,Direct,Tablet,93,80,190,0.358,2,121.9
2025-04-13,Email,Desktop,166,130,430,0.33,10,527.23
2025-04-13,Email,Mobile,240,203,625,0.415,7,555.02
2025-04-13,Email,Tablet,40,32,76,0.399,1,86.13
2025-04-13,Organic Search,Desktop,794,634,2344,0.389,22,1723.57
2025-04-13,Organic Search,Mobile,1000,748,3035,0.4,17,1157.47
2025-04-13,Organic Search,Tablet,179,153,555,0.374,3,197.33
2025-04-13,Paid Search,Desktop,462,359,1456,0.304,17,1031.68
2025-04-13,Paid Search,Mobile,575,446,1556,0.486,16,816.23
2025-04-13,Paid Search,Tablet,77,57,225,0.418,2,135.57
2025-04-13,Referral,Desktop,177,134,449,0.383,5,429.22
2025-04-13,Referral,Mobile,187,146,489,0.463,4,266.6
2025-04-13,Referral,Tablet,32,26,92,0.356,1,63.96
2025-04-13,Social,Desktop,335,250,986,0.32,5,307.03
2025-04-13,Social,Mobile,452,360,870,0.405,5,365.06
2025-04-13,Social,Tablet,66,56,203,0.395,1,82.21
2025-04-14,Direct,Desktop,576,484,1354,0.361,20,1627.21
2025-04-14,Direct,Mobile,673,567,1796,0.477,13,719.2
2025-04-14,Direct,Tablet,120,99,243,0.318,3,225.77
2025-04-14,Email,Desktop,264,199,741,0.313,15,941.52
2025-04-14,Email,Mobile,311,249,884,0.455,9,620.77
2025-04-14,Email,Tablet,38,32,78,0.365,1,81.41
2025-04-14,Organic Search,Desktop,1018,810,2458,0.354,23,1190.35
2025-04-14,Organic Search,Mobile,1268,953,2991,0.52,24,1239.23
2025-04-14,Organic Search,Tablet,218,169,663,0.331,4,252.04
2025-04-14,Paid Search,Desktop,635,478,1409,0.348,32,1934.82
2025-04-14,Paid Search,Mobile,792,666,1578,0.482,19,1239.99
2025-04-14,Paid Search,Tablet,105,85,334,0.3,3,162.76
2025-04-14,Referral,Desktop,183,155,566,0.399,7,611.06
2025-04-14,Referral,Mobile,215,181,488,0.496,4,335.68
2025-04-14,Referral,Tablet,41,34,112,0.378,1,55.19
2025-04-14,Social,Desktop,466,385,1383,0.419,6,428.28
2025-04-14,Social,Mobile,604,483,1689,0.435,5,287.36
2025-04-14,Social,Tablet,84,70,248,0.346,1,73.51
2025-04-15,Direct,Desktop,720,590,1805,0.333,22,1869.57
2025-04-15,Direct,Mobile,734,619,1883,0.503,16,904.43
2025-04-15,Direct,Tablet,125,100,336,0.398,4,206.11
2025-04-15,Email,Desktop,214,163,659,0.314,9,663.94
2025-04-15,Email,Mobile,284,232,595,0.426,9,560.37
2025-04-15,Email,Tablet,50,40,118,0.363,2,130.33
2025-04-15,Organic Search,Desktop,1083,834,2574,0.38,26,2061.67
2025-04-15,Organic Search,Mobile,1261,1067,3001,0.471,21,1068.04
2025-04-15,Organic Search,Tablet,177,148,531,0.374,3,262.7
2025-04-15,Paid Search,Desktop,670,511,1319,0.355,30,2155.45
2025-04-15,Paid Search,Mobile,736,590,2324,0.503,19,1343.46
2025-04-15,Paid Search,Tablet,124,94,383,0.378,4,222.42
2025-04-15,Referral,Desktop,181,142,517,0.326,6,366.87
2025-04-15,Referral,Mobile,251,191,509,0.49,6,490.6
2025-04-15,Referral,Tablet,39,30,107,0.37,1,62.98
2025-04-15,Social,Desktop,431,337,1220,0.373,7,405.1
2025-04-15,Social,Mobile,543,417,1156,0.422,4,194.35
2025-04-15,Social,Tablet,96,77,265,0.351,1,85.96
2025-04-16,Direct,Desktop,681,536,1923,0.314,25,1309.34
2025-04-16,Direct,Mobile,665,559,1368,0.421,14,958.34
2025-04-16,Direct,Tablet,106,86,241,0.373,2,160.34
2025-04-16,Email,Desktop,211,180,405,0.325,10,749.62
2025-04-16,Email,Mobile,245,202,508,0.419,7,545.35
2025-04-16,Email,Tablet,48,40,143,0.372,2,132.98
2025-04-16,Organic Search,Desktop,941,795,1916,0.37,27,1547.97
2025-04-16,Organic Search,Mobile,1139,971,2535,0.424,20,1730.66
2025-04-16,Organic Search,Tablet,213,166,511,0.315,4,242.75
2025-04-16,Paid Search,Desktop,568,481,1207,0.326,25,2117.9
2025-04-16,Paid Search,Mobile,735,596,1454,0.429,16,1036.9
2025-04-16,Paid Search,Tablet,125,95,331,0.398,4,312.59
2025-04-16,Referral,Desktop,182,156,412,0.321,5,325.62
2025-04-16,Referral,Mobile,208,156,423,0.45,4,307.78
2025-04-16,Referral,Tablet,32,25,73,0.322,1,69.63
2025-04-16,Social,Desktop,527,434,1511,0.345,8,464.35
2025-04-16,Social,Mobile,576,455,1835,0.44,4,293.58
2025-04-16,Social,Tablet,102,85,302,0.328,1,79.3
2025-04-17,Direct,Desktop,605,518,1186,0.379,25,1258.21
2025-04-17,Direct,Mobile,703,593,2093,0.486,14,900.15
2025-04-17,Direct,Tablet,113,95,273,0.402,2,173.48
2025-04-17,Email,Desktop,251,199,683,0.376,12,1006.3
2025-04-17,Email,Mobile,306,227,559,0.462,10,646.27
2025-04-17,Email,Tablet,45,38,97,0.408,2,134.74
2025-04-17,Organic Search,Desktop,1090,867,1968,0.373,34,2479.75
2025-04-17,Organic Search,Mobile,1451,1135,3193,0.402,24,1274.34
2025-04-17,Organic Search,Tablet,199,160,437,0.31,4,213.01
2025-04-17,Paid Search,Desktop,579,437,1677,0.362,29,1454.42
2025-04-17,Paid Search,Mobile,686,539,1602,0.467,14,857.51
2025-04-17,Paid Search,Tablet,114,96,301,0.306,4,303.35
2025-04-17,Referral,Desktop,183,147,452,0.32,5,346.61
2025-04-17,Referral,Mobile,214,179,450,0.424,4,243.82
2025-04-17,Referral,Tablet,39,31,93,0.352,1,66.05
2025-04-17,Social,Desktop,420,320,1044,0.36,7,554.08
2025-04-17,Social,Mobile,637,528,1912,0.519,6,344.07
2025-04-17,Social,Tablet,106,83,218,0.364,1,52.39
2025-04-18,Direct,Desktop,689,557,1739,0.307,22,1376.47
2025-04-18,Direct,Mobile,778,636,2010,0.444,14,673.6
2025-04-18,Direct,Tablet,124,93,263,0.385,3,216.69
2025-04-18,Email,Desktop,266,199,612,0.335,16,900.6
2025-04-18,Email,Mobile,246,193,687,0.478,8,554.86
2025-04-18,Email,Tablet,39,32,100,0.411,1,64.54
2025-04-18,Organic Search,Desktop,1160,895,3034,0.379,25,1866.46
2025-04-18,Organic Search,Mobile,1381,1129,3656,0.457,26,1481.77
2025-04-18,Organic Search,Tablet,189,142,341,0.396,3,216.69
2025-04-18,Paid Search,Desktop,573,492,1124,0.355,23,1740.13
2025-04-18,Paid Search,Mobile,623,500,1830,0.423,17,1101.46
2025-04-18,Paid Search,Tablet,123,101,277,0.387,4,313.16
2025-04-18,Referral,Desktop,196,151,552,0.312,6,450.52
2025-04-18,Referral,Mobile,263,220,749,0.45,5,268.21
2025-04-18,Referral,Tablet,40,34,74,0.405,1,61.97
2025-04-18,Social,Desktop,479,411,1461,0.3,9,508.33
2025-04-18,Social,Mobile,639,485,1254,0.455,6,437.78
2025-04-18,Social,Tablet,87,67,186,0.311,1,68.86
2025-04-19,Direct,Desktop,493,423,1360,0.353,19,979.88
2025-04-19,Direct,Mobile,551,418,1706,0.417,9,779.06
2025-04-19,Direct,Tablet,100,78,273,0.418,2,132.28
2025-04-19,Email,Desktop,206,173,612,0.315,12,782.62
2025-04-19,Email,Mobile,201,151,456,0.43,5,253.5
2025-04-19,Email,Tablet,41,31,101,0.372,2,159.75
2025-04-19,Organic Search,Desktop,941,783,1844,0.343,24,1998.14
2025-04-19,Organic Search,Mobile,959,790,2860,0.479,15,961.64
2025-04-19,Organic Search,Tablet,145,121,295,0.413,2,134.02
2025-04-19,Paid Search,Desktop,413,338,1277,0.32,15,1216.55
2025-04-19,Paid Search,Mobile,486,360,1228,0.429,10,523.69
2025-04-19,Paid Search,Tablet,85,67,189,0.302,3,189.84
2025-04-19,Referral,Desktop,173,148,354,0.389,6,421.62
2025-04-19,Referral,Mobile,185,153,394,0.468,3,258.75
2025-04-19,Referral,Tablet,30,23,58,0.369,1,61.3
2025-04-19,Social,Desktop,335,265,670,0.324,4,267.45
2025-04-19,Social,Mobile,529,420,1026,0.401,5,340.84
2025-04-19,Social,Tablet,65,50,131,0.345,1,49.02
2025-04-20,Direct,Desktop,532,433,1393,0.319,20,1299.51
2025-04-20,Direct,Mobile,528,414,1166,0.49,10,584.73
2025-04-20,Direct,Tablet,99,78,184,0.333,2,109.22
2025-04-20,Email,Desktop,200,157,504,0.41,10,660.09
2025-04-20,Email,Mobile,254,209,583,0.433,7,557.11
2025-04-20,Email,Tablet,32,27,73,0.356,1,54.23
2025-04-20,Organic Search,Desktop,879,745,1978,0.415,21,1644.71
2025-04-20,Organic Search,Mobile,954,748,2632,0.476,17,838.5
2025-04-20,Organic Search,Tablet,179,135,447,0.343,3,154.15
2025-04-20,Paid Search,Desktop,442,339,1287,0.356,16,1296.18
2025-04-20,Paid Search,Mobile,571,455,1030,0.483,14,1036.6
2025-04-20,Paid Search,Tablet,79,63,164,0.322,2,113.26
2025-04-20,Referral,Desktop,141,108,288,0.386,5,299.54
2025-04-20,Referral,Mobile,174,138,318,0.483,3,263.89
2025-04-20,Referral,Tablet,25,20,78,0.314,1,63.43
2025-04-20,Social,Desktop,378,289,724,0.419,6,372.76
2025-04-20,Social,Mobile,403,306,792,0.474,3,256.95
2025-04-20,Social,Tablet,79,61,215,0.339,1,84.72
2025-04-21,Direct,Desktop,723,615,1636,0.386,20,1337.36
2025-04-21,Direct,Mobile,825,649,2350,0.432,19,1074.31
2025-04-21,Direct,Tablet,132,104,307,0.327,3,248.86
2025-04-21,Email,Desktop,251,202,772,0.337,13,983.05
2025-04-21,Email,Mobile,256,214,814,0.45,8,413.93
2025-04-21,Email,Tablet,42,34,126,0.357,1,77.64
2025-04-21,Organic Search,Desktop,1225,995,2627,0.345,28,2302.53
2025-04-21,Organic Search,Mobile,1237,922,2544,0.518,22,1259.64
2025-04-21,Organic Search,Tablet,180,140,450,0.399,4,206.55
2025-04-21,Paid Search,Desktop,613,483,1250,0.373,27,2060.98
2025-04-21,Paid Search,Mobile,775,626,1660,0.511,16,1304.78
2025-04-21,Paid Search,Tablet,105,86,264,0.395,3,147.09
2025-04-21,Referral,Desktop,205,158,531,0.389,7,608.14
2025-04-21,Referral,Mobile,202,167,462,0.415,3,149.2
2025-04-21,Referral,Tablet,39,32,84,0.306,1,85.29
2025-04-21,Social,Desktop,417,348,1315,0.351,6,417.37
2025-04-21,Social,Mobile,499,409,1116,0.434,5,379.29
2025-04-21,Social,Tablet,83,63,175,0.335,1,77.21
2025-04-22,Direct,Desktop,707,561,1306,0.339,27,1492.0
2025-04-22,Direct,Mobile,789,654,2403,0.446,19,1119.43
2025-04-22,Direct,Tablet,127,100,299,0.359,4,217.76
2025-04-22,Email,Desktop,267,215,843,0.415,15,753.9
2025-04-22,Email,Mobile,261,202,777,0.464,9,485.66
2025-04-22,Email,Tablet,49,36,95,0.301,2,168.51
2025-04-22,Organic Search,Desktop,1108,938,2877,0.403,30,2111.26
2025-04-22,Organic Search,Mobile,1377,1050,3765,0.504,19,1183.95
2025-04-22,Organic Search,Tablet,188,154,554,0.355,4,330.92
2025-04-22,Paid Search,Desktop,519,416,1455,0.325,23,1417.39
2025-04-22,Paid Search,Mobile,779,669,2191,0.415,17,1193.15
2025-04-22,Paid Search,Tablet,114,94,276,0.336,3,234.44
2025-04-22,Referral,Desktop,203,165,549,0.368,6,362.76
2025-04-22,Referral,Mobile,220,181,459,0.402,4,295.87
2025-04-22,Referral,Tablet,37,29,99,0.31,1,74.23
2025-04-22,Social,Desktop,458,392,1110,0.363,8,487.04
2025-04-22,Social,Mobile,577,493,1322,0.504,6,489.49
2025-04-22,Social,Tablet,97,79,272,0.314,1,52.54
2025-04-23,Direct,Desktop,668,550,1294,0.376,26,1571.21
2025-04-23,Direct,Mobile,804,596,1527,0.478,16,843.24
2025-04-23,Direct,Tablet,113,91,327,0.342,3,248.13
2025-04-23,Email,Desktop,247,188,738,0.337,15,810.26
2025-04-23,Email,Mobile,270,207,828,0.499,7,365.31
2025-04-23,Email,Tablet,49,37,110,0.343,2,116.92
2025-04-23,Organic Search,Desktop,1196,957,3131,0.406,26,1778.4
2025-04-23,Organic Search,Mobile,1271,1049,3670,0.516,22,1841.83
2025-04-23,Organic Search,Tablet,190,146,483,0.37,4,224.86
2025-04-23,Paid Search,Desktop,610,496,1616,0.32,26,1728.15
2025-04-23,Paid Search,Mobile,711,570,1670,0.507,20,1285.4
2025-04-23,Paid Search,Tablet,126,99,288,0.356,4,253.36
2025-04-23,Referral,Desktop,200,169,542,0.397,7,596.66
2025-04-23,Referral,Mobile,200,155,565,0.505,4,244.21
2025-04-23,Referral,Tablet,36,30,97,0.4,1,54.66
2025-04-23,Social,Desktop,549,439,1172,0.337,10,507.45
2025-04-23,Social,Mobile,563,451,1393,0.42,6,440.13
2025-04-23,Social,Tablet,90,75,257,0.377,1,70.74
2025-04-24,Direct,Desktop,636,497,1335,0.355,26,1446.46
2025-04-24,Direct,Mobile,686,515,1719,0.402,12,1035.61
2025-04-24,Direct,Tablet,127,109,242,0.419,3,158.84
2025-04-24,Email,Desktop,212,177,403,0.392,12,992.48
2025-04-24,Email,Mobile,245,189,561,0.469,6,365.99
2025-04-24,Email,Tablet,47,37,107,0.382,2,127.4
2025-04-24,Organic Search,Desktop,1135,964,3427,0.314,29,2107.99
2025-04-24,Organic Search,Mobile,1387,1112,2963,0.434,19,1297.41
2025-04-24,Organic Search,Tablet,193,165,498,0.315,3,195.58
2025-04-24,Paid Search,Desktop,589,502,1537,0.417,28,2156.87
2025-04-24,Paid Search,Mobile,805,631,1910,0.435,24,1255.63
2025-04-24,Paid Search,Tablet,122,91,284,0.364,3,204.79
2025-04-24,Referral,Desktop,197,154,367,0.305,5,295.27
2025-04-24,Referral,Mobile,220,171,681,0.46,3,253.06
2025-04-24,Referral,Tablet,33,25,83,0.419,1,51.75
2025-04-24,Social,Desktop,442,343,886,0.322,7,542.71
2025-04-24,Social,Mobile,538,424,1046,0.441,4,242.5
2025-04-24,Social,Tablet,79,64,155,0.321,1,74.12
2025-04-25,Direct,Desktop,604,462,1920,0.374,18,864.9
2025-04-25,Direct,Mobile,865,670,1963,0.51,15,751.51
2025-04-25,Direct,Tablet,109,85,242,0.385,3,195.53
2025-04-25,Email,Desktop,254,210,517,0.328,14,945.31
2025-04-25,Email,Mobile,287,228,539,0.478,10,562.4
2025-04-25,Email,Tablet,47,38,105,0.314,2,160.4
2025-04-25,Organic Search,Desktop,1226,923,3895,0.384,28,1505.11
2025-04-25,Organic Search,Mobile,1136,925,3248,0.469,20,1512.81
2025-04-25,Organic Search,Tablet,204,162,416,0.323,4,216.26
2025-04-25,Paid Search,Desktop,540,431,1096,0.364,24,2040.99
2025-04-25,Paid Search,Mobile,783,609,1914,0.482,24,1978.34
2025-04-25,Paid Search,Tablet,128,99,354,0.319,4,229.65
2025-04-25,Referral,Desktop,202,150,556,0.302,7,562.72
2025-04-25,Referral,Mobile,213,173,668,0.446,4,230.8
2025-04-25,Referral,Tablet,36,31,109,0.321,1,60.88
2025-04-25,Social,Desktop,516,420,1055,0.393,6,484.46
2025-04-25,Social,Mobile,498,396,1475,0.484,5,257.23
2025-04-25,Social,Tablet,105,79,190,0.368,1,52.42
2025-04-26,Direct,Desktop,521,391,1144,0.346,15,959.45
2025-04-26,Direct,Mobile,664,531,1698,0.501,16,1312.27
2025-04-26,Direct,Tablet,85,67,155,0.342,2,163.01
2025-04-26,Email,Desktop,170,129,392,0.318,8,535.6
2025-04-26,Email,Mobile,219,170,574,0.43,7,402.4
2025-04-26,Email,Tablet,41,33,117,0.349,2,145.25
2025-04-26,Organic Search,Desktop,800,617,2153,0.409,24,1756.2
2025-04-26,Organic Search,Mobile,1000,781,2503,0.482,14,777.02
2025-04-26,Organic Search,Tablet,148,111,393,0.308,3,239.84
2025-04-26,Paid Search,Desktop,423,335,1266,0.359,15,1087.43
2025-04-26,Paid Search,Mobile,633,477,1265,0.441,18,1224.76
2025-04-26,Paid Search,Tablet,81,65,209,0.343,2,98.51
2025-04-26,Referral,Desktop,149,124,344,0.319,6,440.19
2025-04-26,Referral,Mobile,163,139,351,0.496,3,231.91
2025-04-26,Referral,Tablet,27,20,72,0.407,1,66.05
2025-04-26,Social,Desktop,408,309,986,0.408,5,380.22
2025-04-26,Social,Mobile,413,348,1254,0.504,4,232.52
2025-04-26,Social,Tablet,79,59,174,0.416,1,83.35
2025-04-27,Direct,Desktop,572,451,1489,0.361,23,1973.53
2025-04-27,Direct,Mobile,531,394,1077,0.412,9,519.14
2025-04-27,Direct,Tablet,89,76,281,0.313,3,174.53
2025-04-27,Email,Desktop,178,141,387,0.403,9,645.21
2025-04-27,Email,Mobile,246,191,495,0.472,7,371.3
2025-04-27,Email,Tablet,35,28,81,0.324,1,57.82
2025-04-27,Organic Search,Desktop,846,693,1717,0.399,24,1418.91
2025-04-27,Organic Search,Mobile,1155,986,2745,0.424,20,1109.64
2025-04-27,Organic Search,Tablet,185,138,575,0.319,3,252.31
2025-04-27,Paid Search,Desktop,437,343,942,0.329,17,1476.92
2025-04-27,Paid Search,Mobile,585,469,1531,0.456,17,927.92
2025-04-27,Paid Search,Tablet,80,64,205,0.319,2,138.64
2025-04-27,Referral,Desktop,175,134,500,0.392,5,403.94
2025-04-27,Referral,Mobile,185,143,561,0.432,4,200.81
2025-04-27,Referral,Tablet,27,21,64,0.314,1,50.15
2025-04-27,Social,Desktop,404,314,1118,0.393,7,507.83
2025-04-27,Social,Mobile,400,321,882,0.475,4,332.83
2025-04-27,Social,Tablet,74,57,229,0.304,1,67.8
2025-04-28,Direct,Desktop,638,489,1420,0.337,26,2033.91
2025-04-28,Direct,Mobile,826,694,1752,0.438,21,1154.96
2025-04-28,Direct,Tablet,140,108,391,0.392,3,180.02
2025-04-28,Email,Desktop,206,168,438,0.338,9,613.36
2025-04-28,Email,Mobile,319,256,864,0.487,10,691.69
2025-04-28,Email,Tablet,51,39,154,0.339,2,142.97
2025-04-28,Organic Search,Desktop,973,726,3001,0.407,24,1188.84
2025-04-28,Organic Search,Mobile,1200,1016,2774,0.5,19,1194.02
2025-04-28,Organic Search,Tablet,177,150,553,0.36,4,261.61
2025-04-28,Paid Search,Desktop,646,496,1575,0.372,25,1916.41
2025-04-28,Paid Search,Mobile,815,636,1738,0.514,23,1675.18
2025-04-28,Paid Search,Tablet,115,87,286,0.404,3,260.7
2025-04-28,Referral,Desktop,179,151,483,0.409,6,498.84
2025-04-28,Referral,Mobile,208,175,437,0.462,5,414.38
2025-04-28,Referral,Tablet,38,30,79,0.397,1,61.66
2025-04-28,Social,Desktop,535,456,1010,0.324,9,533.97
2025-04-28,Social,Mobile,600,497,1376,0.479,4,288.1
2025-04-28,Social,Tablet,85,66,209,0.315,1,83.42
2025-04-29,Direct,Desktop,559,414,1267,0.313,18,1435.13
2025-04-29,Direct,Mobile,682,539,1339,0.44,14,903.29
2025-04-29,Direct,Tablet,136,108,393,0.311,3,222.24
2025-04-29,Email,Desktop,266,215,503,0.408,15,1189.45
2025-04-29,Email,Mobile,302,240,775,0.462,10,505.53
2025-04-29,Email,Tablet,40,34,124,0.388,1,74.05
2025-04-29,Organic Search,Desktop,1003,850,2437,0.41,28,2238.81
2025-04-29,Organic Search,Mobile,1379,1070,4292,0.436,20,1325.08
2025-04-29,Organic Search,Tablet,187,148,439,0.349,4,312.72
2025-04-29,Paid Search,Desktop,603,472,1759,0.376,24,2017.61
2025-04-29,Paid Search,Mobile,683,579,1278,0.418,15,1065.34
2025-04-29,Paid Search,Tablet,127,101,372,0.416,4,196.32
2025-04-29,Referral,Desktop,187,144,378,0.383,6,455.97
2025-04-29,Referral,Mobile,254,189,620,0.419,5,254.4
2025-04-29,Referral,Tablet,41,33,80,0.317,1,82.51
2025-04-29,Social,Desktop,430,352,1268,0.388,6,387.28
2025-04-29,Social,Mobile,661,545,1391,0.464,6,347.47
2025-04-29,Social,Tablet,94,77,232,0.324,1,75.24
2025-04-30,Direct,Desktop,574,455,1581,0.332,20,1476.96
2025-04-30,Direct,Mobile,846,633,2278,0.414,17,1213.49
2025-04-30,Direct,Tablet,134,103,350,0.318,3,213.86
2025-04-30,Email,Desktop,234,186,475,0.405,12,676.6
2025-04-30,Email,Mobile,291,240,604,0.418,9,600.83
2025-04-30,Email,Tablet,43,33,123,0.311,2,152.44
2025-04-30,Organic Search,Desktop,1118,867,3286,0.304,34,1679.21
2025-04-30,Organic Search,Mobile,1267,971,3501,0.417,21,1097.51
2025-04-30,Organic Search,Tablet,177,151,548,0.312,3,153.71
2025-04-30,Paid Search,Desktop,593,457,1438,0.407,25,1680.43
2025-04-30,Paid Search,Mobile,757,561,1931,0.494,19,1412.41
2025-04-30,Paid Search,Tablet,117,87,319,0.387,3,150.62
2025-04-30,Referral,Desktop,168,130,335,0.351,6,449.84
2025-04-30,Referral,Mobile,203,158,553,0.465,4,337.73
2025-04-30,Referral,Tablet,41,32,81,0.322,1,55.31
2025-04-30,Social,Desktop,451,344,1380,0.369,7,498.38
2025-04-30,Social,Mobile,648,536,1925,0.452,6,343.08
2025-04-30,Social,Tablet,80,68,177,0.332,1,75.82
2025-05-01,Direct,Desktop,749,616,1366,0.385,28,1894.79
2025-05-01,Direct,Mobile,661,514,1282,0.438,15,748.32
2025-05-01,Direct,Tablet,124,105,284,0.398,3,145.04
2025-05-01,Email,Desktop,217,166,601,0.324,11,919.28
2025-05-01,Email,Mobile,273,234,768,0.519,8,585.18
2025-05-01,Email,Tablet,48,36,117,0.353,2,128.4
2025-05-01,Organic Search,Desktop,946,750,2596,0.321,25,1690.6
2025-05-01,Organic Search,Mobile,1224,1020,3213,0.469,20,1132.34
2025-05-01,Organic Search,Tablet,235,174,627,0.32,4,303.98
2025-05-01,Paid Search,Desktop,648,494,1485,0.388,33,2145.42
2025-05-01,Paid Search,Mobile,683,567,1878,0.432,20,1240.59
2025-05-01,Paid Search,Tablet,112,93,333,0.308,4,320.8
2025-05-01,Referral,Desktop,203,161,614,0.326,7,612.66
2025-05-01,Referral,Mobile,241,202,508,0.402,5,434.13
2025-05-01,Referral,Tablet,38,30,81,0.32,1,60.03
2025-05-01,Social,Desktop,506,403,1365,0.325,9,780.64
2025-05-01,Social,Mobile,548,461,1261,0.445,5,369.0
2025-05-01,Social,Tablet,101,76,222,0.408,1,62.59
2025-05-02,Direct,Desktop,583,484,1526,0.376,23,1165.31
2025-05-02,Direct,Mobile,809,619,1716,0.492,16,1329.81
2025-05-02,Direct,Tablet,135,115,381,0.393,4,285.98
2025-05-02,Email,Desktop,233,190,464,0.386,12,935.26
2025-05-02,Email,Mobile,260,210,597,0.501,7,575.45
2025-05-02,Email,Tablet,50,42,154,0.337,2,154.71
2025-05-02,Organic Search,Desktop,1009,851,3026,0.406,23,1674.64
2025-05-02,Organic Search,Mobile,1307,1003,2698,0.475,22,1657.35
2025-05-02,Organic Search,Tablet,187,145,467,0.354,3,227.53
2025-05-02,Paid Search,Desktop,666,497,1287,0.301,33,2230.6
2025-05-02,Paid Search,Mobile,670,499,2017,0.483,16,879.19
2025-05-02,Paid Search,Tablet,130,109,301,0.332,3,228.07
2025-05-02,Referral,Desktop,175,138,488,0.357,5,282.68
2025-05-02,Referral,Mobile,267,201,683,0.447,5,425.19
2025-05-02,Referral,Tablet,39,32,71,0.376,1,87.16
2025-05-02,Social,Desktop,481,382,1102,0.349,8,624.32
2025-05-02,Social,Mobile,649,507,1500,0.403,7,561.94
2025-05-02,Social,Tablet,100,80,221,0.311,1,56.02
2025-05-03,Direct,Desktop,568,458,1024,0.405,23,1689.47
2025-05-03,Direct,Mobile,704,571,2086,0.419,16,1293.58
2025-05-03,Direct,Tablet,111,94,220,0.321,2,171.29
2025-05-03,Email,Desktop,172,142,359,0.401,10,543.12
2025-05-03,Email,Mobile,206,168,432,0.491,6,350.76
2025-05-03,Email,Tablet,39,29,92,0.388,2,96.19
2025-05-03,Organic Search,Desktop,915,741,2779,0.372,26,2085.33
2025-05-03,Organic Search,Mobile,1074,823,3264,0.517,14,818.35
2025-05-03,Organic Search,Tablet,175,134,431,0.394,4,215.06
2025-05-03,Paid Search,Desktop,546,437,1744,0.358,24,1471.9
2025-05-03,Paid Search,Mobile,650,498,1980,0.414,20,1234.62
2025-05-03,Paid Search,Tablet,82,70,170,0.403,2,143.0
2025-05-03,Referral,Desktop,164,135,412,0.399,6,349.38
2025-05-03,Referral,Mobile,193,163,430,0.481,4,256.88
2025-05-03,Referral,Tablet,32,25,77,0.408,1,53.78
2025-05-03,Social,Desktop,436,326,904,0.347,7,413.46
2025-05-03,Social,Mobile,513,397,985,0.401,5,415.57
2025-05-03,Social,Tablet,82,64,186,0.348,1,65.77
2025-05-04,Direct,Desktop,557,459,1733,0.302,16,1401.88
2025-05-04,Direct,Mobile,545,435,1191,0.493,10,532.01
2025-05-04,Direct,Tablet,104,80,240,0.382,2,168.65
2025-05-04,Email,Desktop,182,140,568,0.411,10,604.78
2025-05-04,Email,Mobile,251,213,678,0.476,7,537.04
2025-05-04,Email,Tablet,35,29,70,0.334,1,79.15
2025-05-04,Organic Search,Desktop,818,664,1614,0.368,22,1561.57
2025-05-04,Organic Search,Mobile,1126,865,2252,0.438,17,1266.54
2025-05-04,Organic Search,Tablet,184,150,574,0.353,3,209.26
2025-05-04,Paid Search,Desktop,419,328,785,0.399,17,984.68
2025-05-04,Paid Search,Mobile,615,471,1242,0.463,16,1075.12
2025-05-04,Paid Search,Tablet,78,59,203,0.334,3,182.73
2025-05-04,Referral,Desktop,142,115,322,0.312,4,276.4
2025-05-04,Referral,Mobile,177,144,512,0.502,3,226.5
2025-05-04,Referral,Tablet,32,27,79,0.387,1,62.34
2025-05-04,Social,Desktop,421,339,1330,0.356,5,404.59
2025-05-04,Social,Mobile,494,413,1321,0.42,5,279.62
2025-05-04,Social,Tablet,75,63,183,0.326,1,55.17
2025-05-05,Direct,Desktop,579,490,1649,0.357,21,1658.4
2025-05-05,Direct,Mobile,756,572,1530,0.448,17,1224.1
2025-05-05,Direct,Tablet,139,107,309,0.328,4,228.17
2025-05-05,Email,Desktop,260,214,799,0.311,15,963.66
2025-05-05,Email,Mobile,244,210,473,0.495,8,605.49
2025-05-05,Email,Tablet,43,33,129,0.355,2,144.34
2025-05-05,Organic Search,Desktop,1220,973,2651,0.322,30,1701.14
2025-05-05,Organic Search,Mobile,1211,897,2506,0.448,20,1460.49
2025-05-05,Organic Search,Tablet,211,166,562,0.348,5,332.85
2025-05-05,Paid Search,Desktop,627,513,1175,0.356,27,1644.52
2025-05-05,Paid Search,Mobile,797,672,2376,0.443,21,1054.6
2025-05-05,Paid Search,Tablet,97,80,268,0.329,3,198.41
2025-05-05,Referral,Desktop,178,148,442,0.365,4,200.87
2025-05-05,Referral,Mobile,237,177,724,0.443,4,339.43
2025-05-05,Referral,Tablet,36,31,84,0.358,1,49.73
2025-05-05,Social,Desktop,539,422,978,0.305,7,540.11
2025-05-05,Social,Mobile,655,496,1183,0.457,7,412.93
2025-05-05,Social,Tablet,83,70,165,0.375,1,56.07
2025-05-06,Direct,Desktop,750,566,1730,0.39,28,1607.57
2025-05-06,Direct,Mobile,750,566,1554,0.519,14,838.39
2025-05-06,Direct,Tablet,121,91,297,0.335,3,177.53
2025-05-06,Email,Desktop,208,165,591,0.324,12,699.33
2025-05-06,Email,Mobile,323,240,790,0.485,10,756.39
2025-05-06,Email,Tablet,42,33,109,0.304,2,120.64
2025-05-06,Organic Search,Desktop,1002,759,3035,0.335,32,2512.29
2025-05-06,Organic Search,Mobile,1249,1041,2983,0.473,21,1661.68
2025-05-06,Organic Search,Tablet,186,148,429,0.346,3,245.53
2025-05-06,Paid Search,Desktop,595,470,1336,0.339,29,2037.16
2025-05-06,Paid Search,Mobile,805,630,2513,0.446,18,994.13
2025-05-06,Paid Search,Tablet,130,110,320,0.353,5,393.59
2025-05-06,Referral,Desktop,208,170,450,0.319,6,400.92
2025-05-06,Referral,Mobile,223,172,440,0.474,5,429.43
2025-05-06,Referral,Tablet,41,32,116,0.368,1,87.1
2025-05-06,Social,Desktop,439,327,1215,0.35,6,499.39
2025-05-06,Social,Mobile,541,408,1042,0.475,5,296.63
2025-05-06,Social,Tablet,100,80,207,0.341,1,64.32
2025-05-07,Direct,Desktop,604,512,1753,0.377,21,1830.38
2025-05-07,Direct,Mobile,855,701,2627,0.484,16,1312.9
2025-05-07,Direct,Tablet,117,94,365,0.402,3,194.59
2025-05-07,Email,Desktop,247,212,689,0.354,15,811.75
2025-05-07,Email,Mobile,302,224,877,0.409,8,524.73
2025-05-07,Email,Tablet,48,38,91,0.392,1,48.46
2025-05-07,Organic Search,Desktop,1093,907,3114,0.378,23,1565.22
2025-05-07,Organic Search,Mobile,1311,1025,3360,0.448,19,1627.51
2025-05-07,Organic Search,Tablet,215,170,652,0.352,4,320.91
2025-05-07,Paid Search,Desktop,610,504,1327,0.381,24,1556.92
2025-05-07,Paid Search,Mobile,614,526,1490,0.458,14,1067.32
2025-05-07,Paid Search,Tablet,126,103,245,0.409,3,194.08
2025-05-07,Referral,Desktop,196,148,491,0.354,6,430.62
2025-05-07,Referral,Mobile,265,199,524,0.411,4,347.2
2025-05-07,Referral,Tablet,36,27,86,0.363,1,70.23
2025-05-07,Social,Desktop,542,423,1022,0.302,7,421.04
2025-05-07,Social,Mobile,577,458,1639,0.439,4,239.67
2025-05-07,Social,Tablet,92,69,229,0.345,1,63.79
2025-05-08,Direct,Desktop,716,583,1920,0.373,27,1508.5
2025-05-08,Direct,Mobile,731,545,2297,0.458,15,1258.62
2025-05-08,Direct,Tablet,127,101,396,0.315,3,258.72
2025-05-08,Email,Desktop,207,160,500,0.398,9,508.05
2025-05-08,Email,Mobile,273,207,526,0.479,10,643.97
2025-05-08,Email,Tablet,43,33,89,0.392,2,168.19
2025-05-08,Organic Search,Desktop,1132,952,2801,0.385,35,3044.25
2025-05-08,Organic Search,Mobile,1408,1134,3079,0.492,25,1745.07
2025-05-08,Organic Search,Tablet,189,154,347,0.396,4,324.0
2025-05-08,Paid Search,Desktop,673,537,1218,0.326,29,2143.58
2025-05-08,Paid Search,Mobile,716,609,1415,0.413,17,1196.68
2025-05-08,Paid Search,Tablet,125,93,345,0.405,4,327.43
2025-05-08,Referral,Desktop,214,175,586,0.317,7,567.77
2025-05-08,Referral,Mobile,244,184,727,0.499,4,347.22
2025-05-08,Referral,Tablet,42,33,134,0.327,1,79.66
2025-05-08,Social,Desktop,559,455,1124,0.388,9,433.84
2025-05-08,Social,Mobile,584,491,1458,0.511,6,505.05
2025-05-08,Social,Tablet,84,64,226,0.35,1,76.59
2025-05-09,Direct,Desktop,605,505,1624,0.401,19,1527.89
2025-05-09,Direct,Mobile,781,584,1639,0.402,14,781.42
2025-05-09,Direct,Tablet,124,103,330,0.34,3,214.17
2025-05-09,Email,Desktop,273,217,749,0.416,16,879.39
2025-05-09,Email,Mobile,291,218,729,0.447,8,480.76
2025-05-09,Email,Tablet,46,39,105,0.323,2,167.15
2025-05-09,Organic Search,Desktop,938,771,2312,0.353,23,1208.61
2025-05-09,Organic Search,Mobile,1280,985,3374,0.454,18,1560.6
2025-05-09,Organic Search,Tablet,231,184,655,0.378,5,396.86
2025-05-09,Paid Search,Desktop,608,521,1903,0.369,22,1847.66
2025-05-09,Paid Search,Mobile,809,646,1985,0.408,23,1596.94
2025-05-09,Paid Search,Tablet,108,82,234,0.402,3,257.21
2025-05-09,Referral,Desktop,168,132,333,0.378,6,395.89
2025-05-09,Referral,Mobile,231,172,601,0.407,4,206.25
2025-05-09,Referral,Tablet,36,31,86,0.323,1,68.6
2025-05-09,Social,Desktop,564,476,1629,0.302,9,608.03
2025-05-09,Social,Mobile,568,437,1159,0.504,5,267.49
2025-05-09,Social,Tablet,105,79,313,0.383,1,87.9
2025-05-10,Direct,Desktop,599,495,1839,0.357,24,1386.17
2025-05-10,Direct,Mobile,682,520,1299,0.485,15,852.73
2025-05-10,Direct,Tablet,108,92,246,0.343,3,232.67
2025-05-10,Email,Desktop,200,149,417,0.373,9,534.79
2025-05-10,Email,Mobile,195,152,471,0.506,6,352.44
2025-05-10,Email,Tablet,34,28,72,0.371,1,51.19
2025-05-10,Organic Search,Desktop,857,702,2085,0.36,19,1580.87
2025-05-10,Organic Search,Mobile,1131,881,2190,0.51,18,973.53
2025-05-10,Organic Search,Tablet,171,144,458,0.357,3,185.75
2025-05-10,Paid Search,Desktop,413,344,1320,0.416,16,1245.4
2025-05-10,Paid Search,Mobile,653,484,1978,0.499,17,1172.4
2025-05-10,Paid Search,Tablet,78,62,222,0.318,2,110.03
2025-05-10,Referral,Desktop,165,141,336,0.35,4,324.29
2025-05-10,Referral,Mobile,186,155,589,0.503,4,247.93
2025-05-10,Referral,Tablet,28,22,79,0.317,1,80.27
2025-05-10,Social,Desktop,345,260,879,0.328,5,360.93
2025-05-10,Social,Mobile,496,386,1273,0.428,4,230.09
2025-05-10,Social,Tablet,76,62,239,0.349,1,67.03
2025-05-11,Direct,Desktop,535,401,1408,0.387,18,949.17
2025-05-11,Direct,Mobile,573,456,1545,0.437,10,719.17
2025-05-11,Direct,Tablet,88,66,249,0.31,2,142.89
2025-05-11,Email,Desktop,167,136,389,0.344,9,738.39
2025-05-11,Email,Mobile,201,168,612,0.457,7,492.41
2025-05-11,Email,Tablet,40,32,84,0.307,1,85.83
2025-05-11,Organic Search,Desktop,882,706,2012,0.397,25,1895.67
2025-05-11,Organic Search,Mobile,1036,776,1889,0.454,19,1576.38
2025-05-11,Organic Search,Tablet,143,112,420,0.318,2,101.16
2025-05-11,Paid Search,Desktop,499,382,927,0.393,22,1799.61
2025-05-11,Paid Search,Mobile,578,470,1698,0.476,13,755.07
2025-05-11,Paid Search,Tablet,104,89,211,0.328,3,211.27
2025-05-11,Referral,Desktop,165,130,487,0.389,5,295.12
2025-05-11,Referral,Mobile,180,153,387,0.504,4,247.65
2025-05-11,Referral,Tablet,29,22,80,0.356,1,84.32
2025-05-11,Social,Desktop,429,319,982,0.31,7,564.28
2025-05-11,Social,Mobile,525,418,1613,0.515,5,350.77
2025-05-11,Social,Tablet,84,66,182,0.357,1,48.75
2025-05-12,Direct,Desktop,639,515,1579,0.348,20,1592.49
2025-05-12,Direct,Mobile,764,643,1671,0.498,19,1449.04
2025-05-12,Direct,Tablet,141,115,332,0.336,3,235.69
2025-05-12,Email,Desktop,232,182,485,0.404,12,794.83
2025-05-12,Email,Mobile,245,209,661,0.518,8,694.88
2025-05-12,Email,Tablet,42,35,122,0.38,2,151.12
2025-05-12,Organic Search,Desktop,1195,895,2500,0.376,31,1643.88
2025-05-12,Organic Search,Mobile,1297,1104,2971,0.51,22,1641.44
2025-05-12,Organic Search,Tablet,212,161,672,0.394,5,350.71
2025-05-12,Paid Search,Desktop,584,496,1590,0.395,22,1885.19
2025-05-12,Paid Search,Mobile,699,552,1309,0.476,18,1182.06
2025-05-12,Paid Search,Tablet,129,109,284,0.333,3,203.79
2025-05-12,Referral,Desktop,217,181,617,0.349,6,373.87
2025-05-12,Referral,Mobile,243,199,556,0.449,5,390.75
2025-05-12,Referral,Tablet,35,26,80,0.348,1,76.46
2025-05-12,Social,Desktop,556,478,1061,0.317,9,642.57
2025-05-12,Social,Mobile,610,497,1471,0.411,6,332.63
2025-05-12,Social,Tablet,104,89,248,0.353,1,71.8
2025-05-13,Direct,Desktop,565,470,1310,0.313,20,1331.26
2025-05-13,Direct,Mobile,828,631,2143,0.43,17,961.29
2025-05-13,Direct,Tablet,111,89,242,0.349,2,164.93
2025-05-13,Email,Desktop,233,192,514,0.409,14,782.89
2025-05-13,Email,Mobile,294,231,847,0.427,10,571.17
2025-05-13,Email,Tablet,46,35,89,0.304,2,124.17
2025-05-13,Organic Search,Desktop,1031,841,2520,0.368,28,1939.79
2025-05-13,Organic Search,Mobile,1307,1004,2555,0.506,19,1446.29
2025-05-13,Organic Search,Tablet,195,166,579,0.345,4,208.19
2025-05-13,Paid Search,Desktop,629,533,1542,0.413,22,1171.07
2025-05-13,Paid Search,Mobile,776,654,1727,0.421,20,1583.64
2025-05-13,Paid Search,Tablet,124,100,346,0.394,4,195.71
2025-05-13,Referral,Desktop,198,167,626,0.367,6,398.98
2025-05-13,Referral,Mobile,259,218,761,0.425,5,366.57
2025-05-13,Referral,Tablet,37,27,71,0.309,1,87.76
2025-05-13,Social,Desktop,485,414,1479,0.368,7,393.29
2025-05-13,Social,Mobile,511,422,1152,0.48,5,271.45
2025-05-13,Social,Tablet,101,77,258,0.396,1,64.46
2025-05-14,Direct,Desktop,621,507,1714,0.316,26,1255.96
2025-05-14,Direct,Mobile,835,674,1725,0.436,18,1209.01
2025-05-14,Direct,Tablet,135,108,337,0.407,3,208.41
2025-05-14,Email,Desktop,246,209,510,0.338,10,562.17
2025-05-14,Email,Mobile,280,221,749,0.424,10,819.15
2025-05-14,Email,Tablet,50,37,108,0.407,2,132.35
2025-05-14,Organic Search,Desktop,1097,927,1980,0.303,29,2338.36
2025-05-14,Organic Search,Mobile,1431,1171,2995,0.424,23,1368.4
2025-05-14,Organic Search,Tablet,205,154,615,0.419,4,278.04
2025-05-14,Paid Search,Desktop,633,493,1408,0.34,27,1433.97
2025-05-14,Paid Search,Mobile,638,512,1211,0.48,14,1089.46
2025-05-14,Paid Search,Tablet,103,88,243,0.304,3,169.03
2025-05-14,Referral,Desktop,178,143,518,0.364,5,406.25
2025-05-14,Referral,Mobile,206,170,430,0.447,4,335.91
2025-05-14,Referral,Tablet,37,28,105,0.365,1,80.5
2025-05-14,Social,Desktop,498,387,1182,0.329,8,482.32
2025-05-14,Social,Mobile,555,457,1444,0.482,6,377.92
2025-05-14,Social,Tablet,95,81,241,0.386,1,53.56
2025-05-15,Direct,Desktop,654,486,1840,0.318,24,1809.05
2025-05-15,Direct,Mobile,681,523,2115,0.464,15,1018.08
2025-05-15,Direct,Tablet,143,112,298,0.364,4,257.03
2025-05-15,Email,Desktop,233,192,711,0.306,14,1135.64
2025-05-15,Email,Mobile,327,243,766,0.485,8,634.66
2025-05-15,Email,Tablet,46,37,106,0.407,1,58.65
2025-05-15,Organic Search,Desktop,1042,794,2444,0.344,30,2484.0
2025-05-15,Organic Search,Mobile,1283,979,2529,0.477,21,1614.67
2025-05-15,Organic Search,Tablet,207,164,615,0.375,4,203.8
2025-05-15,Paid Search,Desktop,654,491,1911,0.415,28,1418.04
2025-05-15,Paid Search,Mobile,815,696,2232,0.498,21,1736.95
2025-05-15,Paid Search,Tablet,124,93,307,0.308,4,302.52
2025-05-15,Referral,Desktop,174,137,511,0.317,6,318.36
2025-05-15,Referral,Mobile,259,205,582,0.445,5,415.66
2025-05-15,Referral,Tablet,35,26,92,0.388,1,48.26
2025-05-15,Social,Desktop,428,362,1155,0.374,5,295.18
2025-05-15,Social,Mobile,659,508,1586,0.461,7,553.58
2025-05-15,Social,Tablet,93,80,174,0.361,1,73.82
2025-05-16,Direct,Desktop,606,504,1853,0.375,24,1629.59
2025-05-16,Direct,Mobile,881,695,1699,0.44,21,1796.34
2025-05-16,Direct,Tablet,114,95,229,0.326,3,231.86
2025-05-16,Email,Desktop,246,200,730,0.408,14,890.82
2025-05-16,Email,Mobile,325,272,751,0.491,8,580.13
2025-05-16,Email,Tablet,51,41,136,0.41,2,120.03
2025-05-16,Organic Search,Desktop,1160,885,2362,0.36,34,2829.62
2025-05-16,Organic Search,Mobile,1327,1096,4157,0.415,19,987.42
2025-05-16,Organic Search,Tablet,202,173,602,0.325,4,318.37
2025-05-16,Paid Search,Desktop,652,541,1995,0.408,26,2204.77
2025-05-16,Paid Search,Mobile,630,487,1851,0.491,14,863.86
2025-05-16,Paid Search,Tablet,122,101,291,0.367,3,171.03
2025-05-16,Referral,Desktop,171,133,385,0.351,5,437.5
2025-05-16,Referral,Mobile,220,165,425,0.432,4,335.09
2025-05-16,Referral,Tablet,35,27,108,0.38,1,54.3
2025-05-16,Social,Desktop,457,368,942,0.341,7,344.97
2025-05-16,Social,Mobile,669,524,1482,0.499,5,314.19
2025-05-16,Social,Tablet,95,72,263,0.418,1,76.8
2025-05-17,Direct,Desktop,468,394,856,0.36,17,1423.17
2025-05-17,Direct,Mobile,693,544,1252,0.439,12,1019.01
2025-05-17,Direct,Tablet,108,88,212,0.383,3,254.38
2025-05-17,Email,Desktop,181,147,371,0.352,10,781.61
2025-05-17,Email,Mobile,237,204,455,0.492,6,480.03
2025-05-17,Email,Tablet,33,27,75,0.357,1,82.37
2025-05-17,Organic Search,Desktop,862,697,2226,0.309,19,944.16
2025-05-17,Organic Search,Mobile,1013,856,3224,0.418,14,708.69
2025-05-17,Organic Search,Tablet,192,153,563,0.366,3,250.44
2025-05-17,Paid Search,Desktop,421,323,767,0.332,20,1247.69
2025-05-17,Paid Search,Mobile,650,533,1621,0.461,18,1275.37
2025-05-17,Paid Search,Tablet,105,89,315,0.358,3,176.38
2025-05-17,Referral,Desktop,167,126,532,0.407,4,344.39
2025-05-17,Referral,Mobile,201,155,628,0.516,4,281.87
2025-05-17,Referral,Tablet,31,23,91,0.366,1,62.48
2025-05-17,Social,Desktop,406,326,764,0.35,5,362.39
2025-05-17,Social,Mobile,536,448,1397,0.427,4,248.03
2025-05-17,Social,Tablet,80,65,247,0.339,1,72.75
2025-05-18,Direct,Desktop,464,380,961,0.393,19,1588.9
2025-05-18,Direct,Mobile,618,461,1392,0.462,12,580.8
2025-05-18,Direct,Tablet,86,70,215,0.323,2,129.47
2025-05-18,Email,Desktop,212,158,469,0.345,13,719.28
2025-05-18,Email,Mobile,234,174,538,0.414,6,512.39
2025-05-18,Email,Tablet,36,27,109,0.374,1,78.39
2025-05-18,Organic Search,Desktop,921,742,2695,0.41,24,1599.91
2025-05-18,Organic Search,Mobile,957,733,3012,0.412,16,1183.0
2025-05-18,Organic Search,Tablet,167,133,324,0.391,3,197.9
2025-05-18,Paid Search,Desktop,431,351,1257,0.37,21,1566.83
2025-05-18,Paid Search,Mobile,558,435,1546,0.414,12,658.79
2025-05-18,Paid Search,Tablet,100,80,209,0.338,3,155.03
2025-05-18,Referral,Desktop,150,125,431,0.343,5,315.1
2025-05-18,Referral,Mobile,174,140,388,0.492,3,185.7
2025-05-18,Referral,Tablet,32,25,89,0.337,1,65.93
2025-05-18,Social,Desktop,337,260,745,0.384,5,399.78
2025-05-18,Social,Mobile,415,357,1075,0.421,4,195.65
2025-05-18,Social,Tablet,82,70,198,0.403,1,81.9
2025-05-19,Direct,Desktop,584,478,1830,0.308,24,1564.92
2025-05-19,Direct,Mobile,712,584,1848,0.417,16,1240.66
2025-05-19,Direct,Tablet,141,117,443,0.362,3,263.67
2025-05-19,Email,Desktop,242,193,471,0.351,12,946.49
2025-05-19,Email,Mobile,261,210,691,0.498,7,546.65
2025-05-19,Email,Tablet,49,42,149,0.336,2,114.22
2025-05-19,Organic Search,Desktop,1098,866,2572,0.355,24,1786.1
2025-05-19,Organic Search,Mobile,1264,968,3459,0.41,20,1099.24
2025-05-19,Organic Search,Tablet,227,182,489,0.35,3,247.87
2025-05-19,Paid Search,Desktop,640,533,1566,0.307,25,1594.11
2025-05-19,Paid Search,Mobile,686,568,1611,0.5,20,1666.18
2025-05-19,Paid Search,Tablet,102,84,306,0.314,3,182.38
2025-05-19,Referral,Desktop,222,170,479,0.353,8,703.1
2025-05-19,Referral,Mobile,206,167,385,0.499,4,347.47
2025-05-19,Referral,Tablet,40,32,103,0.3,1,79.88
2025-05-19,Social,Desktop,557,425,1419,0.308,7,540.55
2025-05-19,Social,Mobile,571,482,1079,0.409,5,389.94
2025-05-19,Social,Tablet,96,76,305,0.304,1,73.09
2025-05-20,Direct,Desktop,692,572,1298,0.306,21,1074.64
2025-05-20,Direct,Mobile,868,720,2752,0.45,16,1332.07
2025-05-20,Direct,Tablet,130,99,402,0.398,4,221.33
2025-05-20,Email,Desktop,251,198,615,0.408,15,1289.81
2025-05-20,Email,Mobile,268,207,672,0.493,8,539.36
2025-05-20,Email,Tablet,46,38,125,0.309,2,173.81
2025-05-20,Organic Search,Desktop,1045,827,2239,0.303,28,1860.74
2025-05-20,Organic Search,Mobile,1218,904,3409,0.442,22,1817.14
2025-05-20,Organic Search,Tablet,219,168,685,0.372,4,300.76
2025-05-20,Paid Search,Desktop,679,544,1281,0.316,29,2460.67
2025-05-20,Paid Search,Mobile,624,512,1777,0.461,17,1493.48
2025-05-20,Paid Search,Tablet,106,89,332,0.409,3,150.0
2025-05-20,Referral,Desktop,179,153,436,0.386,5,257.73
2025-05-20,Referral,Mobile,268,217,695,0.406,5,421.65
2025-05-20,Referral,Tablet,38,32,89,0.366,1,49.41
2025-05-20,Social,Desktop,424,344,821,0.329,6,487.32
2025-05-20,Social,Mobile,595,467,1226,0.499,5,268.42
2025-05-20,Social,Tablet,98,84,192,0.302,1,59.26
2025-05-21,Direct,Desktop,671,516,1740,0.414,25,1964.86
2025-05-21,Direct,Mobile,707,567,1893,0.492,13,745.28
2025-05-21,Direct,Tablet,135,108,396,0.397,3,260.49
2025-05-21,Email,Desktop,220,167,589,0.389,11,700.01
2025-05-21,Email,Mobile,286,245,750,0.428,10,508.73
2025-05-21,Email,Tablet,44,37,134,0.374,2,170.64
2025-05-21,Organic Search,Desktop,1246,1064,3150,0.402,27,1554.93
2025-05-21,Organic Search,Mobile,1236,974,3628,0.471,22,1583.96
2025-05-21,Organic Search,Tablet,234,193,605,0.301,4,254.78
2025-05-21,Paid Search,Desktop,594,461,1817,0.384,25,1427.96
2025-05-21,Paid Search,Mobile,734,569,1506,0.476,22,1508.35
2025-05-21,Paid Search,Tablet,115,91,316,0.371,3,180.71
2025-05-21,Referral,Desktop,209,174,438,0.397,5,339.47
2025-05-21,Referral,Mobile,225,174,482,0.44,5,341.81
2025-05-21,Referral,Tablet,39,33,71,0.41,1,77.39
2025-05-21,Social,Desktop,423,356,1138,0.352,7,505.04
2025-05-21,Social,Mobile,611,505,1452,0.407,6,377.03
2025-05-21,Social,Tablet,96,75,290,0.351,1,53.16
2025-05-22,Direct,Desktop,689,532,1691,0.378,24,1654.7
2025-05-22,Direct,Mobile,702,584,1517,0.47,15,828.6
2025-05-22,Direct,Tablet,123,93,337,0.395,3,160.83
2025-05-22,Email,Desktop,245,185,737,0.319,11,841.61
2025-05-22,Email,Mobile,296,253,542,0.474,9,707.1
2025-05-22,Email,Tablet,49,39,126,0.395,2,105.0
2025-05-22,Organic Search,Desktop,1032,778,3243,0.394,25,1775.58
2025-05-22,Organic Search,Mobile,1318,1057,3650,0.473,21,1358.17
2025-05-22,Organic Search,Tablet,180,135,546,0.392,3,161.65
2025-05-22,Paid Search,Desktop,653,530,1652,0.409,32,1893.89
2025-05-22,Paid Search,Mobile,750,575,1681,0.411,16,933.22
2025-05-22,Paid Search,Tablet,118,88,288,0.369,3,151.96
2025-05-22,Referral,Desktop,171,132,528,0.322,6,471.03
2025-05-22,Referral,Mobile,221,172,524,0.464,5,432.7
2025-05-22,Referral,Tablet,38,32,80,0.388,1,87.33
2025-05-22,Social,Desktop,503,416,933,0.394,7,444.0
2025-05-22,Social,Mobile,665,560,1971,0.475,6,332.85
2025-05-22,Social,Tablet,107,82,225,0.366,1,87.88
2025-05-23,Direct,Desktop,609,464,1745,0.336,17,1447.74
2025-05-23,Direct,Mobile,772,640,1970,0.493,18,1415.65
2025-05-23,Direct,Tablet,134,113,424,0.331,4,295.46
2025-05-23,Email,Desktop,266,206,783,0.368,12,654.93
2025-05-23,Email,Mobile,264,202,695,0.422,8,536.27
2025-05-23,Email,Tablet,49,37,111,0.344,2,143.25
2025-05-23,Organic Search,Desktop,1091,863,2921,0.322,34,2751.45
2025-05-23,Organic Search,Mobile,1279,1036,2650,0.506,16,863.92
2025-05-23,Organic Search,Tablet,182,137,352,0.368,3,251.43
2025-05-23,Paid Search,Desktop,618,520,1487,0.333,24,1280.03
2025-05-23,Paid Search,Mobile,766,594,2373,0.467,17,996.39
2025-05-23,Paid Search,Tablet,129,98,392,0.382,4,204.4
2025-05-23,Referral,Desktop,170,142,399,0.401,6,296.53
2025-05-23,Referral,Mobile,201,171,510,0.42,4,246.42
2025-05-23,Referral,Tablet,36,31,85,0.348,1,57.18
2025-05-23,Social,Desktop,545,417,1469,0.308,8,500.64
2025-05-23,Social,Mobile,668,546,1429,0.454,6,304.53
2025-05-23,Social,Tablet,91,72,199,0.3,1,71.04
2025-05-24,Direct,Desktop,521,401,1405,0.375,15,1282.65
2025-05-24,Direct,Mobile,661,499,1340,0.445,14,676.25
2025-05-24,Direct,Tablet,113,95,309,0.358,3,161.87
2025-05-24,Email,Desktop,166,126,500,0.37,7,570.75
2025-05-24,Email,Mobile,243,195,663,0.487,7,430.78
2025-05-24,Email,Tablet,32,25,75,0.389,1,48.97
2025-05-24,Organic Search,Desktop,967,800,2959,0.33,21,1056.55
2025-05-24,Organic Search,Mobile,945,787,1960,0.519,17,1204.65
2025-05-24,Organic Search,Tablet,160,135,306,0.393,3,213.39
2025-05-24,Paid Search,Desktop,443,367,1258,0.324,17,1186.09
2025-05-24,Paid Search,Mobile,553,457,1310,0.473,14,865.99
2025-05-24,Paid Search,Tablet,90,71,280,0.305,3,170.84
2025-05-24,Referral,Desktop,176,135,450,0.373,4,193.04
2025-05-24,Referral,Mobile,190,161,589,0.431,3,249.88
2025-05-24,Referral,Tablet,28,22,87,0.369,1,70.46
2025-05-24,Social,Desktop,421,324,807,0.318,6,372.22
2025-05-24,Social,Mobile,480,358,1443,0.402,5,242.81
2025-05-24,Social,Tablet,84,68,264,0.346,1,49.89
2025-05-25,Direct,Desktop,551,453,1549,0.405,16,1134.84
2025-05-25,Direct,Mobile,583,452,1076,0.432,12,954.0
2025-05-25,Direct,Tablet,104,84,277,0.371,3,210.88
2025-05-25,Email,Desktop,205,161,618,0.382,12,682.94
2025-05-25,Email,Mobile,215,161,555,0.502,7,529.92
2025-05-25,Email,Tablet,38,30,107,0.329,1,52.08
2025-05-25,Organic Search,Desktop,858,699,1571,0.413,24,1703.79
2025-05-25,Organic Search,Mobile,1065,847,3186,0.453,17,1079.27
2025-05-25,Organic Search,Tablet,169,140,506,0.308,4,342.31
2025-05-25,Paid Search,Desktop,504,410,1262,0.391,19,1505.4
2025-05-25,Paid Search,Mobile,575,432,1789,0.406,17,1000.43
2025-05-25,Paid Search,Tablet,94,73,293,0.395,3,240.49
2025-05-25,Referral,Desktop,152,127,444,0.364,4,283.14
2025-05-25,Referral,Mobile,205,161,614,0.513,3,248.83
2025-05-25,Referral,Tablet,26,19,73,0.34,1,80.23
2025-05-25,Social,Desktop,404,337,1008,0.368,6,508.74
2025-05-25,Social,Mobile,419,359,910,0.486,4,321.42
2025-05-25,Social,Tablet,72,61,139,0.407,1,54.99
2025-05-26,Direct,Desktop,752,598,1532,0.313,27,1749.34
2025-05-26,Direct,Mobile,884,726,1604,0.421,20,1016.49
2025-05-26,Direct,Tablet,111,92,228,0.336,3,207.44
2025-05-26,Email,Desktop,241,182,574,0.378,11,718.14
2025-05-26,Email,Mobile,317,267,571,0.433,11,705.88
2025-05-26,Email,Tablet,51,40,95,0.301,2,134.53
2025-05-26,Organic Search,Desktop,1219,987,3733,0.347,36,3114.75
2025-05-26,Organic Search,Mobile,1203,1009,3123,0.431,18,1433.9
2025-05-26,Organic Search,Tablet,215,180,436,0.336,4,314.08
2025-05-26,Paid Search,Desktop,675,567,1357,0.377,28,1406.14
2025-05-26,Paid Search,Mobile,629,535,1249,0.464,17,830.01
2025-05-26,Paid Search,Tablet,119,98,216,0.326,4,277.79
2025-05-26,Referral,Desktop,183,148,426,0.31,5,372.86
2025-05-26,Referral,Mobile,230,176,672,0.512,4,272.51
2025-05-26,Referral,Tablet,43,34,113,0.412,1,80.94
2025-05-26,Social,Desktop,422,358,991,0.4,6,452.12
2025-05-26,Social,Mobile,616,460,1717,0.442,5,423.69
2025-05-26,Social,Tablet,97,72,267,0.411,1,68.8
2025-05-27,Direct,Desktop,600,478,1629,0.396,25,1686.32
2025-05-27,Direct,Mobile,675,523,1487,0.466,16,936.38
2025-05-27,Direct,Tablet,145,117,362,0.316,4,307.24
2025-05-27,Email,Desktop,238,184,540,0.401,12,960.31
2025-05-27,Email,Mobile,311,263,659,0.43,9,685.19
2025-05-27,Email,Tablet,53,40,140,0.316,2,102.68
2025-05-27,Organic Search,Desktop,1130,942,3512,0.375,31,1924.62
2025-05-27,Organic Search,Mobile,1249,971,2722,0.504,22,1630.68
2025-05-27,Organic Search,Tablet,228,175,638,0.302,5,299.96
2025-05-27,Paid Search,Desktop,553,416,1646,0.345,27,1944.89
2025-05-27,Paid Search,Mobile,779,653,2304,0.519,19,1429.16
2025-05-27,Paid Search,Tablet,112,91,231,0.354,3,171.33
2025-05-27,Referral,Desktop,189,150,604,0.385,6,439.77
2025-05-27,Referral,Mobile,230,193,624,0.402,5,307.71
2025-05-27,Referral,Tablet,41,31,112,0.348,1,72.01
2025-05-27,Social,Desktop,545,440,1137,0.365,9,690.14
2025-05-27,Social,Mobile,602,455,1877,0.52,4,281.81
2025-05-27,Social,Tablet,109,93,270,0.389,1,54.14
2025-05-28,Direct,Desktop,649,535,1623,0.339,23,1267.45
2025-05-28,Direct,Mobile,769,590,2038,0.432,17,993.17
2025-05-28,Direct,Tablet,108,80,287,0.317,2,112.54
2025-05-28,Email,Desktop,245,194,502,0.345,12,966.8
2025-05-28,Email,Mobile,301,251,756,0.458,10,862.25
2025-05-28,Email,Tablet,50,41,127,0.397,2,134.61
2025-05-28,Organic Search,Desktop,996,745,2237,0.407,29,2056.77
2025-05-28,Organic Search,Mobile,1271,1042,3516,0.5,23,1799.99
2025-05-28,Organic Search,Tablet,188,158,429,0.411,3,221.69
2025-05-28,Paid Search,Desktop,542,433,1533,0.374,19,1389.8
2025-05-28,Paid Search,Mobile,752,608,1700,0.485,22,1150.19
2025-05-28,Paid Search,Tablet,118,91,258,0.409,3,184.49
2025-05-28,Referral,Desktop,228,185,548,0.349,7,359.55
2025-05-28,Referral,Mobile,263,195,745,0.48,4,272.19
2025-05-28,Referral,Tablet,32,24,71,0.322,1,78.66
2025-05-28,Social,Desktop,558,451,1159,0.312,7,465.91
2025-05-28,Social,Mobile,583,448,1411,0.456,6,448.1
2025-05-28,Social,Tablet,102,82,246,0.339,1,48.44
2025-05-29,Direct,Desktop,725,607,1930,0.386,27,1414.94
2025-05-29,Direct,Mobile,817,656,2103,0.402,16,873.1
2025-05-29,Direct,Tablet,123,105,324,0.414,4,301.05
2025-05-29,Email,Desktop,262,208,580,0.352,12,645.01
2025-05-29,Email,Mobile,331,262,1012,0.418,9,686.86
2025-05-29,Email,Tablet,46,36,104,0.306,2,134.12
2025-05-29,Organic Search,Desktop,1114,840,3125,0.407,26,1581.4
2025-05-29,Organic Search,Mobile,1304,1030,3371,0.497,17,1161.29
2025-05-29,Organic Search,Tablet,225,168,427,0.34,5,410.89
2025-05-29,Paid Search,Desktop,582,453,1857,0.408,21,1089.27
2025-05-29,Paid Search,Mobile,674,561,2137,0.435,15,813.03
2025-05-29,Paid Search,Tablet,130,100,266,0.359,4,256.56
2025-05-29,Referral,Desktop,225,179,438,0.395,6,419.34
2025-05-29,Referral,Mobile,253,199,477,0.423,5,431.14
2025-05-29,Referral,Tablet,41,32,92,0.32,1,61.52
2025-05-29,Social,Desktop,552,436,1763,0.336,8,680.54
2025-05-29,Social,Mobile,549,439,1108,0.4,6,407.63
2025-05-29,Social,Tablet,102,84,217,0.406,1,52.98
2025-05-30,Direct,Desktop,702,582,1835,0.322,21,1215.89
2025-05-30,Direct,Mobile,733,557,2042,0.425,18,961.63
2025-05-30,Direct,Tablet,127,96,240,0.386,4,299.54
2025-05-30,Email,Desktop,224,185,558,0.395,12,1025.0
2025-05-30,Email,Mobile,256,193,488,0.491,7,402.54
2025-05-30,Email,Tablet,44,36,101,0.33,2,105.71
2025-05-30,Organic Search,Desktop,1223,1029,2499,0.373,36,2605.58
2025-05-30,Organic Search,Mobile,1474,1144,4509,0.518,26,1502.6
2025-05-30,Organic Search,Tablet,213,164,492,0.336,4,269.05
2025-05-30,Paid Search,Desktop,611,491,1101,0.304,22,1482.46
2025-05-30,Paid Search,Mobile,728,591,1526,0.452,20,1724.05
2025-05-30,Paid Search,Tablet,107,86,286,0.358,4,233.86
2025-05-30,Referral,Desktop,203,167,630,0.361,5,280.25
2025-05-30,Referral,Mobile,218,166,448,0.404,5,299.08
2025-05-30,Referral,Tablet,39,30,115,0.341,1,73.83
2025-05-30,Social,Desktop,428,327,973,0.312,6,405.2
2025-05-30,Social,Mobile,509,388,1541,0.48,5,387.25
2025-05-30,Social,Tablet,94,74,170,0.339,1,52.68
2025-05-31,Direct,Desktop,521,414,1145,0.334,19,1026.29
2025-05-31,Direct,Mobile,568,462,1413,0.414,13,735.29
2025-05-31,Direct,Tablet,112,95,344,0.343,3,251.34
2025-05-31,Email,Desktop,176,139,546,0.412,7,361.49
2025-05-31,Email,Mobile,206,155,639,0.475,6,478.61
2025-05-31,Email,Tablet,35,28,89,0.351,1,65.79
2025-05-31,Organic Search,Desktop,988,771,2668,0.319,27,2011.33
2025-05-31,Organic Search,Mobile,1108,912,2459,0.441,16,921.61
2025-05-31,Organic Search,Tablet,153,119,489,0.317,3,236.82
2025-05-31,Paid Search,Desktop,472,353,978,0.396,22,1889.68
2025-05-31,Paid Search,Mobile,509,432,1176,0.486,11,804.67
2025-05-31,Paid Search,Tablet,102,83,231,0.378,3,170.82
2025-05-31,Referral,Desktop,181,151,388,0.302,6,294.65
2025-05-31,Referral,Mobile,191,151,534,0.421,4,223.5
2025-05-31,Referral,Tablet,32,26,65,0.415,1,56.53
2025-05-31,Social,Desktop,410,348,992,0.401,7,425.15
2025-05-31,Social,Mobile,434,341,910,0.419,4,233.48
2025-05-31,Social,Tablet,66,54,142,0.402,1,80.44
2025-06-01,Direct,Desktop,532,413,1183,0.304,22,1193.04
2025-06-01,Direct,Mobile,656,529,2019,0.436,16,978.97
2025-06-01,Direct,Tablet,103,77,310,0.357,3,202.38
2025-06-01,Email,Desktop,200,171,632,0.359,12,606.7
2025-06-01,Email,Mobile,261,200,667,0.414,9,638.85
2025-06-01,Email,Tablet,38,30,110,0.331,1,53.37
2025-06-01,Organic Search,Desktop,899,683,1860,0.403,24,1620.68
2025-06-01,Organic Search,Mobile,1005,773,2928,0.496,17,892.69
2025-06-01,Organic Search,Tablet,193,147,556,0.326,3,178.12
2025-06-01,Paid Search,Desktop,469,388,1127,0.382,17,1067.29
2025-06-01,Paid Search,Mobile,598,511,1402,0.451,15,1276.92
2025-06-01,Paid Search,Tablet,97,80,247,0.4,3,170.49
2025-06-01,Referral,Desktop,180,139,395,0.325,5,353.73
2025-06-01,Referral,Mobile,172,128,455,0.484,3,263.02
2025-06-01,Referral,Tablet,27,23,79,0.351,1,56.73
2025-06-01,Social,Desktop,433,357,1066,0.402,6,311.39
2025-06-01,Social,Mobile,420,332,1004,0.458,4,228.6
2025-06-01,Social,Tablet,73,59,141,0.373,1,87.1
2025-06-02,Direct,Desktop,602,486,1515,0.312,17,992.83
2025-06-02,Direct,Mobile,777,660,1876,0.449,18,1076.24
2025-06-02,Direct,Tablet,133,103,384,0.354,3,182.42
2025-06-02,Email,Desktop,228,190,676,0.383,12,680.93
2025-06-02,Email,Mobile,273,226,525,0.494,9,551.97
2025-06-02,Email,Tablet,52,42,131,0.401,2,118.32
2025-06-02,Organic Search,Desktop,1067,826,3402,0.415,32,2639.36
2025-06-02,Organic Search,Mobile,1242,987,3843,0.415,16,1069.0
2025-06-02,Organic Search,Tablet,225,170,477,0.373,4,221.36
2025-06-02,Paid Search,Desktop,625,482,1937,0.337,27,2345.86
2025-06-02,Paid Search,Mobile,808,633,1865,0.504,24,1153.25
2025-06-02,Paid Search,Tablet,114,90,239,0.342,4,211.91
2025-06-02,Referral,Desktop,202,163,433,0.358,6,468.22
2025-06-02,Referral,Mobile,222,176,662,0.406,5,243.75
2025-06-02,Referral,Tablet,43,36,87,0.356,1,79.31
2025-06-02,Social,Desktop,519,414,1495,0.365,8,564.85
2025-06-02,Social,Mobile,588,452,1231,0.485,4,195.68
2025-06-02,Social,Tablet,81,64,202,0.35,1,61.1
2025-06-03,Direct,Desktop,584,449,1345,0.304,23,1487.38
2025-06-03,Direct,Mobile,847,723,2461,0.427,15,1158.47
2025-06-03,Direct,Tablet,140,104,349,0.385,4,345.23
2025-06-03,Email,Desktop,246,194,501,0.329,14,771.89
2025-06-03,Email,Mobile,314,243,676,0.447,10,481.85
2025-06-03,Email,Tablet,48,38,128,0.306,2,96.14
2025-06-03,Organic Search,Desktop,1203,947,3538,0.408,28,1600.98
2025-06-03,Organic Search,Mobile,1161,957,3631,0.477,20,1493.36
2025-06-03,Organic Search,Tablet,195,161,475,0.352,4,237.8
2025-06-03,Paid Search,Desktop,610,518,1298,0.316,28,1938.1
2025-06-03,Paid Search,Mobile,653,508,1390,0.443,14,1226.3
2025-06-03,Paid Search,Tablet,130,111,329,0.401,5,338.37
2025-06-03,Referral,Desktop,220,169,430,0.335,6,331.74
2025-06-03,Referral,Mobile,239,190,748,0.505,4,209.51
2025-06-03,Referral,Tablet,33,25,92,0.385,1,83.42
2025-06-03,Social,Desktop,516,404,1072,0.35,7,393.21
2025-06-03,Social,Mobile,560,418,1314,0.436,5,426.99
2025-06-03,Social,Tablet,84,68,187,0.378,1,86.63
2025-06-04,Direct,Desktop,588,499,1512,0.377,18,1202.49
2025-06-04,Direct,Mobile,710,578,2055,0.428,14,828.48
2025-06-04,Direct,Tablet,119,92,240,0.376,2,121.92
2025-06-04,Email,Desktop,245,188,668,0.361,13,1082.86
2025-06-04,Email,Mobile,315,250,1000,0.407,8,468.15
2025-06-04,Email,Tablet,40,34,81,0.33,2,154.89
2025-06-04,Organic Search,Desktop,1006,836,2917,0.354,23,1838.19
2025-06-04,Organic Search,Mobile,1242,1008,3296,0.474,16,784.47
2025-06-04,Organic Search,Tablet,181,137,436,0.342,3,229.05
2025-06-04,Paid Search,Desktop,625,503,1591,0.35,31,1538.14
2025-06-04,Paid Search,Mobile,648,542,1731,0.484,20,1082.33
2025-06-04,Paid Search,Tablet,115,86,322,0.319,3,184.01
2025-06-04,Referral,Desktop,196,150,496,0.351,7,359.97
2025-06-04,Referral,Mobile,229,178,670,0.424,5,313.82
2025-06-04,Referral,Tablet,37,29,95,0.338,1,48.07
2025-06-04,Social,Desktop,548,421,1466,0.303,8,701.19
2025-06-04,Social,Mobile,566,426,1394,0.448,5,335.79
2025-06-04,Social,Tablet,102,80,226,0.41,1,54.39
2025-06-05,Direct,Desktop,634,533,1419,0.418,21,1615.24
2025-06-05,Direct,Mobile,701,577,2205,0.497,15,975.94
2025-06-05,Direct,Tablet,128,109,363,0.381,3,168.52
2025-06-05,Email,Desktop,265,205,601,0.303,13,982.04
2025-06-05,Email,Mobile,290,222,549,0.445,8,581.33
2025-06-05,Email,Tablet,42,33,120,0.318,1,84.58
2025-06-05,Organic Search,Desktop,1073,847,2155,0.376,23,1135.14
2025-06-05,Organic Search,Mobile,1397,1166,3425,0.46,24,2020.14
2025-06-05,Organic Search,Tablet,181,141,431,0.332,3,248.4
2025-06-05,Paid Search,Desktop,687,565,1750,0.351,35,2939.0
2025-06-05,Paid Search,Mobile,688,547,2189,0.469,15,1274.58
2025-06-05,Paid Search,Tablet,114,96,296,0.382,3,235.06
2025-06-05,Referral,Desktop,191,161,584,0.316,5,409.21
2025-06-05,Referral,Mobile,266,214,613,0.448,6,521.57
2025-06-05,Referral,Tablet,41,31,82,0.325,1,50.35
2025-06-05,Social,Desktop,533,444,1656,0.35,7,366.41
2025-06-05,Social,Mobile,521,398,1555,0.467,6,305.71
2025-06-05,Social,Tablet,87,74,237,0.358,1,79.73
2025-06-06,Direct,Desktop,759,565,2154,0.352,22,1638.43
2025-06-06,Direct,Mobile,784,623,1953,0.464,19,988.57
2025-06-06,Direct,Tablet,117,92,338,0.399,3,237.24
2025-06-06,Email,Desktop,246,197,601,0.41,14,739.05
2025-06-06,Email,Mobile,272,202,643,0.42,7,440.95
2025-06-06,Email,Tablet,53,39,106,0.393,2,128.01
2025-06-06,Organic Search,Desktop,1262,1029,3161,0.325,37,2537.91
2025-06-06,Organic Search,Mobile,1128,904,2573,0.506,20,1335.49
2025-06-06,Organic Search,Tablet,188,154,339,0.305,3,260.05
2025-06-06,Paid Search,Desktop,599,499,1491,0.346,25,1630.74
2025-06-06,Paid Search,Mobile,649,489,1326,0.465,15,756.88
2025-06-06,Paid Search,Tablet,117,87,222,0.379,3,189.63
2025-06-06,Referral,Desktop,215,184,623,0.337,7,523.82
2025-06-06,Referral,Mobile,271,204,699,0.407,4,217.45
2025-06-06,Referral,Tablet,41,30,125,0.38,1,79.48
2025-06-06,Social,Desktop,573,490,1701,0.386,10,498.69
2025-06-06,Social,Mobile,612,513,1590,0.431,6,435.27
2025-06-06,Social,Tablet,98,73,311,0.362,1,73.86
2025-06-07,Direct,Desktop,601,507,1297,0.417,23,1906.93
2025-06-07,Direct,Mobile,618,494,1484,0.447,13,1062.91
2025-06-07,Direct,Tablet,87,66,197,0.362,2,133.27
2025-06-07,Email,Desktop,167,135,492,0.416,8,557.81
2025-06-07,Email,Mobile,250,185,556,0.47,7,588.94
2025-06-07,Email,Tablet,41,33,77,0.365,2,101.79
2025-06-07,Organic Search,Desktop,903,700,2686,0.362,27,1639.59
2025-06-07,Organic Search,Mobile,1022,792,3037,0.452,16,1333.43
2025-06-07,Organic Search,Tablet,166,138,429,0.417,4,291.66
2025-06-07,Paid Search,Desktop,421,324,1171,0.31,16,1247.22
2025-06-07,Paid Search,Mobile,521,433,1108,0.452,12,678.99
2025-06-07,Paid Search,Tablet,101,78,197,0.322,4,198.9
2025-06-07,Referral,Desktop,150,117,353,0.409,5,348.14
2025-06-07,Referral,Mobile,170,132,336,0.462,3,190.44
2025-06-07,Referral,Tablet,32,27,92,0.365,1,60.19
2025-06-07,Social,Desktop,389,296,1163,0.342,6,363.64
2025-06-07,Social,Mobile,417,309,1083,0.412,4,217.58
2025-06-07,Social,Tablet,83,66,246,0.403,1,78.97
2025-06-08,Direct,Desktop,516,407,1306,0.37,17,865.56
2025-06-08,Direct,Mobile,567,439,1773,0.455,13,961.78
2025-06-08,Direct,Tablet,114,91,219,0.415,3,242.43
2025-06-08,Email,Desktop,225,182,429,0.369,12,592.24
2025-06-08,Email,Mobile,252,214,498,0.431,8,421.92
2025-06-08,Email,Tablet,40,30,120,0.318,1,62.54
2025-06-08,Organic Search,Desktop,858,698,2652,0.418,21,1140.54
2025-06-08,Organic Search,Mobile,910,743,2548,0.439,12,696.8
2025-06-08,Organic Search,Tablet,182,138,391,0.408,3,212.9
2025-06-08,Paid Search,Desktop,455,379,1082,0.372,21,1558.2
2025-06-08,Paid Search,Mobile,560,475,1513,0.411,15,951.01
2025-06-08,Paid Search,Tablet,107,87,280,0.373,3,216.42
2025-06-08,Referral,Desktop,147,114,356,0.304,5,385.8
2025-06-08,Referral,Mobile,206,173,490,0.485,4,231.51
2025-06-08,Referral,Tablet,35,30,93,0.364,1,64.99
2025-06-08,Social,Desktop,374,285,1134,0.359,5,379.23
2025-06-08,Social,Mobile,409,351,1132,0.419,3,193.58
2025-06-08,Social,Tablet,75,57,152,0.337,1,71.02
2025-06-09,Direct,Desktop,610,455,1401,0.36,25,2174.72
2025-06-09,Direct,Mobile,824,624,1568,0.459,15,1311.67
2025-06-09,Direct,Tablet,146,112,290,0.324,4,339.41
2025-06-09,Email,Desktop,217,164,501,0.379,9,660.8
2025-06-09,Email,Mobile,270,200,756,0.451,8,696.18
2025-06-09,Email,Tablet,42,36,132,0.36,2,162.04
2025-06-09,Organic Search,Desktop,1193,1003,2932,0.378,33,1955.75
2025-06-09,Organic Search,Mobile,1166,997,2840,0.491,16,1099.96
2025-06-09,Organic Search,Tablet,186,149,387,0.338,3,254.66
2025-06-09,Paid Search,Desktop,620,502,1706,0.34,25,1924.17
2025-06-09,Paid Search,Mobile,788,602,2145,0.462,18,1302.63
2025-06-09,Paid Search,Tablet,116,87,347,0.315,3,205.52
2025-06-09,Referral,Desktop,184,137,342,0.383,5,376.04
2025-06-09,Referral,Mobile,205,173,525,0.413,4,202.2
2025-06-09,Referral,Tablet,36,29,79,0.342,1,78.39
2025-06-09,Social,Desktop,539,437,1608,0.394,7,418.9
2025-06-09,Social,Mobile,548,455,1530,0.425,4,326.8
2025-06-09,Social,Tablet,86,68,199,0.364,1,54.44
2025-06-10,Direct,Desktop,640,529,1263,0.326,25,1611.88
2025-06-10,Direct,Mobile,830,700,1796,0.442,18,958.57
2025-06-10,Direct,Tablet,115,88,360,0.405,2,102.16
2025-06-10,Email,Desktop,262,221,683,0.351,14,1184.73
2025-06-10,Email,Mobile,257,193,578,0.448,9,744.84
2025-06-10,Email,Tablet,43,33,128,0.379,1,54.8
2025-06-10,Organic Search,Desktop,1112,907,3327,0.366,32,2734.45
2025-06-10,Organic Search,Mobile,1166,917,2202,0.423,18,1148.47
2025-06-10,Organic Search,Tablet,184,156,428,0.398,3,208.12
2025-06-10,Paid Search,Desktop,544,426,1148,0.324,22,1533.64
2025-06-10,Paid Search,Mobile,691,525,1579,0.433,17,958.61
2025-06-10,Paid Search,Tablet,115,87,341,0.382,3,147.1
2025-06-10,Referral,Desktop,185,158,563,0.346,6,307.45
2025-06-10,Referral,Mobile,249,210,461,0.48,5,276.91
2025-06-10,Referral,Tablet,35,30,69,0.391,1,50.44
2025-06-10,Social,Desktop,533,409,1090,0.417,7,444.58
2025-06-10,Social,Mobile,577,475,1301,0.509,4,332.63
2025-06-10,Social,Tablet,105,83,212,0.399,1,79.56
2025-06-11,Direct,Desktop,750,588,2358,0.332,28,1655.36
2025-06-11,Direct,Mobile,852,663,1627,0.453,17,985.24
2025-06-11,Direct,Tablet,124,100,319,0.328,3,194.62
2025-06-11,Email,Desktop,271,229,638,0.316,16,1014.98
2025-06-11,Email,Mobile,298,229,705,0.501,7,468.76
2025-06-11,Email,Tablet,52,41,147,0.375,2,157.83
2025-06-11,Organic Search,Desktop,1054,809,3024,0.387,32,2360.42
2025-06-11,Organic Search,Mobile,1506,1157,4727,0.479,23,1679.86
2025-06-11,Organic Search,Tablet,192,144,608,0.353,4,309.91
2025-06-11,Paid Search,Desktop,646,500,1305,0.39,28,2015.65
2025-06-11,Paid Search,Mobile,668,562,1278,0.507,18,1073.58
2025-06-11,Paid Search,Tablet,122,97,341,0.306,4,258.16
2025-06-11,Referral,Desktop,216,170,584,0.393,6,372.47
2025-06-11,Referral,Mobile,203,156,632,0.461,4,287.69
2025-06-11,Referral,Tablet,38,30,102,0.411,1,87.85
2025-06-11,Social,Desktop,517,384,1018,0.389,8,622.08
2025-06-11,Social,Mobile,630,496,1997,0.479,6,378.47
2025-06-11,Social,Tablet,91,69,169,0.362,1,57.54
2025-06-12,Direct,Desktop,684,534,1524,0.409,29,2534.76
2025-06-12,Direct,Mobile,691,529,1954,0.499,13,1085.94
2025-06-12,Direct,Tablet,131,103,251,0.32,3,230.88
2025-06-12,Email,Desktop,239,205,569,0.312,14,935.15
2025-06-12,Email,Mobile,268,229,805,0.497,9,560.03
2025-06-12,Email,Tablet,46,35,139,0.382,2,96.52
2025-06-12,Organic Search,Desktop,1141,947,2317,0.382,32,1838.0
2025-06-12,Organic Search,Mobile,1151,897,2704,0.419,21,1710.23
2025-06-12,Organic Search,Tablet,207,160,529,0.312,4,293.87
2025-06-12,Paid Search,Desktop,696,596,1428,0.344,31,2194.95
2025-06-12,Paid Search,Mobile,716,605,1738,0.514,18,880.68
2025-06-12,Paid Search,Tablet,127,107,279,0.398,5,426.86
2025-06-12,Referral,Desktop,191,142,540,0.349,6,396.56
2025-06-12,Referral,Mobile,232,196,572,0.488,4,328.02
2025-06-12,Referral,Tablet,38,33,120,0.347,1,83.56
2025-06-12,Social,Desktop,545,451,1704,0.335,7,540.36
2025-06-12,Social,Mobile,630,541,1959,0.418,6,387.89
2025-06-12,Social,Tablet,97,75,228,0.403,1,82.16
2025-06-13,Direct,Desktop,712,563,1873,0.306,22,1635.21
2025-06-13,Direct,Mobile,697,517,1906,0.502,16,887.1
2025-06-13,Direct,Tablet,112,92,246,0.419,2,101.17
2025-06-13,Email,Desktop,255,197,732,0.304,14,999.56
2025-06-13,Email,Mobile,313,252,653,0.446,9,724.64
2025-06-13,Email,Tablet,44,35,119,0.405,2,134.63
2025-06-13,Organic Search,Desktop,1185,948,2894,0.374,34,1655.05
2025-06-13,Organic Search,Mobile,1371,1147,3965,0.488,23,1489.48
2025-06-13,Organic Search,Tablet,210,174,380,0.373,4,218.1
2025-06-13,Paid Search,Desktop,619,466,1277,0.327,31,1833.91
2025-06-13,Paid Search,Mobile,765,584,2113,0.434,18,1179.07
2025-06-13,Paid Search,Tablet,120,103,369,0.307,3,260.2
2025-06-13,Referral,Desktop,184,153,562,0.318,5,419.0
2025-06-13,Referral,Mobile,211,167,505,0.5,4,304.54
2025-06-13,Referral,Tablet,36,27,94,0.401,1,81.07
2025-06-13,Social,Desktop,562,472,1023,0.37,9,703.97
2025-06-13,Social,Mobile,625,513,1506,0.408,6,388.47
2025-06-13,Social,Tablet,108,89,271,0.412,1,65.74
2025-06-14,Direct,Desktop,569,465,1640,0.366,17,1336.33
2025-06-14,Direct,Mobile,702,581,2017,0.468,16,901.55
2025-06-14,Direct,Tablet,95,78,277,0.404,3,203.7
2025-06-14,Email,Desktop,171,131,403,0.401,7,615.53
2025-06-14,Email,Mobile,244,184,757,0.449,9,565.75
2025-06-14,Email,Tablet,35,28,79,0.316,1,64.85
2025-06-14,Organic Search,Desktop,907,754,1767,0.325,20,1093.97
2025-06-14,Organic Search,Mobile,1148,895,2454,0.454,20,1717.51
2025-06-14,Organic Search,Tablet,184,158,554,0.382,4,333.05
2025-06-14,Paid Search,Desktop,509,384,1220,0.303,20,1084.48
2025-06-14,Paid Search,Mobile,612,456,1779,0.469,18,1199.26
2025-06-14,Paid Search,Tablet,85,66,231,0.337,3,259.82
2025-06-14,Referral,Desktop,146,119,305,0.302,4,201.04
2025-06-14,Referral,Mobile,183,137,392,0.439,4,330.24
2025-06-14,Referral,Tablet,30,24,55,0.323,1,64.19
2025-06-14,Social,Desktop,405,334,927,0.328,7,409.45
2025-06-14,Social,Mobile,427,359,852,0.426,4,285.93
2025-06-14,Social,Tablet,71,53,218,0.402,1,87.72
2025-06-15,Direct,Desktop,560,448,1452,0.306,20,1668.53
2025-06-15,Direct,Mobile,672,502,1437,0.463,12,886.78
2025-06-15,Direct,Tablet,103,88,265,0.413,2,132.13
2025-06-15,Email,Desktop,205,176,607,0.322,9,659.43
2025-06-15,Email,Mobile,241,196,685,0.438,9,482.47
2025-06-15,Email,Tablet,40,30,111,0.339,1,85.39
2025-06-15,Organic Search,Desktop,762,609,1733,0.327,22,1323.73
2025-06-15,Organic Search,Mobile,1069,829,3131,0.511,16,1283.05
2025-06-15,Organic Search,Tablet,150,113,384,0.36,3,255.84
2025-06-15,Paid Search,Desktop,553,443,1341,0.395,24,1712.07
2025-06-15,Paid Search,Mobile,638,475,1929,0.419,16,885.68
2025-06-15,Paid Search,Tablet,97,74,306,0.374,3,246.31
2025-06-15,Referral,Desktop,171,135,425,0.337,6,403.62
2025-06-15,Referral,Mobile,178,149,491,0.496,3,169.67
2025-06-15,Referral,Tablet,26,21,80,0.362,1,61.56
2025-06-15,Social,Desktop,457,367,1402,0.383,8,487.93
2025-06-15,Social,Mobile,465,376,935,0.402,5,417.06
2025-06-15,Social,Tablet,88,70,180,0.316,1,66.91
2025-06-16,Direct,Desktop,758,620,2140,0.339,22,1825.51
2025-06-16,Direct,Mobile,683,537,2113,0.5,16,1114.17
2025-06-16,Direct,Tablet,144,108,402,0.418,4,197.13
2025-06-16,Email,Desktop,253,209,579,0.347,14,796.86
2025-06-16,Email,Mobile,291,228,588,0.446,10,504.36
2025-06-16,Email,Tablet,47,37,150,0.384,2,119.85
2025-06-16,Organic Search,Desktop,1126,913,3057,0.343,30,2490.03
2025-06-16,Organic Search,Mobile,1459,1216,4231,0.431,20,1182.86
2025-06-16,Organic Search,Tablet,240,186,555,0.394,4,222.7
2025-06-16,Paid Search,Desktop,620,521,1816,0.385,28,1657.81
2025-06-16,Paid Search,Mobile,778,648,1654,0.453,18,1255.12
2025-06-16,Paid Search,Tablet,121,98,301,0.322,4,240.66
2025-06-16,Referral,Desktop,185,139,355,0.306,7,462.81
2025-06-16,Referral,Mobile,209,155,563,0.414,4,260.16
2025-06-16,Referral,Tablet,33,27,91,0.324,1,51.62
2025-06-16,Social,Desktop,524,412,1461,0.37,9,557.94
2025-06-16,Social,Mobile,610,477,1650,0.512,5,244.37
2025-06-16,Social,Tablet,102,76,227,0.401,1,55.99
2025-06-17,Direct,Desktop,598,496,1162,0.411,21,1508.53
2025-06-17,Direct,Mobile,779,670,1810,0.488,17,1015.52
2025-06-17,Direct,Tablet,142,114,290,0.356,3,213.77
2025-06-17,Email,Desktop,226,189,476,0.398,12,713.27
2025-06-17,Email,Mobile,273,205,548,0.471,8,597.74
2025-06-17,Email,Tablet,45,37,91,0.334,2,127.49
2025-06-17,Organic Search,Desktop,1253,994,3864,0.419,35,2507.06
2025-06-17,Organic Search,Mobile,1323,1093,4172,0.502,22,1213.07
2025-06-17,Organic Search,Tablet,193,150,482,0.369,4,346.25
2025-06-17,Paid Search,Desktop,622,516,1956,0.343,26,2123.22
2025-06-17,Paid Search,Mobile,707,543,1926,0.465,21,1543.11
2025-06-17,Paid Search,Tablet,117,95,357,0.32,3,171.51
2025-06-17,Referral,Desktop,208,168,564,0.404,6,348.39
2025-06-17,Referral,Mobile,218,165,648,0.497,3,245.03
2025-06-17,Referral,Tablet,33,26,88,0.412,1,80.24
2025-06-17,Social,Desktop,440,327,1334,0.33,7,522.75
2025-06-17,Social,Mobile,554,463,1606,0.423,5,314.2
2025-06-17,Social,Tablet,86,66,227,0.376,1,67.95
2025-06-18,Direct,Desktop,678,527,1674,0.383,24,1603.83
2025-06-18,Direct,Mobile,697,544,1592,0.466,16,1087.46
2025-06-18,Direct,Tablet,109,84,310,0.353,3,251.14
2025-06-18,Email,Desktop,276,232,789,0.368,12,812.27
2025-06-18,Email,Mobile,334,276,792,0.466,11,625.07
2025-06-18,Email,Tablet,52,43,105,0.303,2,164.57
2025-06-18,Organic Search,Desktop,1150,889,2073,0.394,29,1671.92
2025-06-18,Organic Search,Mobile,1393,1144,4181,0.447,19,1146.04
2025-06-18,Organic Search,Tablet,199,152,477,0.419,4,221.47
2025-06-18,Paid Search,Desktop,556,459,1574,0.378,26,2128.68
2025-06-18,Paid Search,Mobile,689,552,1718,0.502,19,1029.65
2025-06-18,Paid Search,Tablet,102,85,235,0.306,3,144.84
2025-06-18,Referral,Desktop,185,148,584,0.351,6,476.39
2025-06-18,Referral,Mobile,241,199,462,0.447,4,302.55
2025-06-18,Referral,Tablet,34,25,85,0.384,1,70.34
2025-06-18,Social,Desktop,495,410,978,0.39,6,420.49
2025-06-18,Social,Mobile,666,530,2126,0.421,5,264.32
2025-06-18,Social,Tablet,102,76,277,0.324,1,62.23
2025-06-19,Direct,Desktop,658,541,1510,0.408,25,1566.23
2025-06-19,Direct,Mobile,903,673,2622,0.414,16,1257.73
2025-06-19,Direct,Tablet,109,94,254,0.359,3,203.63
2025-06-19,Email,Desktop,239,201,541,0.349,10,867.65
2025-06-19,Email,Mobile,305,240,673,0.402,11,749.27
2025-06-19,Email,Tablet,51,42,92,0.34,2,110.97
2025-06-19,Organic Search,Desktop,1277,1053,3059,0.378,31,1849.73
2025-06-19,Organic Search,Mobile,1486,1227,4479,0.517,23,1294.09
2025-06-19,Organic Search,Tablet,196,147,617,0.373,3,203.95
2025-06-19,Paid Search,Desktop,549,465,1014,0.413,22,1815.85
2025-06-19,Paid Search,Mobile,704,590,1972,0.433,17,1293.97
2025-06-19,Paid Search,Tablet,114,95,357,0.381,4,193.16
2025-06-19,Referral,Desktop,210,176,471,0.342,5,390.34
2025-06-19,Referral,Mobile,252,201,691,0.52,5,402.94
2025-06-19,Referral,Tablet,35,30,101,0.302,1,77.02
2025-06-19,Social,Desktop,542,427,1248,0.355,8,587.46
2025-06-19,Social,Mobile,603,480,1710,0.408,4,236.7
2025-06-19,Social,Tablet,90,70,186,0.313,1,63.18
2025-06-20,Direct,Desktop,746,582,1470,0.396,21,1447.96
2025-06-20,Direct,Mobile,735,557,2031,0.434,16,888.18
2025-06-20,Direct,Tablet,126,103,264,0.4,3,158.11
2025-06-20,Email,Desktop,227,195,547,0.323,9,551.68
2025-06-20,Email,Mobile,284,225,614,0.479,8,633.81
2025-06-20,Email,Tablet,43,36,122,0.318,2,141.74
2025-06-20,Organic Search,Desktop,1203,916,2943,0.316,31,1491.16
2025-06-20,Organic Search,Mobile,1467,1230,4153,0.445,20,1458.33
2025-06-20,Organic Search,Tablet,245,184,620,0.375,5,364.8
2025-06-20,Paid Search,Desktop,631,477,1506,0.38,26,1383.02
2025-06-20,Paid Search,Mobile,840,673,1599,0.425,22,1873.1
2025-06-20,Paid Search,Tablet,119,91,300,0.417,4,193.32
2025-06-20,Referral,Desktop,172,137,342,0.328,5,421.67
2025-06-20,Referral,Mobile,252,216,632,0.501,5,396.56
2025-06-20,Referral,Tablet,34,27,100,0.383,1,64.48
2025-06-20,Social,Desktop,555,454,1690,0.391,7,444.03
2025-06-20,Social,Mobile,630,467,1493,0.429,6,506.55
2025-06-20,Social,Tablet,100,77,266,0.323,1,63.16
2025-06-21,Direct,Desktop,592,487,1097,0.311,20,1435.08
2025-06-21,Direct,Mobile,693,557,2216,0.415,17,1006.6
2025-06-21,Direct,Tablet,101,75,290,0.386,2,126.93
2025-06-21,Email,Desktop,224,179,411,0.368,13,961.49
2025-06-21,Email,Mobile,231,191,530,0.414,6,426.89
2025-06-21,Email,Tablet,43,34,81,0.341,1,69.79
2025-06-21,Organic Search,Desktop,867,738,2303,0.31,24,1561.98
2025-06-21,Organic Search,Mobile,1084,852,2545,0.485,18,1131.03
2025-06-21,Organic Search,Tablet,192,157,370,0.384,3,162.75
2025-06-21,Paid Search,Desktop,463,349,1277,0.3,21,1761.3
2025-06-21,Paid Search,Mobile,639,490,1222,0.446,16,967.98
2025-06-21,Paid Search,Tablet,100,77,320,0.409,3,233.57
2025-06-21,Referral,Desktop,147,119,317,0.399,4,212.28
2025-06-21,Referral,Mobile,195,157,441,0.457,4,256.23
2025-06-21,Referral,Tablet,33,28,64,0.367,1,66.19
2025-06-21,Social,Desktop,438,333,1239,0.358,7,461.31
2025-06-21,Social,Mobile,542,433,1565,0.44,5,421.47
2025-06-21,Social,Tablet,72,59,143,0.416,1,67.81
2025-06-22,Direct,Desktop,460,384,1073,0.406,15,915.57
2025-06-22,Direct,Mobile,605,455,1230,0.416,13,966.25
2025-06-22,Direct,Tablet,103,80,238,0.366,3,152.01
2025-06-22,Email,Desktop,190,141,505,0.311,11,915.41
2025-06-22,Email,Mobile,207,163,594,0.503,7,393.02
2025-06-22,Email,Tablet,34,29,86,0.37,1,79.67
2025-06-22,Organic Search,Desktop,970,796,2255,0.376,30,2146.42
2025-06-22,Organic Search,Mobile,1162,958,3296,0.426,19,1492.78
2025-06-22,Organic Search,Tablet,185,157,569,0.303,3,150.86
2025-06-22,Paid Search,Desktop,560,463,1165,0.348,20,1618.62
2025-06-22,Paid Search,Mobile,628,486,1393,0.51,14,1082.22
2025-06-22,Paid Search,Tablet,100,80,234,0.374,3,152.21
2025-06-22,Referral,Desktop,146,119,310,0.357,4,239.51
2025-06-22,Referral,Mobile,192,152,612,0.48,4,237.49
2025-06-22,Referral,Tablet,35,29,94,0.317,1,86.35
2025-06-22,Social,Desktop,394,299,957,0.346,7,455.45
2025-06-22,Social,Mobile,529,426,1637,0.419,5,392.63
2025-06-22,Social,Tablet,74,61,222,0.321,1,68.28
2025-06-23,Direct,Desktop,744,606,1589,0.393,23,1496.96
2025-06-23,Direct,Mobile,742,576,1897,0.474,18,1545.99
2025-06-23,Direct,Tablet,114,92,258,0.339,3,261.35
2025-06-23,Email,Desktop,229,171,724,0.387,13,917.25
2025-06-23,Email,Mobile,252,193,609,0.469,7,516.18
2025-06-23,Email,Tablet,43,36,98,0.374,2,140.0
2025-06-23,Organic Search,Desktop,1234,1002,3042,0.337,33,2680.1
2025-06-23,Organic Search,Mobile,1271,1076,2896,0.511,19,1608.37
2025-06-23,Organic Search,Tablet,242,183,498,0.383,4,237.39
2025-06-23,Paid Search,Desktop,690,571,1943,0.319,35,2611.81
2025-06-23,Paid Search,Mobile,637,494,2026,0.466,18,1298.43
2025-06-23,Paid Search,Tablet,107,83,240,0.38,3,258.48
2025-06-23,Referral,Desktop,227,195,515,0.324,8,396.95
2025-06-23,Referral,Mobile,263,220,574,0.488,4,321.29
2025-06-23,Referral,Tablet,33,28,75,0.349,1,64.45
2025-06-23,Social,Desktop,574,485,1357,0.325,10,608.34
2025-06-23,Social,Mobile,527,390,1372,0.46,4,229.58
2025-06-23,Social,Tablet,83,70,224,0.332,1,59.5
2025-06-24,Direct,Desktop,655,527,1469,0.391,20,1273.91
2025-06-24,Direct,Mobile,806,631,2190,0.417,15,976.78
2025-06-24,Direct,Tablet,135,114,413,0.378,3,228.46
2025-06-24,Email,Desktop,228,185,640,0.42,12,607.97
2025-06-24,Email,Mobile,250,200,621,0.404,6,447.49
2025-06-24,Email,Tablet,52,43,144,0.417,2,135.04
2025-06-24,Organic Search,Desktop,1138,884,2884,0.359,32,2086.26
2025-06-24,Organic Search,Mobile,1342,1056,3435,0.414,17,1321.86
2025-06-24,Organic Search,Tablet,211,175,645,0.374,5,406.42
2025-06-24,Paid Search,Desktop,526,402,1529,0.344,26,2036.46
2025-06-24,Paid Search,Mobile,775,647,2408,0.434,22,1174.93
2025-06-24,Paid Search,Tablet,101,85,297,0.306,3,196.4
2025-06-24,Referral,Desktop,208,175,490,0.351,6,405.59
2025-06-24,Referral,Mobile,224,167,456,0.452,4,260.4
2025-06-24,Referral,Tablet,34,27,87,0.409,1,66.13
2025-06-24,Social,Desktop,548,450,1572,0.382,9,607.53
2025-06-24,Social,Mobile,549,466,1469,0.456,5,293.61
2025-06-24,Social,Tablet,85,73,177,0.31,1,52.82
2025-06-25,Direct,Desktop,741,634,1480,0.334,23,1269.96
2025-06-25,Direct,Mobile,893,714,2101,0.434,18,1391.37
2025-06-25,Direct,Tablet,147,125,429,0.369,4,242.42
2025-06-25,Email,Desktop,249,208,512,0.346,15,777.8
2025-06-25,Email,Mobile,253,194,571,0.466,8,486.79
2025-06-25,Email,Tablet,52,41,108,0.391,2,116.4
2025-06-25,Organic Search,Desktop,1160,918,2641,0.307,27,1751.46
2025-06-25,Organic Search,Mobile,1325,1092,3604,0.416,18,1204.39
2025-06-25,Organic Search,Tablet,223,190,483,0.33,4,206.14
2025-06-25,Paid Search,Desktop,544,423,1508,0.338,26,2170.08
2025-06-25,Paid Search,Mobile,768,616,1582,0.428,17,1287.91
2025-06-25,Paid Search,Tablet,117,101,284,0.369,4,195.41
2025-06-25,Referral,Desktop,222,182,408,0.346,6,319.24
2025-06-25,Referral,Mobile,239,182,445,0.4,5,362.47
2025-06-25,Referral,Tablet,42,33,101,0.345,1,86.15
2025-06-25,Social,Desktop,476,367,1086,0.379,7,608.24
2025-06-25,Social,Mobile,669,573,1590,0.504,5,336.98
2025-06-25,Social,Tablet,107,88,341,0.368,1,53.6
2025-06-26,Direct,Desktop,625,525,1264,0.342,24,1797.66
2025-06-26,Direct,Mobile,743,607,1550,0.455,14,673.36
2025-06-26,Direct,Tablet,143,112,361,0.375,4,252.94
2025-06-26,Email,Desktop,222,185,498,0.415,9,657.48
2025-06-26,Email,Mobile,303,248,896,0.404,8,579.49
2025-06-26,Email,Tablet,41,33,87,0.378,2,129.26
2025-06-26,Organic Search,Desktop,1279,1059,3975,0.308,30,2582.06
2025-06-26,Organic Search,Mobile,1342,1102,3954,0.498,22,1208.23
2025-06-26,Organic Search,Tablet,225,168,504,0.301,5,296.55
2025-06-26,Paid Search,Desktop,529,403,1590,0.376,26,1984.89
2025-06-26,Paid Search,Mobile,791,674,2314,0.405,18,1258.6
2025-06-26,Paid Search,Tablet,105,83,208,0.347,4,319.29
2025-06-26,Referral,Desktop,220,189,405,0.371,8,629.1
2025-06-26,Referral,Mobile,230,198,514,0.51,4,259.56
2025-06-26,Referral,Tablet,36,27,99,0.314,1,87.87
2025-06-26,Social,Desktop,503,413,1494,0.405,6,468.76
2025-06-26,Social,Mobile,683,537,1279,0.5,7,569.04
2025-06-26,Social,Tablet,99,75,184,0.404,1,87.48
2025-06-27,Direct,Desktop,717,560,1544,0.364,30,2410.39
2025-06-27,Direct,Mobile,722,591,2298,0.469,16,1016.5
2025-06-27,Direct,Tablet,114,91,293,0.338,3,195.53
2025-06-27,Email,Desktop,282,218,523,0.381,15,751.89
2025-06-27,Email,Mobile,258,203,540,0.451,9,457.17
2025-06-27,Email,Tablet,43,33,129,0.38,1,72.59
2025-06-27,Organic Search,Desktop,1053,903,2442,0.35,26,1891.09
2025-06-27,Organic Search,Mobile,1288,975,2464,0.462,24,1731.72
2025-06-27,Organic Search,Tablet,217,171,599,0.313,3,200.7
2025-06-27,Paid Search,Desktop,533,454,1288,0.356,26,2199.85
2025-06-27,Paid Search,Mobile,709,596,2233,0.507,18,1573.26
2025-06-27,Paid Search,Tablet,132,99,407,0.398,5,300.46
2025-06-27,Referral,Desktop,228,172,465,0.412,8,403.65
2025-06-27,Referral,Mobile,255,206,538,0.471,5,318.18
2025-06-27,Referral,Tablet,42,33,77,0.306,1,80.03
2025-06-27,Social,Desktop,556,446,1286,0.376,8,692.44
2025-06-27,Social,Mobile,569,428,1415,0.517,5,411.67
2025-06-27,Social,Tablet,109,89,222,0.404,1,72.13
2025-06-28,Direct,Desktop,483,393,874,0.302,18,1158.0
2025-06-28,Direct,Mobile,705,526,1992,0.437,14,1141.03
2025-06-28,Direct,Tablet,110,86,249,0.335,3,210.8
2025-06-28,Email,Desktop,207,172,619,0.414,11,624.32
2025-06-28,Email,Mobile,216,176,575,0.489,7,369.91
2025-06-28,Email,Tablet,40,34,79,0.379,2,120.78
2025-06-28,Organic Search,Desktop,967,743,2808,0.41,28,1923.35
2025-06-28,Organic Search,Mobile,1194,956,3746,0.427,22,1072.77
2025-06-28,Organic Search,Tablet,151,130,355,0.377,2,118.87
2025-06-28,Paid Search,Desktop,479,369,940,0.397,21,1436.12
2025-06-28,Paid Search,Mobile,659,502,1966,0.501,19,1150.96
2025-06-28,Paid Search,Tablet,83,63,231,0.334,2,140.81
2025-06-28,Referral,Desktop,157,121,413,0.412,5,336.74
2025-06-28,Referral,Mobile,202,163,618,0.416,3,167.84
2025-06-28,Referral,Tablet,28,21,68,0.398,1,70.15
2025-06-28,Social,Desktop,370,315,1122,0.302,5,263.26
2025-06-28,Social,Mobile,502,404,1529,0.438,5,361.9
2025-06-28,Social,Tablet,78,65,207,0.324,1,62.47
2025-06-29,Direct,Desktop,461,384,1342,0.391,17,1451.88
2025-06-29,Direct,Mobile,653,501,1343,0.513,11,546.01
2025-06-29,Direct,Tablet,102,87,186,0.334,2,146.31
2025-06-29,Email,Desktop,199,149,582,0.397,12,691.5
2025-06-29,Email,Mobile,268,225,839,0.449,8,481.66
2025-06-29,Email,Tablet,40,30,118,0.353,2,116.84
2025-06-29,Organic Search,Desktop,779,667,2112,0.363,21,1685.85
2025-06-29,Organic Search,Mobile,1023,832,1878,0.44,14,715.58
2025-06-29,Organic Search,Tablet,196,153,571,0.398,4,259.63
2025-06-29,Paid Search,Desktop,540,431,1109,0.387,19,1187.39
2025-06-29,Paid Search,Mobile,582,475,1112,0.419,16,946.73
2025-06-29,Paid Search,Tablet,107,86,225,0.356,3,201.56
2025-06-29,Referral,Desktop,167,132,478,0.42,5,405.33
2025-06-29,Referral,Mobile,219,184,698,0.509,3,175.97
2025-06-29,Referral,Tablet,33,25,60,0.406,1,77.15
2025-06-29,Social,Desktop,417,350,787,0.312,6,362.37
2025-06-29,Social,Mobile,423,331,1029,0.508,3,248.31
2025-06-29,Social,Tablet,75,64,170,0.327,1,85.85
2025-06-30,Direct,Desktop,720,600,2278,0.402,21,1204.22
2025-06-30,Direct,Mobile,920,736,2784,0.52,20,1651.16
2025-06-30,Direct,Tablet,123,95,311,0.331,3,154.86
2025-06-30,Email,Desktop,229,196,487,0.398,10,565.97
2025-06-30,Email,Mobile,337,269,913,0.483,12,1004.29
2025-06-30,Email,Tablet,50,42,136,0.325,2,125.69
2025-06-30,Organic Search,Desktop,964,787,3058,0.307,27,2213.25
2025-06-30,Organic Search,Mobile,1472,1236,3212,0.506,26,1428.6
2025-06-30,Organic Search,Tablet,221,173,429,0.37,4,226.66
2025-06-30,Paid Search,Desktop,676,580,1838,0.381,25,1512.54
2025-06-30,Paid Search,Mobile,748,618,1384,0.468,21,1265.14
2025-06-30,Paid Search,Tablet,124,106,281,0.333,3,195.5
2025-06-30,Referral,Desktop,184,149,397,0.342,5,420.73
2025-06-30,Referral,Mobile,233,181,603,0.518,5,397.44
2025-06-30,Referral,Tablet,36,28,80,0.33,1,75.62
2025-06-30,Social,Desktop,543,415,1710,0.317,8,524.22
2025-06-30,Social,Mobile,603,512,1857,0.473,4,224.07
2025-06-30,Social,Tablet,94,75,210,0.419,1,67.33
